date,router_id,weight_baseline,weight_cycle,weight_ziping,weight_qimen,weight_meihua,weight_liuyao_hash
2025-01-02,hedge_all_v1,0.16666666666666666,0.16666666666666666,0.16666666666666666,0.16666666666666666,0.16666666666666666,0.16666666666666666
2025-01-03,hedge_all_v1,0.17123817062918936,0.1535952704496368,0.17641284612056465,0.16812165117337294,0.16201905788253862,0.16861300374469756
2025-01-06,hedge_all_v1,0.17258720183233436,0.14618550372429637,0.17600042095207927,0.16216931282606437,0.1675689051426157,0.17548865552260984
2025-01-07,hedge_all_v1,0.17177290247358556,0.15005716898330576,0.168744015061606,0.1618009668313803,0.16694151094329981,0.18068343570682252
2025-01-08,hedge_all_v1,0.17345934579716496,0.14456027990150125,0.17007429125095366,0.1607556999130419,0.1709726047516024,0.1801777783857358
2025-01-09,hedge_all_v1,0.17476052750432844,0.14342968212491572,0.17452828888957397,0.16297160607485048,0.16578791506288465,0.17852198034344657
2025-01-10,hedge_all_v1,0.17508949172952099,0.14775827757096516,0.17512318880576508,0.1613719897439813,0.16707848225781577,0.17357856989195167
2025-01-13,hedge_all_v1,0.17641010668338405,0.15166099352482507,0.17794662836613762,0.16270053130256487,0.16116866229564797,0.1701130778274404
2025-01-14,hedge_all_v1,0.17522893714578633,0.1544779398567535,0.17600089518986997,0.16094291209990544,0.16275820503460875,0.17059111067307597
2025-01-15,hedge_all_v1,0.17732011822316557,0.15234002934971663,0.17606081155738368,0.16069265468623847,0.16066379454578517,0.17292259163771057
2025-01-16,hedge_all_v1,0.1766149307980331,0.1553426795137103,0.17655778164964225,0.16363745939638527,0.15884740193491526,0.16899974670731385
2025-01-17,hedge_all_v1,0.1768188745378804,0.15021398590315324,0.17787058232303793,0.16686384883283656,0.16098798979081774,0.16724471861227413
2025-01-20,hedge_all_v1,0.17704366435950908,0.1492954637746495,0.17791249890127678,0.16537835716761823,0.16061485757703214,0.16975515821991413
2025-01-21,hedge_all_v1,0.17827206284793443,0.1498504545257277,0.1771541057360441,0.16703791884773578,0.15878344555073998,0.16890201249181805
2025-01-22,hedge_all_v1,0.17816562457956717,0.15080723446582361,0.1768527197649736,0.16772863635242177,0.161286989588887,0.1651587952483269
2025-01-23,hedge_all_v1,0.1783949168167083,0.1520726802963085,0.17530837820418468,0.1694790768751806,0.16093123478618615,0.1638137130214318
2025-01-24,hedge_all_v1,0.17766649856387828,0.15043281008461243,0.17529476322817786,0.16992807069676136,0.16159056433031724,0.16508729309625284
2025-01-27,hedge_all_v1,0.17866261985488166,0.14850132454510695,0.17508010279750383,0.16889880451900804,0.1639632417924739,0.1648939064910258
2025-02-05,hedge_all_v1,0.17825348619692713,0.15036578808976178,0.17486578689622653,0.16953227955228783,0.1649117907186473,0.16207086854614938
2025-02-06,hedge_all_v1,0.17755186980893048,0.15017139729287587,0.17319883179994638,0.171107233496515,0.1666683117974704,0.16130235580426192
2025-02-07,hedge_all_v1,0.17734388801862935,0.1493097813128362,0.17180445150886062,0.17187331031720307,0.16701010658843835,0.16265846225403235
2025-02-10,hedge_all_v1,0.17617806504476666,0.14885069829326067,0.17304649152761642,0.17138059416582452,0.1669492551365927,0.16359489583193912
2025-02-11,hedge_all_v1,0.1754924721413977,0.1483156588185401,0.1731177804280633,0.17279646998421647,0.1678734116847199,0.16240420694306254
2025-02-12,hedge_all_v1,0.17567030294267666,0.14812177468375434,0.1720305864311954,0.1725235277680572,0.16927618357544874,0.16237762459886765
2025-02-13,hedge_all_v1,0.17552612904852677,0.14892522368010058,0.17213449038145276,0.17162920882904623,0.17077270983495585,0.16101223822591773
2025-02-14,hedge_all_v1,0.1763310759063066,0.1493200371602554,0.17252955313359206,0.1700582054383696,0.17227157845214008,0.15948954990933617
2025-02-17,hedge_all_v1,0.17649872992730672,0.14914402301712668,0.17097509812380549,0.17088660759207472,0.1724755124414313,0.16002002889825515
2025-02-18,hedge_all_v1,0.17630714269865383,0.14988034110917117,0.17119948470783902,0.17080555259607633,0.1718604271861095,0.15994705170215026
2025-02-19,hedge_all_v1,0.17764585614974107,0.1502133788187835,0.17221225458198053,0.1699558286490961,0.16913658758439393,0.16083609421600495
2025-02-20,hedge_all_v1,0.1781235827479904,0.15065129516414147,0.172295098893996,0.16902257921382338,0.168248487634828,0.16165895634522082
2025-02-21,hedge_all_v1,0.17841302785608948,0.15101277080719294,0.171756396714892,0.1689631807390257,0.16746328719424494,0.1623913366885548
2025-02-24,hedge_all_v1,0.17851525171466004,0.15146947067788077,0.17286687839275694,0.16908286924400445,0.16643680901624427,0.16162872095445358
2025-02-25,hedge_all_v1,0.17905728111850167,0.15278316727513547,0.17274107371465672,0.16711107323231386,0.16561137124355893,0.1626960334158334
2025-02-26,hedge_all_v1,0.17938550919321417,0.15402884437511938,0.17233865105786705,0.16631714250209426,0.16631050391346855,0.16161934895823657
2025-02-27,hedge_all_v1,0.17987410722881586,0.15349102730449837,0.1719870351735185,0.16625778511727388,0.16776303951251578,0.1606270056633776
2025-02-28,hedge_all_v1,0.18026864549357827,0.15253440917074598,0.17344861809601905,0.16815847874137146,0.16650805000105273,0.15908179849723258
2025-03-03,hedge_all_v1,0.18049818643169815,0.15347462705662818,0.17339051994023394,0.16758443088376032,0.16589460374733697,0.15915763194034255
2025-03-04,hedge_all_v1,0.1808329895284095,0.15235694127779803,0.1726931702050492,0.16902904668478885,0.16487143389254616,0.16021641841140824
2025-03-05,hedge_all_v1,0.18120359985853535,0.15305559794295429,0.17370658908482203,0.1697687336314846,0.16372940001761874,0.158536079464585
2025-03-06,hedge_all_v1,0.18099136143860622,0.15516047202066682,0.17332246617291894,0.1685311644479617,0.16178035250042136,0.16021418341942498
2025-03-07,hedge_all_v1,0.1813603146195026,0.15584774616648395,0.17189838937650131,0.17030697053239033,0.1603439535654921,0.1602426257396296
2025-03-10,hedge_all_v1,0.18119291728032694,0.1559736327454077,0.1717578903709161,0.17158902774100185,0.15976394616700554,0.15972258569534184
2025-03-11,hedge_all_v1,0.18134020599404943,0.15690267660133925,0.17366442260140016,0.1707418225771214,0.15833485222547644,0.1590160200006133
2025-03-12,hedge_all_v1,0.18149909300739303,0.15711851974277039,0.17259734585530645,0.16964006814244556,0.15973990446437475,0.15940506878770971
2025-03-13,hedge_all_v1,0.1809141342209782,0.1575854720416195,0.17295751749835783,0.16944092241988262,0.15997896546880624,0.15912298835035554
2025-03-14,hedge_all_v1,0.18101656254570045,0.15784733495702163,0.17330157805350696,0.17008987681327756,0.1587828590425248,0.1589617885879687
2025-03-17,hedge_all_v1,0.18101524411216693,0.1572918786612625,0.17240598186587047,0.1710395103135146,0.15837330454901336,0.15987408049817203
2025-03-18,hedge_all_v1,0.18138687503493398,0.1571717400424569,0.1727451970527266,0.1719659607071155,0.15702941719127575,0.15970080997149125
2025-03-19,hedge_all_v1,0.1818350239683151,0.15803770135906975,0.1702608591398868,0.17245750241238295,0.15712591578422277,0.1602829973361225
2025-03-20,hedge_all_v1,0.18301440337349412,0.15704540266393838,0.17099413535406996,0.1732170887286507,0.15563021947331332,0.1600987504065336
2025-03-21,hedge_all_v1,0.18242409928063494,0.15618453838986676,0.1718137247825251,0.17295720086124747,0.15605300464440755,0.16056743204131807
2025-03-24,hedge_all_v1,0.18237913448929155,0.1546544309883213,0.17269546662184046,0.17277802900072278,0.15523667505280203,0.162256263847022
2025-03-25,hedge_all_v1,0.18194955403552918,0.15523168572286647,0.17135971864431357,0.17277588001925356,0.15535964807923963,0.16332351349879765
2025-03-26,hedge_all_v1,0.18174371516003968,0.1550005378191992,0.17180431700432852,0.17385931601365198,0.15424281620422584,0.16334929779855473
2025-03-27,hedge_all_v1,0.18115684642867178,0.15436204389494534,0.172548340238484,0.17441206279138466,0.15397570866451896,0.1635449979819953
2025-03-28,hedge_all_v1,0.18088806399089266,0.15448303887334214,0.17018584363756326,0.17446131268509416,0.15472439573601002,0.1652573450770978
2025-03-31,hedge_all_v1,0.18027263707344687,0.15311738560399452,0.172084795687473,0.17459180766444943,0.15535830967964426,0.16457506429099183
2025-04-01,hedge_all_v1,0.1807791567019967,0.15285624386941568,0.17348970878587364,0.17295265958022205,0.15484643568863465,0.1650757953738572
2025-04-02,hedge_all_v1,0.18078125984263357,0.15459217074293058,0.17279522966973182,0.17404493491494832,0.15373621385192573,0.1640501909778299
2025-04-03,hedge_all_v1,0.18057069050186475,0.15672850784003012,0.17247301553363528,0.1738407236541571,0.15224063152630216,0.16414643094401057
2025-04-07,hedge_all_v1,0.18108184790139983,0.15453350723119555,0.17373874419073293,0.17258780822519737,0.15377499965386537,0.16428309279760897
2025-04-08,hedge_all_v1,0.1809747929849652,0.15528822692439923,0.17551118389287995,0.17152406477351334,0.15249963557722396,0.16420209584701836
2025-04-09,hedge_all_v1,0.1808173620839989,0.155219317391326,0.17598862677661337,0.17145972706266446,0.1529422523988329,0.16357271428656445
2025-04-10,hedge_all_v1,0.1814298055222116,0.15459841178973227,0.1751446359687132,0.17161906219953438,0.15281778946372357,0.1643902950560849
2025-04-11,hedge_all_v1,0.18137927361185163,0.15322036867937028,0.17535967125251412,0.1727944128677035,0.15399289862351506,0.16325337496504552
2025-04-14,hedge_all_v1,0.18178176738890175,0.15329939979885876,0.17606214229352612,0.17220389006160114,0.15396778329786878,0.16268501715924338
2025-04-15,hedge_all_v1,0.18158204352901358,0.15298488596849924,0.17626931994320974,0.17276124388506336,0.15227303351292126,0.16412947316129284
2025-04-16,hedge_all_v1,0.182028730432653,0.1527165815269494,0.17683044559173,0.1717781803239337,0.15237307216570228,0.1642729899590316
2025-04-17,hedge_all_v1,0.1816211922874928,0.15299289316641362,0.1756698958903667,0.17150408444743054,0.15402269346921205,0.16418924073908428
2025-04-18,hedge_all_v1,0.18245403078747838,0.1535362882392626,0.17432691745219542,0.17214444519352173,0.15373948876176743,0.16379882956577452
2025-04-21,hedge_all_v1,0.18277260821825497,0.15345290757948243,0.1742598935266786,0.1711888645659472,0.15338873830019537,0.1649369878094415
2025-04-22,hedge_all_v1,0.1825013683760504,0.1521987328664949,0.17426271531420753,0.17212126506599723,0.15360306264104748,0.1653128557362024
2025-04-23,hedge_all_v1,0.18239959770702438,0.15145945517942885,0.17544748915796624,0.1715499088471379,0.15424336516892326,0.1649001839395192
2025-04-24,hedge_all_v1,0.18214039319459538,0.15205043033230567,0.17392078125376778,0.17203109734876065,0.15423703724309556,0.16562026062747504
2025-04-25,hedge_all_v1,0.18174087604720257,0.15025272220793176,0.17476123687388617,0.17271830725562742,0.1547614161608196,0.16576544145453245
2025-04-28,hedge_all_v1,0.1811838750283166,0.1510656884679471,0.17445296865884086,0.17297455381535431,0.1552559018240166,0.1650670122055246
2025-04-29,hedge_all_v1,0.18086977463584267,0.15243316652770547,0.17391172373426186,0.17306088585489987,0.1552057263390499,0.16451872290824032
2025-04-30,hedge_all_v1,0.18047345296691114,0.1533952275249292,0.1748459608131612,0.17234586120647905,0.1540863575045528,0.1648531399839666
2025-05-06,hedge_all_v1,0.179967589574048,0.15457829250550442,0.17416634130907552,0.17212498798435544,0.1545879276873655,0.16457486093965104
2025-05-07,hedge_all_v1,0.1797313225106759,0.15430374749244455,0.17404344069294997,0.17242660186493847,0.15532583245383674,0.16416905498515433
2025-05-08,hedge_all_v1,0.1797993806567628,0.15362239518243206,0.1730580265641326,0.17268311359521593,0.15632366324327462,0.16451342075818204
2025-05-09,hedge_all_v1,0.18003852028001552,0.15415339562750505,0.17221439560058463,0.17318505705228368,0.15593485047337083,0.16447378096624038
2025-05-12,hedge_all_v1,0.18001731604589732,0.1540491927582029,0.17285539282814602,0.17344808443352672,0.15482771514951288,0.16480229878471422
2025-05-13,hedge_all_v1,0.1798956383183948,0.15358895836512132,0.17318180395370456,0.17397691971589288,0.1551286574547877,0.16422802219209878
2025-05-14,hedge_all_v1,0.18001581636892608,0.15341838992487686,0.1742131545673162,0.1742927636260067,0.15401015508601903,0.16404972042685506
2025-05-15,hedge_all_v1,0.17986759537659344,0.15290809808565994,0.1754111552978749,0.17455345550232215,0.15364120513422136,0.16361849060332814
2025-05-16,hedge_all_v1,0.18016568868064206,0.15350813195372168,0.17526218147444572,0.17540516812395593,0.1519732987576198,0.16368553100961475
2025-05-19,hedge_all_v1,0.17996565988689028,0.15423035045169878,0.17494839218849645,0.17538884006979807,0.1526525791616725,0.16281417824144376
2025-05-20,hedge_all_v1,0.18022004373521824,0.15479734279094118,0.17468222831872093,0.17665506759394248,0.1517510379832285,0.16189427957794864
2025-05-21,hedge_all_v1,0.17998283439189106,0.15557116859563225,0.1751637680266505,0.1757541707462702,0.15192518757744825,0.16160287066210768
2025-05-22,hedge_all_v1,0.17959456607055602,0.1555217754994235,0.17477756804779218,0.1769565954844292,0.15220261317693112,0.16094688172086793
2025-05-23,hedge_all_v1,0.17966861733719197,0.15530986418508397,0.17437511854128646,0.17707197045344372,0.15245830877392155,0.16111612070907239
2025-05-26,hedge_all_v1,0.18005268424427823,0.15528640898449575,0.1736003578586215,0.1781732074152092,0.15203677369102825,0.16085056780636717
2025-05-27,hedge_all_v1,0.17973810681562333,0.1552264883384137,0.17280614424246535,0.1788823915221687,0.15286248655998336,0.1604843825213456
2025-05-28,hedge_all_v1,0.17946994433807553,0.1551286770938189,0.17347654133953488,0.17944438642797533,0.15193477908696584,0.16054567171362943
2025-05-29,hedge_all_v1,0.1789901853795864,0.15486843096027644,0.1738533263600417,0.17957311323952713,0.1524184779829086,0.1602964660776597
2025-05-30,hedge_all_v1,0.1794151761816604,0.15493000993629097,0.17369661057642774,0.18003809598662718,0.15168714721662563,0.1602329601023681
2025-06-03,hedge_all_v1,0.17919140883305937,0.1547349303714975,0.17299345976222028,0.1800562160561539,0.1525228036206807,0.1605011813563883
2025-06-04,hedge_all_v1,0.17877936422913987,0.15508835161889617,0.17378409644747625,0.17852442452592818,0.15295895398128448,0.16086480919727522
2025-06-05,hedge_all_v1,0.17857485599750972,0.15513876439070243,0.17398972551920486,0.17803497177599248,0.1535987720310674,0.16066291028552313
2025-06-06,hedge_all_v1,0.1783199479917087,0.15501742216555608,0.17385428300856332,0.17894345714095036,0.15287741361760404,0.16098747607561756
2025-06-09,hedge_all_v1,0.17839414690523728,0.1545902606669588,0.17266103174260705,0.17867583396068845,0.15373019804820287,0.1619485286763054
2025-06-10,hedge_all_v1,0.17813069141341348,0.15408225508226414,0.17307135771305224,0.17919337874031857,0.15390565832579065,0.1616166587251609
2025-06-11,hedge_all_v1,0.17797777088049252,0.15401855146270685,0.1740091810907692,0.17879494131883644,0.15496940484102847,0.16023015040616637
2025-06-12,hedge_all_v1,0.17798081335281238,0.1537272812396449,0.1746890809399892,0.1788893278476587,0.15477669923122447,0.15993679738867028
2025-06-13,hedge_all_v1,0.177405845130801,0.15331157605922213,0.1751377360594595,0.1790159039959383,0.15587591169129686,0.1592530270632823
2025-06-16,hedge_all_v1,0.17722917040153793,0.1534594668514801,0.17486305341120295,0.17935152095294038,0.1564391376174855,0.15865765076535313
2025-06-17,hedge_all_v1,0.17776821376362326,0.1534270055522538,0.17432025038164986,0.17970196128304722,0.15592953415419775,0.1588530348652281
2025-06-18,hedge_all_v1,0.1780022680744558,0.15373154135597716,0.1732585506607879,0.18008940715489205,0.15571314211589335,0.15920509063799362
2025-06-19,hedge_all_v1,0.17838226859423625,0.15434299313085081,0.17132137565090652,0.17991640940172518,0.1566469800534902,0.15938997316879094
2025-06-20,hedge_all_v1,0.17836298923490176,0.15369782177684055,0.1718994172454096,0.17895519408348798,0.15678976217202925,0.16029481548733074
2025-06-23,hedge_all_v1,0.17827160186062885,0.15301162188600836,0.17272688890937138,0.17855143302955814,0.1559974874805043,0.16144096683392894
2025-06-24,hedge_all_v1,0.17847640956821106,0.15329848908117477,0.1729344085706302,0.17826124605561292,0.15523345205483868,0.1617959946695324
2025-06-25,hedge_all_v1,0.1784559479137358,0.15330171557977038,0.1734828859803221,0.17791448223038048,0.15541856140264482,0.1614264068931464
2025-06-26,hedge_all_v1,0.178584019071272,0.15288002688509467,0.17401077739734544,0.17802400472760221,0.15471203851715815,0.16178913340152745
2025-06-27,hedge_all_v1,0.1777891782394642,0.15322561249988761,0.1743559617393064,0.1774743840865004,0.15490920654270524,0.16224565689213613
2025-06-30,hedge_all_v1,0.17766338992712405,0.15433354776362015,0.17295756458951964,0.17772479743315547,0.1557397415901751,0.16158095869640562
2025-07-01,hedge_all_v1,0.17776864991959923,0.15405581135030835,0.1721835111044532,0.17753793162728787,0.15632081550477508,0.16213328049357623
2025-07-02,hedge_all_v1,0.17755449729003228,0.15364533263991811,0.1725725971496911,0.17715404064222046,0.15686177905237422,0.16221175322576398
2025-07-03,hedge_all_v1,0.1780396336121312,0.15479100080545058,0.17181924181065197,0.1771904494403405,0.15645566946443146,0.1617040048669943
2025-07-04,hedge_all_v1,0.17798188892098485,0.15561302532715257,0.17184812800577176,0.176321150091744,0.1559414682032633,0.1622943394510835
2025-07-07,hedge_all_v1,0.17772557613806667,0.1556692448352891,0.17224278355502937,0.1756512811159904,0.15642849976838583,0.16228261458723864
2025-07-08,hedge_all_v1,0.17718453298793344,0.15643659576775945,0.17304859474298798,0.1752940929736503,0.15631583802037832,0.1617203455072905
2025-07-09,hedge_all_v1,0.17723474082731808,0.15758964500050554,0.1720707476209031,0.17632672362131252,0.15530201707077268,0.16147612585918808
2025-07-10,hedge_all_v1,0.1773759269201174,0.15589951339837552,0.17225797755899516,0.17728685877041636,0.15565885035289853,0.16152087299919704
2025-07-11,hedge_all_v1,0.17709802347060194,0.15665937453272194,0.17135055524506349,0.17706059976953042,0.15685617122978618,0.16097527575229612
2025-07-14,hedge_all_v1,0.17697920195770803,0.15720884002605756,0.17127021384104954,0.17750204323361876,0.15615292991944174,0.16088677102212443
2025-07-15,hedge_all_v1,0.17708479412389025,0.1577961370266723,0.1713017694624418,0.17739068878580333,0.15535019995023228,0.16107641065096004
2025-07-16,hedge_all_v1,0.17737088223995717,0.15756364377685808,0.17109372850604987,0.17631919722221,0.15520457008483435,0.16244797817009052
2025-07-17,hedge_all_v1,0.17759252810604076,0.15665492338023362,0.17232730725761022,0.1759840363168657,0.1548074329727363,0.16263377196651327
2025-07-18,hedge_all_v1,0.17703941161316794,0.15797790361353217,0.17325069416213976,0.17553197545587715,0.1541586559712793,0.16204135918400378
2025-07-21,hedge_all_v1,0.17683268680594616,0.15860467694600444,0.17207661258356294,0.1760934819866759,0.15450179893849425,0.16189074273931625
2025-07-22,hedge_all_v1,0.1768020903205041,0.16008824479510989,0.17201724230377402,0.17561521238021865,0.1536556323922396,0.16182157780815376
2025-07-23,hedge_all_v1,0.17646127961496713,0.16120641391658197,0.17211446158665342,0.1752190736747559,0.15353486006366696,0.16146391114337458
2025-07-24,hedge_all_v1,0.17613986412010593,0.16163431044309334,0.17252343255679659,0.17455328065807246,0.15365102796358027,0.16149808425835147
2025-07-25,hedge_all_v1,0.1759807205559737,0.16234789043103373,0.17218430537336765,0.17416269301797266,0.1540262233421771,0.16129816727947519
2025-07-28,hedge_all_v1,0.1760722708563403,0.16129818311312313,0.1720861360827606,0.1743091003440323,0.15492046622251254,0.16131384338123117
2025-07-29,hedge_all_v1,0.17639184151469162,0.1617859228742845,0.17142666429895317,0.17310324364791707,0.15537762972259506,0.1619146979415585
2025-07-30,hedge_all_v1,0.17604298770845356,0.16194704676622373,0.17103713689353792,0.1733407697053224,0.15545716459949793,0.1621748943269643
2025-07-31,hedge_all_v1,0.1759601553755524,0.16227091611044273,0.17048592278120978,0.17340031509718537,0.15584321433753362,0.16203947629807613
2025-08-01,hedge_all_v1,0.17645027812329106,0.16165784610079198,0.17067264742380914,0.17427087619243467,0.15549622683271686,0.16145212532695627
2025-08-04,hedge_all_v1,0.17698664486027318,0.16080432040300416,0.17054491156941226,0.17394738173534918,0.1551125810599747,0.16260416037198658
2025-08-05,hedge_all_v1,0.17693791895146327,0.1616175111607072,0.17089206398403378,0.1732596530604666,0.15483713246414482,0.16245572037918438
2025-08-06,hedge_all_v1,0.17702483207089448,0.16246285739736072,0.17005695805490137,0.1728824769632995,0.15491916272869688,0.16265371278484697
2025-08-07,hedge_all_v1,0.17642101542305208,0.16320301914658386,0.1708436003047188,0.17222970810127364,0.15474112200105292,0.16256153502331874
2025-08-08,hedge_all_v1,0.1767172806377873,0.16454857914635873,0.17011012665146338,0.17238056968485432,0.15396361582768514,0.1622798280518511
2025-08-11,hedge_all_v1,0.1766303357464752,0.16490721970758795,0.1698406150939365,0.17288472012873637,0.15406827176131452,0.1616688375619495
2025-08-12,hedge_all_v1,0.17641741341306924,0.16504428523202855,0.17064478058292865,0.17233829851932356,0.15426752258297913,0.16128769966967088
2025-08-13,hedge_all_v1,0.17640251262395767,0.16466804196582208,0.1712235818240673,0.17274370127087352,0.153763477323416,0.1611986849918634
2025-08-14,hedge_all_v1,0.17672211581402553,0.164271327365173,0.17176173921863971,0.17313839686084725,0.15316661303015552,0.160939807711159
2025-08-15,hedge_all_v1,0.1766696861012561,0.16459165975125,0.17157479865585798,0.17353629432460901,0.1527780464620418,0.1608495147049851
2025-08-18,hedge_all_v1,0.17673267724039318,0.164101618607122,0.17151882447293443,0.1731842801151977,0.15329263707826968,0.16116996248608295
2025-08-19,hedge_all_v1,0.17699206881553628,0.16424021538911313,0.17212741573042528,0.1728336290230766,0.1528792452483613,0.16092742579348746
2025-08-20,hedge_all_v1,0.1769200133185051,0.16382654377396041,0.17239129845083453,0.17282602607676956,0.15362929668134248,0.16040682169858803
2025-08-21,hedge_all_v1,0.17692341313422336,0.16435733769853478,0.17247189182535577,0.1731936807356354,0.15289870546872933,0.16015497113752136
2025-08-22,hedge_all_v1,0.17660722725376668,0.16441817406231485,0.17319459687006925,0.1730591045463357,0.15282487385968266,0.1598960234078309
2025-08-25,hedge_all_v1,0.17644543358605277,0.16467945798880237,0.1734030711556673,0.1725134292606712,0.15307751105928652,0.15988109694951988
2025-08-26,hedge_all_v1,0.1764152855689107,0.16455813185820392,0.17326570451953482,0.17203271096432463,0.1532133953049099,0.16051477178411602
2025-08-27,hedge_all_v1,0.17661616024111645,0.165037856772886,0.1726357713325089,0.17157393503427795,0.15289355368303448,0.1612427229361763
2025-08-28,hedge_all_v1,0.17636146090099158,0.16512482406671106,0.1728318819575126,0.17184408120198555,0.1521365636418579,0.16170118823094107
2025-08-29,hedge_all_v1,0.17609996946469264,0.16431954374186242,0.1727304525173004,0.17244924606685239,0.15255549396018808,0.16184529424910404
2025-09-01,hedge_all_v1,0.17611664554346979,0.16414034025043164,0.17249431704879667,0.17250228962449204,0.15316961812257876,0.16157678941023115
2025-09-02,hedge_all_v1,0.17570285390911605,0.16484756861796168,0.17247898981969856,0.1726959610355437,0.15259351761153145,0.16168110900614852
2025-09-03,hedge_all_v1,0.17608008321245502,0.16440837831210134,0.17263190970026326,0.17264163827554546,0.15291264102454347,0.16132534947509147
2025-09-04,hedge_all_v1,0.17644315980031933,0.16425017548420923,0.1728650472652595,0.17238744758898658,0.1528636865932843,0.1611904832679412
2025-09-05,hedge_all_v1,0.1764287421973455,0.1636746889821972,0.17296289849933913,0.17202168431647874,0.15371367767108052,0.16119830833355894
2025-09-08,hedge_all_v1,0.17591072034287994,0.16431173121764786,0.17311969257231635,0.17202170709295803,0.1530981071755414,0.16153804159865642
2025-09-09,hedge_all_v1,0.1762019211850834,0.16379926378140905,0.17181338028833518,0.1725350761117704,0.15370014267670493,0.16195021595669698
2025-09-10,hedge_all_v1,0.17600879165814734,0.16428354093647896,0.17085933645354406,0.17273373281383375,0.1540550123078323,0.16205958583016364
2025-09-11,hedge_all_v1,0.17620124725536035,0.16362106477613203,0.17154009135707168,0.17268259820060597,0.15333258743677497,0.162622410974055
2025-09-12,hedge_all_v1,0.1760848465878541,0.1625614725362892,0.1724406170161487,0.1730550178354227,0.15354078229830226,0.16231726372598299
2025-09-15,hedge_all_v1,0.1758228190418751,0.16352657430189266,0.172074009378747,0.17381190075078717,0.15281719472324812,0.16194750180344986
2025-09-16,hedge_all_v1,0.175775529571136,0.1638364128131343,0.1714808725150314,0.17331881004894012,0.15345979200950993,0.1621285830422483
2025-09-17,hedge_all_v1,0.17629234668378974,0.16340171638574072,0.1715656308123202,0.17354206427702115,0.1531737530978935,0.16202448874323463
2025-09-18,hedge_all_v1,0.17628475738131572,0.1629866454178908,0.17218089524096417,0.17324290861974007,0.15239173049413546,0.16291306284595375
2025-09-19,hedge_all_v1,0.17595360982684838,0.16319467251807288,0.17316618568397285,0.1732438030432056,0.15193920313480563,0.16250252579309465
2025-09-22,hedge_all_v1,0.17623821395431122,0.16359235256580473,0.172668196014144,0.1734292363724243,0.15175549178615336,0.16231650930716235
2025-09-23,hedge_all_v1,0.17653799142236393,0.16363834066367705,0.17307425907250515,0.17325303339721407,0.15128469570494174,0.16221167973929812
2025-09-24,hedge_all_v1,0.1765138181097583,0.16398216111160455,0.17356157039179476,0.17317678945045115,0.15109884576083865,0.16166681517555256
2025-09-25,hedge_all_v1,0.17649132937738468,0.16354939648731615,0.17380537501519266,0.1729601250910474,0.1514683118646803,0.16172546216437872
2025-09-26,hedge_all_v1,0.17664830865294098,0.16406435006436043,0.1735563801635275,0.17306660845817734,0.15119907429666649,0.16146527836432725
2025-09-29,hedge_all_v1,0.1763487424584502,0.16452037681151985,0.17343432474702705,0.17405857160444277,0.15026803162547545,0.16136995275308474
2025-09-30,hedge_all_v1,0.17642360344743915,0.16393251112277357,0.1731852737585177,0.17387209300085887,0.1508884976830925,0.16169802098731825
2025-10-09,hedge_all_v1,0.1765006215678958,0.16342385198888043,0.17371314611680458,0.17465127279915074,0.15072476859555353,0.16098633893171485
2025-10-10,hedge_all_v1,0.17637928333048558,0.16380783740229524,0.17385650685342927,0.1747736561371454,0.14974647544339603,0.16143624083324845
2025-10-13,hedge_all_v1,0.17664069052915096,0.16328742431986293,0.1738285033018277,0.17504721713118174,0.1496644980589099,0.1615316666590668
2025-10-14,hedge_all_v1,0.17688173696188744,0.16341430310836746,0.1736309854209606,0.1750528883025217,0.14934631339867388,0.16167377280758904
2025-10-15,hedge_all_v1,0.17675829493193887,0.16372826898577109,0.17316689922544468,0.17490413402414495,0.14992342580681167,0.16151897702588872
2025-10-16,hedge_all_v1,0.176826245863522,0.16373751220697783,0.17351041362576852,0.174685914474935,0.1492828627293172,0.16195705109947953
2025-10-17,hedge_all_v1,0.1768487473115289,0.163805429583261,0.17321195676336368,0.1752189239606531,0.14856850009804454,0.1623464422831488
2025-10-20,hedge_all_v1,0.17685090387969973,0.16343429839459087,0.17323346572479334,0.1759191359815248,0.14840110165379947,0.16216109436559192
2025-10-21,hedge_all_v1,0.1765365406906979,0.16387186291936517,0.1731740746084816,0.17599829047580953,0.14864251468156403,0.1617767166240817
2025-10-22,hedge_all_v1,0.17635954896290598,0.1646078289537246,0.1730767356198303,0.1755500493716353,0.14864235650529772,0.161763480586606
2025-10-23,hedge_all_v1,0.17652398835392524,0.16390479157276472,0.1727628408556535,0.17562444521662868,0.1484436952052819,0.16274023879574614
2025-10-24,hedge_all_v1,0.17625407304049262,0.16447972911575767,0.17258581906350384,0.17513613000866393,0.14863151599069535,0.16291273278088658
2025-10-27,hedge_all_v1,0.1760886507385912,0.16451627102584618,0.17273912588094123,0.1748311774220094,0.14905225658577087,0.1627725183468411
2025-10-28,hedge_all_v1,0.17605289726722576,0.16419881273327522,0.17266884696517787,0.17435523393624275,0.14954759360997977,0.1631766154880987
2025-10-29,hedge_all_v1,0.17580765728119407,0.1639513010268918,0.1732979325752354,0.17402688451415882,0.14957721993408207,0.16333900466843795
2025-10-30,hedge_all_v1,0.17575391930540607,0.16420211253590317,0.17347514163740668,0.1742347405050538,0.14952040231108527,0.162813683705145
2025-10-31,hedge_all_v1,0.17587245542382474,0.16441848293547992,0.17313572492672238,0.17406115040578135,0.1493265700941421,0.16318561621404956
2025-11-03,hedge_all_v1,0.17589979116296878,0.16329531803123132,0.17309873497241507,0.1743496270091416,0.15019429909332735,0.16316222973091596
2025-11-04,hedge_all_v1,0.17585265155949475,0.16313027932555374,0.17321342491781316,0.17452714570101974,0.14968003318663736,0.16359646530948116
2025-11-05,hedge_all_v1,0.17599708521946794,0.16217530346678657,0.17324506715589386,0.17485842146882477,0.14942364643541073,0.1643004762536162
2025-11-06,hedge_all_v1,0.1758251379751569,0.16277320209778665,0.17271894772704818,0.17511631320507814,0.1488307802054211,0.1647356187895089
2025-11-07,hedge_all_v1,0.1755654272695022,0.163639795896985,0.17225718183256575,0.17515014264662684,0.1478338977247489,0.16555355462957133
2025-11-10,hedge_all_v1,0.17548849655107904,0.1628643560681232,0.1731832031066259,0.1753408204238875,0.1474862315178389,0.16563689233244555
2025-11-11,hedge_all_v1,0.17565191364068197,0.1623185147088855,0.1731894762347175,0.17508839313144484,0.1480065031153241,0.1657451991689461
2025-11-12,hedge_all_v1,0.17539093304303213,0.16316065747038097,0.17196478990394212,0.17491742817032602,0.14842645048379952,0.1661397409285192
2025-11-13,hedge_all_v1,0.17509023744800611,0.1642184228311172,0.1713238545534578,0.174204476242747,0.14884147790805002,0.16632153101662184
2025-11-14,hedge_all_v1,0.1754247336532835,0.16356192849441042,0.17166909875101088,0.17454117192184454,0.14843545269952307,0.1663676144799276
2025-11-17,hedge_all_v1,0.17539536190745764,0.16379361041424717,0.17175160611697515,0.17461186412279647,0.14823751596750076,0.16621004147102272
2025-11-18,hedge_all_v1,0.17532388750300587,0.16422941014932035,0.17210084984352755,0.17502524666204927,0.14752388831471244,0.16579671752738454
2025-11-19,hedge_all_v1,0.1752957420403699,0.16466163935170872,0.17196410784890478,0.1750656774652856,0.14688086255839947,0.16613197073533145
2025-11-20,hedge_all_v1,0.17509252629782177,0.1644972140357182,0.17226475029349847,0.17523124043256114,0.14638798544881665,0.1665262834915837
2025-11-21,hedge_all_v1,0.17500939881838906,0.16451754250374653,0.17232609141350966,0.1754056867350079,0.14601478509396495,0.16672649543538182
2025-11-24,hedge_all_v1,0.17530240952072743,0.16487485247058323,0.17159316059372312,0.1756245488872327,0.14586826716347837,0.16673676136425514
2025-11-25,hedge_all_v1,0.17524202045766996,0.1646729381718691,0.17153135009357023,0.17580189840174404,0.14552540583322604,0.1672263870419207
2025-11-26,hedge_all_v1,0.17503989578274431,0.16403529597479682,0.17120895189322063,0.17653012723944198,0.1458824493764735,0.16730327973332276
2025-11-27,hedge_all_v1,0.1749454287873251,0.16445308266605488,0.1705876845911491,0.1768521242877861,0.1460126096119249,0.16714907005575994
2025-11-28,hedge_all_v1,0.17507237339319773,0.16385001105171385,0.17032360428566526,0.17704262328125944,0.14610336963763362,0.16760801835053019
2025-12-01,hedge_all_v1,0.17487319024451586,0.16325338241097487,0.17044130975126595,0.17725428713261168,0.14619348291831466,0.16798434754231698
2025-12-02,hedge_all_v1,0.17463780189042985,0.16258074851623527,0.17111280066871273,0.17668049178371814,0.1469618665577234,0.1680262905831807
2025-12-03,hedge_all_v1,0.1746828052996408,0.16320338090057743,0.17080494568021853,0.17588056872272964,0.14748556409010252,0.1679427353067312
2025-12-04,hedge_all_v1,0.17476414787586705,0.16391082616080518,0.17083307491174193,0.17562048325711827,0.1472485562782567,0.16762291151621098
2025-12-05,hedge_all_v1,0.17466424993167642,0.1636052364663428,0.1707050246184775,0.17566350182031254,0.14754245430894594,0.1678195328542447
2025-12-08,hedge_all_v1,0.1747506157333397,0.16367083722700815,0.1706104526874511,0.17626978331690712,0.14688240029203967,0.16781591074325428
2025-12-09,hedge_all_v1,0.17508220635947558,0.16333421199433762,0.17065104169528025,0.17627911887641337,0.1470269024886676,0.16762651858582558
2025-12-10,hedge_all_v1,0.17509436244589102,0.1637436879036366,0.17080071177008882,0.1762535306049762,0.1465992612740484,0.16750844600135883
2025-12-11,hedge_all_v1,0.17479528543025363,0.16410880436074,0.1708900758668931,0.17596379177151508,0.1468983695660099,0.16734367300458836
2025-12-12,hedge_all_v1,0.1745391983110979,0.16490502547492425,0.17013999277064834,0.17629685943965143,0.14722375361799803,0.1668951703856801
2025-12-15,hedge_all_v1,0.1748288567924939,0.16421516203466002,0.1712825360990755,0.1760724419448588,0.14684673132183204,0.16675427180707983
2025-12-16,hedge_all_v1,0.17449206103739578,0.16490651940466725,0.1708165030109208,0.17723386531171104,0.14618063276568535,0.16637041846961978
2025-12-17,hedge_all_v1,0.174591154528841,0.16574807597113891,0.170830398191287,0.17669532684854622,0.14567925533976905,0.16645578912041778
2025-12-18,hedge_all_v1,0.17462216616452236,0.16497912585140134,0.17064688678006806,0.1769094432625387,0.1462036399850994,0.16663873795637013
2025-12-19,hedge_all_v1,0.1747082103769368,0.16488412802085067,0.17049589892503447,0.17692514043364285,0.14594553383673525,0.16704108840679982
2025-12-22,hedge_all_v1,0.17457661131054222,0.16445638082009534,0.17030258815622848,0.1774387898333193,0.14634592104993194,0.16687970882988265
2025-12-23,hedge_all_v1,0.1743626944433407,0.1643891536463721,0.17068287890664002,0.17719580784247424,0.14664675112967004,0.16672271403150302
2025-12-24,hedge_all_v1,0.17468005747608012,0.16448649501052912,0.16966292201284933,0.17719145374874395,0.14662857404113372,0.16735049771066365
2025-12-25,hedge_all_v1,0.17449125202523358,0.1640007108660079,0.16970659733139093,0.17740363591836245,0.14698084055777455,0.16741696330123063
2025-12-26,hedge_all_v1,0.17441583479303846,0.16390150678643006,0.16967889705529648,0.1781300087383268,0.14671022207966108,0.16716353054724706
2025-12-29,hedge_all_v1,0.17448906621161625,0.16336122907973322,0.16980572631772595,0.17790978090668513,0.14676976600437963,0.16766443147985977
2025-12-30,hedge_all_v1,0.17443055689862277,0.16308373235923954,0.16986696860619024,0.17844393178963094,0.14658972015069624,0.16758509019562032
2025-12-31,hedge_all_v1,0.17474546097601407,0.16276439783513752,0.16964237122336362,0.1789938830548233,0.14572510279035228,0.1681287841203092
2026-01-05,hedge_all_v1,0.1747151918348989,0.1628772127688237,0.16991649678210002,0.17965715085260728,0.14524354234239895,0.1675904054191711
2026-01-06,hedge_all_v1,0.17457036855157063,0.16339198736110622,0.16995416670409239,0.17904368297065917,0.14545033409211924,0.1675894603204523
2026-01-07,hedge_all_v1,0.17473806893572202,0.16332780693656954,0.16959088449335122,0.17861894300572664,0.14549408930468374,0.16823020732394675
2026-01-08,hedge_all_v1,0.17464507051035072,0.16309926187098353,0.1697419642402273,0.17864779639555997,0.14575116744085312,0.1681147395420253
2026-01-09,hedge_all_v1,0.17442422867879745,0.16319827210466872,0.17009130112732257,0.17829328503071706,0.14609055898892695,0.16790235406956738
2026-01-12,hedge_all_v1,0.17463667113008738,0.162823295467487,0.17028609646511222,0.17811053351544925,0.14575846298909653,0.1683849404327676
2026-01-13,hedge_all_v1,0.1749323581321586,0.16266388493536096,0.16967213343764453,0.1780649477300366,0.14625992378695235,0.16840675197784696
2026-01-14,hedge_all_v1,0.17491220698841722,0.1622414102808068,0.1698319150360533,0.17892379866004413,0.1458297214109543,0.1682609476237242
2026-01-15,hedge_all_v1,0.17482173648621516,0.1625413675238543,0.17065122826839718,0.17880425980812517,0.14515269084426305,0.16802871706914518
2026-01-16,hedge_all_v1,0.17486657893768479,0.16247053647175777,0.17109457616981635,0.17886241753931398,0.1446217632551149,0.16808412762631222
2026-01-19,hedge_all_v1,0.17459710478086965,0.16225951736677832,0.1714795228170958,0.17863746232403915,0.14470123185195813,0.16832516085925905
2026-01-20,hedge_all_v1,0.17429757146165578,0.16218357768759753,0.1712509212354694,0.17863730400690409,0.14490113013599842,0.16872949547237479
2026-01-21,hedge_all_v1,0.1745716803205108,0.1621615931284514,0.17187594681241275,0.17871906036070923,0.14455297857097615,0.16811874080693964
2026-01-22,hedge_all_v1,0.17457204045757302,0.16226096417841185,0.17154457048592003,0.17891837436053856,0.14428655131216478,0.16841749920539179
2026-01-23,hedge_all_v1,0.1747024361172364,0.1625036301031515,0.1706387334443351,0.1787841571382865,0.14487254318351186,0.16849850001347863
2026-01-26,hedge_all_v1,0.17469244662541364,0.16259754499912968,0.17044401047552524,0.17897283463822414,0.14470773383374422,0.16858542942796312
2026-01-27,hedge_all_v1,0.1745802957564782,0.16288658923008445,0.1709472795064015,0.1782386987131129,0.1453633253580615,0.16798381143586147
2026-01-28,hedge_all_v1,0.17456320732212185,0.1627507959542236,0.17076307874302019,0.17819199421355272,0.14523747111511748,0.1684934526519643
2026-01-29,hedge_all_v1,0.17426820914156815,0.16262812756881087,0.17004013696296735,0.17862959713081292,0.14580275493484066,0.168631174261
2026-01-30,hedge_all_v1,0.17431268207627493,0.16271129921683736,0.17013709991909506,0.1787799634472548,0.14540633449930596,0.16865262084123187
2026-02-02,hedge_all_v1,0.17433769372711122,0.1630704440388692,0.17042973871459233,0.1784540208479078,0.14508307783167823,0.16862502483984132
2026-02-03,hedge_all_v1,0.17439068024884113,0.16308057497743123,0.17027431541989244,0.17829867474019967,0.14487747792898684,0.16907827668464873
2026-02-04,hedge_all_v1,0.17468756615339942,0.1632408056255065,0.16989491404628623,0.1781505015604203,0.1453740968553433,0.1686521157590442
2026-02-05,hedge_all_v1,0.17463665514459634,0.16333306004765383,0.17049020996517938,0.17804479759147274,0.14520445012860234,0.1682908271224954
2026-02-06,hedge_all_v1,0.17497319761652033,0.1630550542353962,0.17079708035104807,0.17757063165503864,0.1451159774479276,0.1684880586940692
2026-02-09,hedge_all_v1,0.17496089910348034,0.16253210181464425,0.17042816232032576,0.1774220481555073,0.14567094433067468,0.16898584427536767
2026-02-10,hedge_all_v1,0.17505271151620003,0.1625512521137369,0.17017284737575364,0.17774945994853336,0.1458430452933495,0.16863068375242654
2026-02-11,hedge_all_v1,0.17498098060865958,0.16263630168330928,0.1703041962695651,0.17753165131475415,0.1460349150726729,0.1685119550510391
2026-02-12,hedge_all_v1,0.17505959744548177,0.16247590291733277,0.17000990212215814,0.17735663298749382,0.14640670958287003,0.1686912549446635
2026-02-13,hedge_all_v1,0.1749540161847267,0.1626286710877648,0.1701825904272998,0.17730071729302155,0.14681221402325717,0.16812179098393
2026-02-24,hedge_all_v1,0.17553378115532023,0.16305856256479176,0.16948834208496721,0.1772127450847178,0.14676662789257522,0.1679399412176278
2026-02-25,hedge_all_v1,0.17551323486991427,0.16260020908962836,0.17000630761850122,0.17742621598577615,0.14684457535815046,0.16760945707802957
2026-02-26,hedge_all_v1,0.17547362060899804,0.1623372349234535,0.17007207107986058,0.17726465191120636,0.14708683890286917,0.16776558257361232
2026-02-27,hedge_all_v1,0.17546815120034726,0.16236276584014436,0.16976062622580765,0.17763782264775063,0.14675012969101484,0.16802050439493532
2026-03-02,hedge_all_v1,0.17523931173153945,0.16201636694820346,0.1699239418498627,0.17756077807970366,0.14700051377021758,0.1682590876204732
2026-03-03,hedge_all_v1,0.17500367608609552,0.16218664000468663,0.1697136743889703,0.17731795912643522,0.14725219891780789,0.16852585147600435
2026-03-04,hedge_all_v1,0.1747613849934255,0.1619022464167573,0.16989673854387322,0.17755045644767062,0.14721640104982206,0.16867277254845114
2026-03-05,hedge_all_v1,0.17498443222605617,0.16140704979173656,0.16985051721293762,0.17727206924684183,0.14738966827470928,0.16909626324771848
2026-03-06,hedge_all_v1,0.17474765880316112,0.1616913305141671,0.17067180851483105,0.17660843028097714,0.14745748408102616,0.16882328780583747
2026-03-09,hedge_all_v1,0.1747093774305377,0.161903356793469,0.17147003409911493,0.1760337106430621,0.14675457079022086,0.1691289502435953
2026-03-10,hedge_all_v1,0.17447951846388607,0.16190157789033904,0.1715808329580642,0.1753554132873172,0.14697894182212184,0.16970371557827174
2026-03-11,hedge_all_v1,0.17437003322123032,0.16127118961943848,0.17160887654466914,0.1756190617739886,0.14715318073737496,0.1699776581032984
2026-03-12,hedge_all_v1,0.17449423424971344,0.16089305361590547,0.17171486489997922,0.17534782415097233,0.14689765963576695,0.17065236344766263
2026-03-13,hedge_all_v1,0.17449163526194852,0.16160665517576805,0.17108381193519837,0.1750764295079455,0.1474339833686392,0.17030748475050045
2026-03-16,hedge_all_v1,0.17448831647982832,0.1620385864014458,0.17080311572899848,0.175057093287028,0.1471678756229049,0.1704450124797945
2026-03-17,hedge_all_v1,0.17491565345905025,0.16229414333059358,0.17002149544775919,0.17464873824931956,0.14710118453998428,0.17101878497329315
2026-03-18,hedge_all_v1,0.17485391861849012,0.16184909409737921,0.16960512127908528,0.1750591538339225,0.14754454641456036,0.1710881657565625
2026-03-19,hedge_all_v1,0.17484503002494944,0.16220258529912074,0.1699432452866797,0.17550926487176624,0.14698518015497528,0.17051469436250857
2026-03-20,hedge_all_v1,0.1749581577625188,0.16194385443764708,0.17038920128077928,0.17523020192006886,0.14674205094662457,0.17073653365236136
2026-03-23,hedge_all_v1,0.17506576845675154,0.1617832897980058,0.17025569740660662,0.17494901272903915,0.1469421624989598,0.17100406911063698
2026-03-24,hedge_all_v1,0.17519225676108527,0.1614505298199233,0.17007518896652205,0.17540233593870047,0.14760491886892302,0.1702747696448459
2026-03-25,hedge_all_v1,0.17513474460044876,0.16174378177706278,0.17042791298021448,0.1754752874323069,0.14705670426800757,0.1701615689419595
2026-03-26,hedge_all_v1,0.1750269918409092,0.16149167825322655,0.17104927046138885,0.17515986725859692,0.14711061682069554,0.17016157536518292
2026-03-27,hedge_all_v1,0.1752516342010444,0.16166884977334098,0.17040917666993916,0.1746088636498609,0.14704077479845148,0.17102070090736307
2026-03-30,hedge_all_v1,0.1749717022343185,0.16139718262198113,0.17048407816248262,0.17476122208199413,0.14711738214132944,0.1712684327578941
2026-03-31,hedge_all_v1,0.17488063630336215,0.16165353353543188,0.1705772591258529,0.1746906284993682,0.14675357790170862,0.1714443646342762
2026-04-01,hedge_all_v1,0.17500461949202983,0.1617509760973107,0.17076641888825236,0.17459925652954147,0.14638081170682096,0.17149791728604472
2026-04-02,hedge_all_v1,0.17469941634315028,0.16214690402807125,0.17109813692203255,0.17426871232176025,0.14593790957274586,0.17184892081223974
2026-04-03,hedge_all_v1,0.17482127124868171,0.16173490646016273,0.17099496703640002,0.1744910449876616,0.14604488961632012,0.17191292065077382
2026-04-07,hedge_all_v1,0.17526557778947177,0.16111163537378798,0.17087752601607567,0.17468101934826805,0.14617186870915003,0.17189237276324654
2026-04-08,hedge_all_v1,0.17528495242450534,0.16129620179738657,0.17119234302283387,0.17507941747752825,0.1457601055223361,0.17138697975540995
2026-04-09,hedge_all_v1,0.17506278031107797,0.16148982953293417,0.17135859207364848,0.17488789111749092,0.1458624028757513,0.17133850408909726
2026-04-10,hedge_all_v1,0.17499000558814373,0.16159983395731667,0.17127606757854621,0.174500858499213,0.14611619228053827,0.1715170420962421
2026-04-13,hedge_all_v1,0.17518449483805856,0.16138532894874166,0.1720970152539853,0.17406408754269903,0.14567687641593985,0.17159219700057562
2026-04-14,hedge_all_v1,0.17498448566623567,0.16113458360774965,0.17255930131884695,0.17444915031989122,0.14539750983021638,0.17147496925706013
2026-04-15,hedge_all_v1,0.17467746761255104,0.16065183478364872,0.1726919113949751,0.17488677620661983,0.14549850079450558,0.17159350920769972
2026-04-16,hedge_all_v1,0.17493009169910173,0.16090897732601223,0.17326331282640467,0.1745155801911657,0.14519329918322665,0.1711887387740891
2026-04-17,hedge_all_v1,0.17503075583141559,0.16097147688476393,0.17343688664610535,0.1746991847768463,0.14470263717522,0.17115905868564885
2026-04-20,hedge_all_v1,0.1751592725225068,0.16057149684105124,0.173093697985392,0.17474693912141503,0.14491092121822288,0.17151767231141213
2026-04-21,hedge_all_v1,0.17500497816339197,0.16079938068582755,0.17350922340158265,0.17509217089821597,0.1442571703113096,0.1713370765396723
2026-04-22,hedge_all_v1,0.17519834229826722,0.16058974922031397,0.17449565648302282,0.17492674423563892,0.14390971397753263,0.17087979378522455
2026-04-23,hedge_all_v1,0.17552030983187636,0.16018806696471705,0.17426799203913867,0.17478429036625895,0.14429763587453712,0.17094170492347177
2026-04-24,hedge_all_v1,0.1754313372735996,0.16084074053571226,0.1735832838010858,0.17488728636303733,0.14394194356700113,0.17131540845956394
2026-04-27,hedge_all_v1,0.17532448300111492,0.1616323177216536,0.1729974846563134,0.17460210624725772,0.14348977430144577,0.17195383407221462
2026-04-28,hedge_all_v1,0.17543022711934733,0.16118409125751332,0.17334393845537238,0.1747265516500825,0.14335293220318132,0.1719622593145033
2026-04-29,hedge_all_v1,0.17545012741326738,0.1619224149602718,0.17295199615620457,0.17475456383747393,0.14287238278539505,0.17204851484738728
2026-04-30,hedge_all_v1,0.17558613596015107,0.1620373000284295,0.17344323857432478,0.17421114427598933,0.14283138602126244,0.17189079513984276
2026-05-06,hedge_all_v1,0.17553285304407643,0.16158045606874535,0.17395700951646795,0.17394955235832393,0.1427997816737457,0.17218034733864068
2026-05-07,hedge_all_v1,0.1758255936167153,0.1622995825892256,0.17316008108227418,0.17362934118652157,0.1432849792571178,0.17180042226814568
2026-05-08,hedge_all_v1,0.17580576084751237,0.16283823972656872,0.17255265153667976,0.17396151571660579,0.14293947010720656,0.17190236206542678
2026-05-11,hedge_all_v1,0.1757580390453284,0.1622760904623981,0.17285483220310965,0.1737920070593625,0.14350226107938888,0.17181677015041247
2026-05-12,hedge_all_v1,0.1758122219104887,0.16224898640802954,0.172657153013523,0.1737603049240761,0.14346887194117025,0.17205246180271244
2026-05-13,hedge_all_v1,0.17577319948093081,0.16191113013841676,0.17359072386605418,0.17375415615205336,0.14303334018804953,0.1719374501744953
2026-05-14,hedge_all_v1,0.17576722583288906,0.16262352948390055,0.17327562831533497,0.17413329850064713,0.14260727366537598,0.17159304420185245
2026-05-15,hedge_all_v1,0.17589279305308236,0.16230947649133765,0.17338745310162557,0.17362966096272342,0.14320944576219075,0.1715711706290403
2026-05-18,hedge_all_v1,0.17588127195595255,0.16135587753982564,0.17341826142721686,0.17401221332173875,0.14374485653532357,0.17158751921994264
2026-05-19,hedge_all_v1,0.17591682894506724,0.16020019441577318,0.17377098218244483,0.17389757070952672,0.14426519797032222,0.1719492257768657
2026-05-20,hedge_all_v1,0.17583595787303125,0.1609226543111672,0.17359742110725485,0.17370375254330273,0.1437115889074988,0.17222862525774513
2026-05-21,hedge_all_v1,0.1760777499863991,0.16014487431247046,0.1739672977647015,0.17337893438602284,0.14441526652274914,0.17201587702765708
2026-05-22,hedge_all_v1,0.17611791392465453,0.15945260296849523,0.17421361539030045,0.17388579929780842,0.1443354414462331,0.17199462697250825
2026-05-25,hedge_all_v1,0.17622250703825884,0.16014108144589873,0.17354667891716133,0.17362087263945064,0.14463791016579503,0.17183094979343544
2026-05-26,hedge_all_v1,0.17605724290773286,0.16038558837292885,0.17325112538314796,0.17334445946719867,0.1449045292227465,0.17205705464624504
2026-05-27,hedge_all_v1,0.17575405730072938,0.15975784609959193,0.1739808861913288,0.17379285986060894,0.1449189577664989,0.17179539278124206
2026-05-28,hedge_all_v1,0.17565122815037762,0.15913351425661185,0.17427407468925657,0.17380933174107116,0.14438572430310181,0.172746126859581
2026-05-29,hedge_all_v1,0.1756065207901606,0.1596611111403006,0.173932156315167,0.17378063597403492,0.14417881187542794,0.17284076390490885
2026-06-01,hedge_all_v1,0.17557622098571343,0.15891682960800863,0.1739897098844002,0.17438816075659724,0.1441481187587829,0.1729809600064977
2026-06-02,hedge_all_v1,0.17539640262450196,0.1585313982809304,0.17464243153762488,0.17421496636899667,0.1441148994615706,0.1730999017263755
2026-06-03,hedge_all_v1,0.1752768322953915,0.15925409117005618,0.17433884586857798,0.1737731400172913,0.1447799642604005,0.1725771263882826
2026-06-04,hedge_all_v1,0.17510965837919773,0.15980607861959703,0.1742169221513119,0.1741112744002387,0.1442458753753468,0.1725101910743079
2026-06-05,hedge_all_v1,0.17522100085994538,0.15929210846384734,0.17446347153229014,0.17447619947392473,0.1440901260609277,0.17245709360906472
2026-06-08,hedge_all_v1,0.1750620231663449,0.15798771475267337,0.1753160994603091,0.17480350801616906,0.14429946191715645,0.17253119268734698
2026-06-09,hedge_all_v1,0.1750453459968693,0.15788309003710005,0.17568836217666142,0.17506800722484395,0.14395930324949263,0.17235589131503276
2026-06-10,hedge_all_v1,0.17502344377943185,0.1577672785151569,0.17625394105043313,0.17448977792521403,0.14384228563511367,0.17262327309465053
2026-06-11,hedge_all_v1,0.1751607504491494,0.15800509304641389,0.17575536459728056,0.17464457448150258,0.14364240857606522,0.1727918088495884
2026-06-12,hedge_all_v1,0.17502637895695625,0.15827720060631076,0.17574721593397968,0.17460896868074455,0.14390760272022463,0.17243263310178417
2026-06-15,hedge_all_v1,0.17511790288452095,0.15811919528784585,0.1760416788428044,0.17461730075494028,0.1434690648571113,0.17263485737277726
2026-06-16,hedge_all_v1,0.17533270687465471,0.15825325364260304,0.17571891768579279,0.1749651148147939,0.1432115266922866,0.172518480289869
2026-06-17,hedge_all_v1,0.17530169897610026,0.1581144388127149,0.17514124959283142,0.17513604274874525,0.14368490152101349,0.17262166834859471
2026-06-18,hedge_all_v1,0.17527140289367396,0.15809431330079554,0.17535747535904536,0.17561600077875128,0.14314720231044115,0.17251360535729265
2026-06-22,hedge_all_v1,0.17515612746518608,0.15761638998259037,0.17574475097243206,0.17563143251929791,0.14294643399511914,0.17290486506537447
2026-06-23,hedge_all_v1,0.1751157812418566,0.1571805383322369,0.1758811164895304,0.17539833574503902,0.14330728653190475,0.1731169416594324
2026-06-24,hedge_all_v1,0.17515615266386558,0.1574717321682278,0.17578901967866553,0.17512035247239113,0.14359045462050465,0.17287228839634544
2026-06-25,hedge_all_v1,0.17526124242040106,0.1571531875761612,0.17644977254685287,0.17471053703950676,0.14406736409655926,0.17235789632051896
2026-06-26,hedge_all_v1,0.1753583245251139,0.15705543164266655,0.17670342039919396,0.1746066876365833,0.14398590787386106,0.17229022792258125
2026-06-29,hedge_all_v1,0.1753804606737803,0.15731069442062892,0.17636646136114817,0.17469865608889013,0.1439901521353624,0.17225357532019012
2026-06-30,hedge_all_v1,0.1754493460287709,0.15719280560834686,0.17698089095493025,0.17458058959733969,0.14392888987249727,0.17186747793811505
2026-07-01,hedge_all_v1,0.17528526950491477,0.15684302754509244,0.1773282400015549,0.17407896713711832,0.14452329316245996,0.17194120264885962
2026-07-02,hedge_all_v1,0.17554552376341703,0.15643432993180112,0.17749858878813182,0.1743493247449462,0.14433836997585586,0.17183386279584797
2026-07-03,hedge_all_v1,0.17550231789847048,0.1565256558639336,0.17722502314730537,0.17460394461301673,0.14406745935048162,0.17207559912679202
2026-07-06,hedge_all_v1,0.1756360448877386,0.15642597341675052,0.17752834560987446,0.17432196832865315,0.14387044179823313,0.17221722595875028
2026-07-07,hedge_all_v1,0.1756545583560854,0.15635540180308719,0.17711074322894857,0.17465986997569666,0.14358678701161032,0.17263263962457193
2026-07-08,hedge_all_v1,0.17569053635397622,0.15642093582877836,0.17683386573052262,0.17491548396822787,0.14371176022333335,0.1724274178951616
2026-07-09,hedge_all_v1,0.17568277597262255,0.1564801884435921,0.1768342621849126,0.17520712180853026,0.14340096525320584,0.17239468633713662
2026-07-10,hedge_all_v1,0.17563553357138337,0.15642391275830175,0.1770286658213151,0.17501632886129947,0.14286062255589763,0.1730349364318026
2026-07-13,hedge_all_v1,0.1757674792974953,0.15685752894215435,0.17649556452587284,0.17441507724154875,0.14345183035691578,0.17301251963601288
2026-07-14,hedge_all_v1,0.17599274960422215,0.15736619293471976,0.17643377772145497,0.17408990401640084,0.14338465710547343,0.17273271861772885
2026-07-15,hedge_all_v1,0.17599392896058114,0.1574303771616968,0.17666772716471107,0.17407495269908893,0.1429163362815082,0.17291667773241381
2026-07-16,hedge_all_v1,0.17593146621092443,0.1572735161011915,0.1762634309046809,0.17428213959556224,0.14331507184539094,0.1729343753422499
2026-07-17,hedge_all_v1,0.17590843491846367,0.15716040626501324,0.17630282586167104,0.1744973683810196,0.14319940272519963,0.17293156184863298
2026-07-20,hedge_all_v1,0.17599102489827628,0.1570915675168785,0.17636776596137535,0.17461104200792513,0.14302837751744774,0.172910222098097
2026-07-21,hedge_all_v1,0.17585138826588848,0.1573399470090914,0.1764369986456659,0.1745610794181816,0.1432560226424604,0.17255456401871228
2026-07-22,hedge_all_v1,0.1758293940929053,0.1577349674636572,0.17637117507728262,0.174919442691829,0.1430001223971658,0.1721448982771602
2026-07-23,hedge_all_v1,0.17563621544140803,0.15792799767937687,0.17639411086026124,0.17497262429501068,0.14325278741192776,0.17181626431201544
2026-07-24,hedge_all_v1,0.17579703423726722,0.15775193954976932,0.17696270824591703,0.17400145272659442,0.14321551312996395,0.1722713521104881
2026-07-27,hedge_all_v1,0.17595838093714877,0.15799793611122495,0.17685229591414675,0.17375849940437318,0.14335360430431376,0.17207928332879263
2026-07-28,hedge_all_v1,0.17593457865285236,0.1578376725975421,0.17690387856096115,0.17417430671486753,0.1432010503340677,0.1719485131397092
2026-07-29,hedge_all_v1,0.17595960580659406,0.15810119283766355,0.17693677063523403,0.1745790857556925,0.1424268740227075,0.1719964709421084
2026-07-30,hedge_all_v1,0.17602415401704036,0.1575985580253131,0.1772228394892997,0.17487385532758679,0.14208068099698412,0.17219991214377595
2026-07-31,hedge_all_v1,0.17603699817774718,0.1580991498893898,0.1766838029460254,0.17522503203766215,0.14188697153421345,0.172068045414962
2026-08-03,hedge_all_v1,0.17622716205878086,0.15773588400147678,0.17682427564017955,0.17511923073909758,0.14172494277544942,0.17236850478501578
2026-08-04,hedge_all_v1,0.17614156987815827,0.15805004927872593,0.17647630028658481,0.17519414989567134,0.14135489264183695,0.17278303801902273
2026-08-05,hedge_all_v1,0.17612344740283417,0.15832413158192576,0.17676469378947926,0.1751455563812833,0.14125364676513047,0.17238852407934704
2026-08-06,hedge_all_v1,0.17610117719756127,0.15848380805026252,0.1767213311478174,0.17490792873002278,0.14156175648249222,0.17222399839184382
2026-08-07,hedge_all_v1,0.17612148648705445,0.1588527978153455,0.1767907841122513,0.1748149844618039,0.14113827072865376,0.17228167639489117
2026-08-10,hedge_all_v1,0.17633220224950147,0.15916933152886129,0.17712032033097383,0.1739633973950004,0.14086591495028214,0.1725488335453808
2026-08-11,hedge_all_v1,0.17631066519802546,0.15904116734926532,0.17712769750588214,0.17365611569241182,0.14106749611433064,0.17279685814008452
2026-08-12,hedge_all_v1,0.1764411082442317,0.15904468066203567,0.17672567553601012,0.17373783742974983,0.14087639206192898,0.17317430606604373
2026-08-13,hedge_all_v1,0.17622982811078108,0.15862360244225077,0.1767218885798062,0.1740015727284685,0.14110336693878267,0.17331974119991084
2026-08-14,hedge_all_v1,0.17612149880115413,0.15854703555077415,0.17635582709582254,0.17425212476884896,0.14140072347024832,0.17332279031315184
2026-08-17,hedge_all_v1,0.17619361695466504,0.15854727562759888,0.17624994747581035,0.17429023694558107,0.14157880544755086,0.17314011754879377
2025-01-02,hedge_traditional_v1,0.2,0.2,0.2,0.2,0.2,
2025-01-03,hedge_traditional_v1,0.20566226631172616,0.1855234925371903,0.21154792464821362,0.202113079282178,0.1951532372206919,
2025-01-06,hedge_traditional_v1,0.2088443051159576,0.17843714311307982,0.2127567894237304,0.19687716948540127,0.20308459286183075,
2025-01-07,hedge_traditional_v1,0.20914958725111857,0.18400330681176955,0.20565268103869744,0.1976243212085859,0.2035701036898286,
2025-01-08,hedge_traditional_v1,0.21098275566794417,0.17751422421105217,0.20707852881371344,0.19630948046911434,0.20811501083817596,
2025-01-09,hedge_traditional_v1,0.21208001790081335,0.1758644533828338,0.2118128998859204,0.19849653783932208,0.20174609099111035,
2025-01-10,hedge_traditional_v1,0.21124791881953278,0.17986011883017394,0.21128645065117502,0.19552917200809777,0.20207633969102043,
2025-01-13,hedge_traditional_v1,0.2119140957182783,0.18362845177719986,0.21366303131269956,0.19627313764612989,0.19452128354569231,
2025-01-14,hedge_traditional_v1,0.21067889977150797,0.18695685824931976,0.211558441136631,0.19436434124397756,0.19644145959856377,
2025-01-15,hedge_traditional_v1,0.21363482370819437,0.18500060273131863,0.21219660956241201,0.19460054411291994,0.19456741988515508,
2025-01-16,hedge_traditional_v1,0.21187410354559597,0.1876087420842677,0.21180912632111035,0.19709007275591311,0.19161795529311293,
2025-01-17,hedge_traditional_v1,0.21168763248115957,0.18137480226554645,0.21288077376258518,0.2003751556548777,0.19368163583583098,
2025-01-20,hedge_traditional_v1,0.21255168683720907,0.18084165927934961,0.2135401555434614,0.1992550353879261,0.1938114629520537,
2025-01-21,hedge_traditional_v1,0.2137415724713009,0.18130265846499466,0.2124710001070018,0.2009544284729475,0.19153034048375508,
2025-01-22,hedge_traditional_v1,0.21270984384957975,0.18162193281322908,0.21122398354753216,0.2008817644876082,0.19356247530205078,
2025-01-23,hedge_traditional_v1,0.2126425146993913,0.1827851288689234,0.20915405242369764,0.20255686378603838,0.1928614402219493,
2025-01-24,hedge_traditional_v1,0.2121270392494357,0.18117916298882142,0.20944227536426663,0.2033602204768006,0.1938913019206757,
2025-01-27,hedge_traditional_v1,0.2132097084004267,0.17893646325124613,0.20915567021561893,0.20215055650400987,0.19654760162869844,
2025-02-05,hedge_traditional_v1,0.21206428750636083,0.18048398913303632,0.20824265770929007,0.2022181073937232,0.19699095825758955,
2025-02-06,hedge_traditional_v1,0.21108865275755434,0.18010545685524884,0.20618059328603555,0.20382002848963768,0.1988052686115236,
2025-02-07,hedge_traditional_v1,0.21117872260741458,0.17940153858478433,0.20492188439640696,0.20499972499097652,0.19949812942041772,
2025-02-10,hedge_traditional_v1,0.21008565337510518,0.1790686801546306,0.20654480526058827,0.2046598261352507,0.19964103507442527,
2025-02-11,hedge_traditional_v1,0.2090295927234283,0.1782188841396716,0.2063479063110984,0.20598491054335638,0.20041870628244532,
2025-02-12,hedge_traditional_v1,0.20922404803642858,0.17799272319721438,0.20511335759218516,0.20567034874545947,0.20199952242871239,
2025-02-13,hedge_traditional_v1,0.20873752415435848,0.17863055187407625,0.20491292224813726,0.20434280328858812,0.2033761984348399,
2025-02-14,hedge_traditional_v1,0.20928471818714972,0.17877188355112886,0.20500603738676043,0.2022218558196593,0.20471550505530167,
2025-02-17,hedge_traditional_v1,0.20959884321011862,0.1786791752210361,0.2033768702833525,0.20327710748218256,0.20506800380331008,
2025-02-18,hedge_traditional_v1,0.20936463512320364,0.17949919293424535,0.2036117672946467,0.20316770368200648,0.20435670096589784,
2025-02-19,hedge_traditional_v1,0.21108276916361743,0.1800578223508954,0.20495879463068306,0.20241272574565045,0.20148788810915372,
2025-02-20,hedge_traditional_v1,0.21181719010809555,0.18072291037861601,0.205242610137075,0.20154610769424278,0.20067118168197062,
2025-02-21,hedge_traditional_v1,0.21231874814936286,0.18128358576990788,0.20480351899863253,0.2016455215041169,0.19994862557797982,
2025-02-24,hedge_traditional_v1,0.21225081984658067,0.18164634630319912,0.2058805541942676,0.20160686282093296,0.19861541683501963,
2025-02-25,hedge_traditional_v1,0.21311754121937668,0.18335936015305318,0.20598595930740413,0.1996176878425889,0.19791945147757703,
2025-02-26,hedge_traditional_v1,0.21322661167688253,0.18454988816597032,0.2052796977346344,0.19847565537926184,0.19846814704325097,
2025-02-27,hedge_traditional_v1,0.213538272061797,0.18373369965588035,0.2046539335864145,0.19818695160905997,0.19988714308684807,
2025-02-28,hedge_traditional_v1,0.2136114018511047,0.18233177982916657,0.20594445613724585,0.199986555560674,0.19812580662180895,
2025-03-03,hedge_traditional_v1,0.21388662437329153,0.1834117404112647,0.20589586849865288,0.19935572200075533,0.19745004471603553,
2025-03-04,hedge_traditional_v1,0.2145202720208198,0.18236461102413495,0.20535761805624608,0.201225759340906,0.19653173955789327,
2025-03-05,hedge_traditional_v1,0.21453036706351683,0.18281063745916035,0.20610898443971207,0.20167803470809556,0.1948719763295152,
2025-03-06,hedge_traditional_v1,0.21469609307540546,0.18554155465135042,0.20606463697115376,0.20066187345964334,0.19303584184244688,
2025-03-07,hedge_traditional_v1,0.21511792021078716,0.18632648381756362,0.20446634917194612,0.20267187527545003,0.19141737152425298,
2025-03-10,hedge_traditional_v1,0.21480397097525122,0.18636001525147416,0.20418841173333713,0.20399814784894424,0.19064945419099324,
2025-03-11,hedge_traditional_v1,0.21479901802208126,0.18726330961563437,0.20617230493622649,0.20288243960852945,0.1888829278175284,
2025-03-12,hedge_traditional_v1,0.2150700989785146,0.18758831860768335,0.20505987189532307,0.2017284361138935,0.19055327440458553,
2025-03-13,hedge_traditional_v1,0.21434393236398291,0.18805597520592834,0.20539912697431528,0.20143898252225456,0.1907619829335188,
2025-03-14,hedge_traditional_v1,0.21442088302999443,0.18831870364535233,0.2057498329539257,0.20213422828353061,0.1893763520871969,
2025-03-17,hedge_traditional_v1,0.21464070237888871,0.18788429565614345,0.204953272908597,0.20341337993428146,0.1891083491220894,
2025-03-18,hedge_traditional_v1,0.21501818453028393,0.1877132430420168,0.20529711499604145,0.20441931701668267,0.1875521404149751,
2025-03-19,hedge_traditional_v1,0.21566242569707875,0.18881656631512458,0.20263009778316424,0.2051069506066654,0.18778395959796704,
2025-03-20,hedge_traditional_v1,0.21694664482834822,0.1876570692819891,0.2034184059663254,0.20592387944434312,0.18605400047899415,
2025-03-21,hedge_traditional_v1,0.21639769624475125,0.1867806612304045,0.20445034666913395,0.20573972097220258,0.1866315748835077,
2025-03-24,hedge_traditional_v1,0.21676297840954642,0.18540163213034147,0.20583951028822844,0.20593277596320197,0.1860631032086817,
2025-03-25,hedge_traditional_v1,0.2165389207496511,0.18628099086096062,0.2045757837473824,0.2061777818455655,0.18642652279644037,
2025-03-26,hedge_traditional_v1,0.21631481161259547,0.18602502948786462,0.2050864497844796,0.20741066651838788,0.1851630425966724,
2025-03-27,hedge_traditional_v1,0.21570143821921156,0.18534053062572392,0.2059746090972176,0.20808255438406575,0.1849008676737812,
2025-03-28,hedge_traditional_v1,0.21581501404074593,0.18583720952279784,0.20369430842985853,0.208541094829344,0.18611237317725363,
2025-03-31,hedge_traditional_v1,0.21495341361717857,0.18413795078418774,0.20568928546707302,0.2085282395957031,0.18669111053585763,
2025-04-01,hedge_traditional_v1,0.21564936093594467,0.18394570712985409,0.20739933138138147,0.20679080399816602,0.18621479655465378,
2025-04-02,hedge_traditional_v1,0.21540043970201272,0.1857083268314491,0.20637163692976057,0.20778593603544138,0.18473366050133616,
2025-04-03,hedge_traditional_v1,0.2151854330441974,0.18815964266275578,0.20602871528661898,0.20757684577169305,0.1830493632347349,
2025-04-07,hedge_traditional_v1,0.2157969329144527,0.18569064336774183,0.20749434027919786,0.20619137357650144,0.18482670986210606,
2025-04-08,hedge_traditional_v1,0.21565738947328225,0.18653393007318755,0.20948193160647555,0.20496900827926082,0.18335774056779391,
2025-04-09,hedge_traditional_v1,0.21532557079901443,0.18632220967859497,0.2098718631069824,0.20474969197468285,0.18373066444072542,
2025-04-10,hedge_traditional_v1,0.21621796843236415,0.18578866458582702,0.20911246131318273,0.20512092520795916,0.18375998046066688,
2025-04-11,hedge_traditional_v1,0.2158831705110288,0.18398206789743526,0.20908680107363606,0.20618684080676944,0.18486111971113045,
2025-04-14,hedge_traditional_v1,0.21619854638221783,0.18395405185631922,0.2097460456195422,0.2053872537060549,0.1847141024358659,
2025-04-15,hedge_traditional_v1,0.21632959296664836,0.18389912860046412,0.21032625554096193,0.2063569884254424,0.18308803446648333,
2025-04-16,hedge_traditional_v1,0.21686990333035253,0.18362390594864827,0.2109957698171111,0.2052779902862875,0.18323243061760064,
2025-04-17,hedge_traditional_v1,0.21638566032615583,0.18391833481658273,0.20965981766807565,0.20494477175903741,0.1850914154301483,
2025-04-18,hedge_traditional_v1,0.21722982561542895,0.1844557522923707,0.20804834636273356,0.2055789634566713,0.1846871122727957,
2025-04-21,hedge_traditional_v1,0.2178708614867379,0.18459938248630517,0.2082416603931796,0.2047618749316283,0.18452622070214897,
2025-04-22,hedge_traditional_v1,0.21765850248033644,0.18324837423642776,0.20833491410624735,0.20590772945158903,0.1848504797253994,
2025-04-23,hedge_traditional_v1,0.21744217818113226,0.1823197448747404,0.20957947687470396,0.20516430256979287,0.18549429749963056,
2025-04-24,hedge_traditional_v1,0.21732520913189704,0.18314213365889648,0.20801901003302606,0.20587630848141147,0.18563733869476912,
2025-04-25,hedge_traditional_v1,0.21691125937678965,0.1811209278000847,0.20900809267292936,0.20669175539623805,0.18626796475395824,
2025-04-28,hedge_traditional_v1,0.21610745261814443,0.18190337989222177,0.2084910861216088,0.2068161466554845,0.1866819347125405,
2025-04-29,hedge_traditional_v1,0.2156159468042612,0.18334761322936374,0.2077465410491912,0.20678314555617702,0.18650675336100683,
2025-04-30,hedge_traditional_v1,0.2152496416374212,0.184514011348114,0.20888317030500622,0.20605135178713882,0.1853018249223198,
2025-05-06,hedge_traditional_v1,0.21460731357086935,0.1858014577650135,0.2080452768053184,0.20573351776569115,0.18581243409310763,
2025-05-07,hedge_traditional_v1,0.21424103989913929,0.1854028011850727,0.207809875241774,0.20597976087605252,0.18656652279796146,
2025-05-08,hedge_traditional_v1,0.21440117293208483,0.18469851954686783,0.20677486749937884,0.20635028868322056,0.18777515133844802,
2025-05-09,hedge_traditional_v1,0.21466164653399747,0.1852950858840584,0.20581003302064435,0.20690928767612976,0.18732394688517,
2025-05-12,hedge_traditional_v1,0.21471920394539185,0.18524670305838645,0.20661442743144356,0.20728580201136235,0.1861338635534158,
2025-05-13,hedge_traditional_v1,0.21444238013593878,0.18460224536666867,0.20684984721367097,0.20774981831489533,0.18635570896882628,
2025-05-14,hedge_traditional_v1,0.2145368479673098,0.18437244442077086,0.20797712541714963,0.20806719728971163,0.18504638490505818,
2025-05-15,hedge_traditional_v1,0.21426629886286408,0.1837027635795517,0.20923164380730871,0.2082618971622674,0.18453739658800808,
2025-05-16,hedge_traditional_v1,0.21462106706434772,0.1844015749248752,0.20908098787585813,0.2092426505755863,0.18265371955933266,
2025-05-19,hedge_traditional_v1,0.2141817485818726,0.18503928409050208,0.20851835638450153,0.20901586154073065,0.1832447494023932,
2025-05-20,hedge_traditional_v1,0.21424693285480628,0.18549196117061145,0.20800240623729063,0.21022817972644545,0.18203052001084608,
2025-05-21,hedge_traditional_v1,0.21390766341970288,0.18630796414011114,0.20847563600375754,0.2091415504615573,0.18216718597487114,
2025-05-22,hedge_traditional_v1,0.21331201198374863,0.18611380214611553,0.2078857230783032,0.21034132569759023,0.18234713709424247,
2025-05-23,hedge_traditional_v1,0.2134360096950353,0.18590884490779983,0.2074715219093288,0.2105113834039477,0.18267224008388833,
2025-05-26,hedge_traditional_v1,0.21380556027071612,0.1858276190339018,0.20653706478663864,0.2116897707220049,0.18213998518673855,
2025-05-27,hedge_traditional_v1,0.21336227618342346,0.18568200097515578,0.20555545432393163,0.212399427319272,0.18300084119821713,
2025-05-28,hedge_traditional_v1,0.21307703042334783,0.18558544972963412,0.2063271071381247,0.2130482717319329,0.1819621409769604,
2025-05-29,hedge_traditional_v1,0.2124769017625169,0.18523783445752115,0.20669319605345177,0.21313268101719246,0.18245938670931774,
2025-05-30,hedge_traditional_v1,0.21294128068391266,0.18529568756363746,0.20650328635046264,0.21364191393359544,0.1816178314683918,
2025-06-03,hedge_traditional_v1,0.21275268912540804,0.18512948233240056,0.20577196968830838,0.213725704676955,0.18262015417692806,
2025-06-04,hedge_traditional_v1,0.21237405233246084,0.18560454200815477,0.20674597438196993,0.21208701724691187,0.18318841403050262,
2025-06-05,hedge_traditional_v1,0.2120942130790227,0.18561832547768423,0.206929439265075,0.211486441010286,0.18387158116793215,
2025-06-06,hedge_traditional_v1,0.21188631254416654,0.1855499489975943,0.20685393864265764,0.2125884197736841,0.18312138004189746,
2025-06-09,hedge_traditional_v1,0.2121990961480132,0.18526545940534966,0.2057303597821608,0.21251664399675974,0.18428844066771655,
2025-06-10,hedge_traditional_v1,0.2118232832335976,0.18461973204812407,0.2061170322853436,0.21302076845144718,0.18441918398148768,
2025-06-11,hedge_traditional_v1,0.21131861437347102,0.1842576257984492,0.20685012894611496,0.2122380681318216,0.18533556275014323,
2025-06-12,hedge_traditional_v1,0.21125299526001592,0.18386726475907597,0.2075482137043728,0.21227487785049468,0.18505664842604058,
2025-06-13,hedge_traditional_v1,0.21044309648829232,0.18325401998134022,0.20789231286905363,0.21225278208915918,0.18615778857215454,
2025-06-16,hedge_traditional_v1,0.21010276371280007,0.18329793273236653,0.20744337283304207,0.212486595654458,0.18666933506733324,
2025-06-17,hedge_traditional_v1,0.21075565011995784,0.18330231531584526,0.20687944715023562,0.21292784704941112,0.18613474036455027,
2025-06-18,hedge_traditional_v1,0.21110229620576892,0.1837199377684838,0.20576663099673323,0.2134475161480487,0.18596361888096535,
2025-06-19,hedge_traditional_v1,0.2115714991152858,0.18444912827380097,0.2036260667885711,0.21329563178025138,0.18705767404209075,
2025-06-20,hedge_traditional_v1,0.21176582338475244,0.18390588948045675,0.20448572577786867,0.21243214319271872,0.18741041816420342,
2025-06-23,hedge_traditional_v1,0.2119385585293404,0.1833660451977562,0.2056859571886676,0.21225384356471247,0.18675559551952323,
2025-06-24,hedge_traditional_v1,0.2122548986667518,0.18376593996871346,0.20600321817983383,0.21201237369171116,0.18596356949298978,
2025-06-25,hedge_traditional_v1,0.21214293794162065,0.18369262994956778,0.2065358440282979,0.21153283909441783,0.18609574898609585,
2025-06-26,hedge_traditional_v1,0.21237589748553437,0.18329023294303312,0.20721794780946481,0.21174465727393957,0.1853712644880281,
2025-06-27,hedge_traditional_v1,0.2115877322919973,0.1837765220189702,0.20771333528950894,0.2112326498676571,0.18568976053186642,
2025-06-30,hedge_traditional_v1,0.21128443855409582,0.1848944539358016,0.20597674506750308,0.2113536510268917,0.18649071141570775,
2025-07-01,hedge_traditional_v1,0.21153459312387163,0.18469391763958085,0.20523057120094945,0.2112743853643879,0.1872665326712102,
2025-07-02,hedge_traditional_v1,0.21131151782642327,0.18424356664857514,0.20568803811165495,0.21085979725889806,0.1878970801544485,
2025-07-03,hedge_traditional_v1,0.21173633311773649,0.18543821070241365,0.2047186329933955,0.21077906842373006,0.18732775476272429,
2025-07-04,hedge_traditional_v1,0.21181167871797274,0.18649505934617197,0.20488709322212229,0.20993807008753518,0.18686809862619785,
2025-07-07,hedge_traditional_v1,0.21151881434571393,0.1865556010175047,0.20532936772656274,0.2091783620937312,0.1874178548164875,
2025-07-08,hedge_traditional_v1,0.21077352249698908,0.18730710962587044,0.20610769726131467,0.20864159770122473,0.18717007291460117,
2025-07-09,hedge_traditional_v1,0.21077220328172064,0.18856349909769388,0.20494740035246017,0.2097486415534022,0.185968255714723,
2025-07-10,hedge_traditional_v1,0.21094387881753499,0.18665739195278847,0.20517095195765717,0.21084348715719306,0.18638429011482638,
2025-07-11,hedge_traditional_v1,0.21049847036648298,0.18740186592102315,0.20401837593892974,0.21045631220893163,0.18762497556463248,
2025-07-14,hedge_traditional_v1,0.21034393777840127,0.1880062802557752,0.20390766913543085,0.21093283758589085,0.1868092752445017,
2025-07-15,hedge_traditional_v1,0.2105082542493647,0.18871255004379767,0.20398724545759378,0.2108528718322453,0.1859390784169985,
2025-07-16,hedge_traditional_v1,0.21115753552879304,0.18874128596381165,0.20406844302222932,0.2099707435460108,0.1860619919391552,
2025-07-17,hedge_traditional_v1,0.21145351476535285,0.18775022606054492,0.2055072557562941,0.20963795984862663,0.18565104356918133,
2025-07-18,hedge_traditional_v1,0.210687327605623,0.18912521087107223,0.2064116743150596,0.20898673018226246,0.18478905702598272,
2025-07-21,hedge_traditional_v1,0.21041727196007987,0.18980301412190395,0.2050497646095055,0.20958353629801613,0.18514641301049453,
2025-07-22,hedge_traditional_v1,0.2103659405851541,0.19146993217272756,0.20496631933983384,0.20902728863025197,0.1841705192720325,
2025-07-23,hedge_traditional_v1,0.20989583102752277,0.1926584734746287,0.20499234537581087,0.20849519498159108,0.1839581551404467,
2025-07-24,hedge_traditional_v1,0.20954083049793368,0.19314988801035005,0.2054611790227702,0.20775156955178012,0.18409653291716596,
2025-07-25,hedge_traditional_v1,0.2093129897485266,0.1939131172203423,0.20503097082092328,0.20726302490346935,0.18447989730673847,
2025-07-28,hedge_traditional_v1,0.20941954576779095,0.19272770424539246,0.2049234629967322,0.2074314751437995,0.18549781184628494,
2025-07-29,hedge_traditional_v1,0.20992112085376843,0.1934102280968465,0.20431668295979313,0.20621005623347702,0.18614191185611478,
2025-07-30,hedge_traditional_v1,0.20958893206416002,0.19364942439866775,0.20393630284875042,0.2065386338613622,0.18628670682705958,
2025-07-31,hedge_traditional_v1,0.20946273774127022,0.19398613217485694,0.20328158265478644,0.20657359886277665,0.1866959485663098,
2025-08-01,hedge_traditional_v1,0.20987754552432936,0.19316434473922306,0.2033587659147234,0.20741990179479974,0.18617944202692446,
2025-08-04,hedge_traditional_v1,0.21075754004253155,0.19244908820832396,0.20348040072437376,0.20732588099570934,0.18598709002906133,
2025-08-05,hedge_traditional_v1,0.21066677480976564,0.19333851192325266,0.2038383222740881,0.20651386007410014,0.18564253091879343,
2025-08-06,hedge_traditional_v1,0.21081137589218968,0.1943397064606473,0.20293892463728486,0.20613324880803763,0.18577674420184057,
2025-08-07,hedge_traditional_v1,0.2101073411934765,0.19515786062902174,0.2038067156238006,0.20537354697344637,0.1855545355802549,
2025-08-08,hedge_traditional_v1,0.2103751663444914,0.19662028207575888,0.20291314059640977,0.2054790253173596,0.18461238566598034,
2025-08-11,hedge_traditional_v1,0.21013170368941117,0.19689020906942448,0.20246837761767278,0.2059060970894664,0.18460361253402527,
2025-08-12,hedge_traditional_v1,0.20980080128808168,0.19696004265877942,0.2032888332585818,0.20520042597138494,0.1847498968231721,
2025-08-13,hedge_traditional_v1,0.20976378802190898,0.1965155325503463,0.203922622371311,0.2056380657588898,0.1841599912975438,
2025-08-14,hedge_traditional_v1,0.21006377115769362,0.19601063205070304,0.20447143013122523,0.20602431313446457,0.1834298535259136,
2025-08-15,hedge_traditional_v1,0.20998372703682958,0.1963532536444813,0.20424010514733437,0.20645239968385312,0.18297051448750176,
2025-08-18,hedge_traditional_v1,0.21013016066298698,0.19586950050293672,0.2042503192085746,0.20612951264943152,0.1836205069760701,
2025-08-19,hedge_traditional_v1,0.21036544663508544,0.19597318164546643,0.2048816104865008,0.20567820919610116,0.18310155203684617,
2025-08-20,hedge_traditional_v1,0.210159993761066,0.19538979096108,0.2050580196541263,0.20554807748566972,0.18384411813805804,
2025-08-21,hedge_traditional_v1,0.21010492720144233,0.19593480365843693,0.20509138665290136,0.2059047585266478,0.18296412396057157,
2025-08-22,hedge_traditional_v1,0.2096878374816329,0.19594634597587554,0.2058457085459218,0.20569308262203687,0.1828270253745329,
2025-08-25,hedge_traditional_v1,0.20950167272078668,0.1962376155630512,0.20607650349183967,0.20507433099275948,0.18310987723156288,
2025-08-26,hedge_traditional_v1,0.20961725918636587,0.19624056114130473,0.20606876058104845,0.20467868459976543,0.18339473449151558,
2025-08-27,hedge_traditional_v1,0.21001609254912657,0.19694460401126174,0.20552757904219185,0.20432928316493515,0.18318244123248462,
2025-08-28,hedge_traditional_v1,0.20983861801542258,0.19714591278964402,0.20585635008474057,0.20474110071769488,0.1824180183924979,
2025-08-29,hedge_traditional_v1,0.2095775568130513,0.19626625969493527,0.20577505984387745,0.20545754440832395,0.18292357923981212,
2025-09-01,hedge_traditional_v1,0.20953203082018143,0.19600321068357676,0.2054453560761417,0.2054543555459415,0.18356504687415864,
2025-09-02,hedge_traditional_v1,0.20909038775691216,0.19682702074708255,0.20545258885106482,0.20569752931482008,0.18293247333012033,
2025-09-03,hedge_traditional_v1,0.20943157264255938,0.19625104274613853,0.20554253694824165,0.20555351503103916,0.18322133263202123,
2025-09-04,hedge_traditional_v1,0.2098091744568491,0.1960424751915836,0.2057745552883799,0.20523569381071352,0.18313810125247382,
2025-09-05,hedge_traditional_v1,0.20979390173021767,0.19539233061975297,0.2058859058216688,0.20482391385530652,0.1841039479730541,
2025-09-08,hedge_traditional_v1,0.20929064455830063,0.19618856745896662,0.20614217217364608,0.20490284396132008,0.18347577184776648,
2025-09-09,hedge_traditional_v1,0.20971606773428114,0.19569919037803546,0.20476243929997268,0.2055775135629706,0.18424478902474004,
2025-09-10,hedge_traditional_v1,0.20952331314257838,0.19627102971426394,0.2037090891076281,0.2058265060813238,0.18467006195420577,
2025-09-11,hedge_traditional_v1,0.20987528746918116,0.19564653785398262,0.20460970973159306,0.20590105175713222,0.1839674131881109,
2025-09-12,hedge_traditional_v1,0.20967195594337215,0.19437885881376019,0.20555707012020735,0.20625113732732636,0.1841409777953339,
2025-09-15,hedge_traditional_v1,0.20928919328624535,0.195391135236282,0.20505758115433317,0.20701988499500898,0.18324220532813054,
2025-09-16,hedge_traditional_v1,0.2092774721907736,0.19578093468432298,0.20442828106626976,0.20650430400511421,0.1840090080535194,
2025-09-17,hedge_traditional_v1,0.20983677229450717,0.19526641066337103,0.20450082110481094,0.2067329231337578,0.18366307280355307,
2025-09-18,hedge_traditional_v1,0.21004041053322361,0.1949932769973969,0.20540333348307094,0.20660388263926605,0.1829590963470424,
2025-09-19,hedge_traditional_v1,0.2095696698853608,0.19513903168546048,0.20642184004167052,0.20650952873374587,0.18235992965376233,
2025-09-22,hedge_traditional_v1,0.20984690834534803,0.19554866627584216,0.20581601286131784,0.20667566318425715,0.18211274933323482,
2025-09-23,hedge_traditional_v1,0.21016111362220116,0.19557835902916576,0.20625108592561683,0.206452994356968,0.18155644706604834,
2025-09-24,hedge_traditional_v1,0.21000468456584703,0.1958473511829156,0.20667432483709405,0.20624004572847005,0.18123359368567335,
2025-09-25,hedge_traditional_v1,0.20999291168649914,0.19537009855799592,0.20696285545258802,0.20600881483463418,0.18166531946828274,
2025-09-26,hedge_traditional_v1,0.2101083437154471,0.1958956411531223,0.2066212769475222,0.20606861768523818,0.1813061204986702,
2025-09-29,hedge_traditional_v1,0.20974933215185557,0.19639171567948466,0.2064625886511464,0.2071668261662907,0.18022953735122266,
2025-09-30,hedge_traditional_v1,0.2099107352215649,0.195798404084171,0.2062572629567338,0.20703242602738184,0.1810011717101484,
2025-10-09,hedge_traditional_v1,0.20982975089367065,0.19506653740493182,0.20668772861151136,0.2077454702526861,0.1806705128372,
2025-10-10,hedge_traditional_v1,0.20980093726790588,0.19560150099130327,0.2069558281245731,0.20799040856615128,0.17965132505006642,
2025-10-13,hedge_traditional_v1,0.2101188598459968,0.19503406532417586,0.20694712146815325,0.20832198011887643,0.17957797324279762,
2025-10-14,hedge_traditional_v1,0.21042489304531573,0.1952095036999789,0.20675794336604894,0.20836233179922253,0.179245328089434,
2025-10-15,hedge_traditional_v1,0.21024764591108278,0.19552954511141993,0.20619681654487393,0.2081568317084046,0.17986916072421877,
2025-10-16,hedge_traditional_v1,0.2104294369657454,0.1956378020821795,0.20668778263499651,0.20801466611635988,0.17923031220071864,
2025-10-17,hedge_traditional_v1,0.21054875121934374,0.19580206779307924,0.20644291938860385,0.20870927849545942,0.17849698310351367,
2025-10-20,hedge_traditional_v1,0.21050781408189378,0.19534134772741932,0.20642468625176746,0.2094565161331758,0.17826963580574376,
2025-10-21,hedge_traditional_v1,0.21006113632400428,0.19575122957164384,0.20626725495581752,0.20945408250783804,0.17846629664069627,
2025-10-22,hedge_traditional_v1,0.20985778891939294,0.1965808381737515,0.20615369432280597,0.20894474396983304,0.17846293461421664,
2025-10-23,hedge_traditional_v1,0.21027598657836713,0.1960019695610164,0.2060273748783945,0.20926029205430635,0.17843437692791553,
2025-10-24,hedge_traditional_v1,0.210011315480065,0.1966910449585593,0.20586656903053513,0.20874863759110823,0.17868243293973238,
2025-10-27,hedge_traditional_v1,0.20979035847212807,0.19670044578118967,0.2060063525032978,0.20837021767331665,0.1791326255700678,
2025-10-28,hedge_traditional_v1,0.20984505895712685,0.19642968830529178,0.20602025546074654,0.20792676946016841,0.17977822781666644,
2025-10-29,hedge_traditional_v1,0.20960652393679485,0.19618509968306622,0.2067695647673899,0.20759378208740945,0.1798450295253397,
2025-10-30,hedge_traditional_v1,0.20942133509514282,0.19635283237273352,0.20684701317256435,0.20770532277528544,0.17967349658427392,
2025-10-31,hedge_traditional_v1,0.20964354210942468,0.19668092541613105,0.20655046735997346,0.20759667449412383,0.17952839062034703,
2025-11-03,hedge_traditional_v1,0.20966811039138805,0.19540144976359533,0.20650242490045262,0.2079164807714846,0.18051153417307927,
2025-11-04,hedge_traditional_v1,0.20971886878256366,0.1953111412817877,0.20673462939467013,0.20822038094033068,0.18001497960064797,
2025-11-05,hedge_traditional_v1,0.21005067025151095,0.19438332491538324,0.20693647765437842,0.20876246546902408,0.17986706170970326,
2025-11-06,hedge_traditional_v1,0.20996023799242608,0.1951591944265521,0.2064431517329953,0.209157935704355,0.17927948014367145,
2025-11-07,hedge_traditional_v1,0.20986198825240165,0.19632686171972108,0.20611221587671505,0.20939148270235136,0.17830745144881083,
2025-11-10,hedge_traditional_v1,0.20979589995668216,0.19546464976710107,0.2071830076673986,0.2096285731794955,0.17792786942932273,
2025-11-11,hedge_traditional_v1,0.21000623073166483,0.19486707994639552,0.20721496267107437,0.20936763984744786,0.17854408680341738,
2025-11-12,hedge_traditional_v1,0.2098028808806342,0.19591141166683265,0.20591663610405322,0.20926602628476806,0.17910304506371172,
2025-11-13,hedge_traditional_v1,0.20950359534617663,0.19715412030895,0.2052299635921007,0.20849897735570674,0.17961334339706594,
2025-11-14,hedge_traditional_v1,0.20989514510955967,0.19641850881791673,0.20563389685137995,0.2088930638043204,0.17915938541682316,
2025-11-17,hedge_traditional_v1,0.20982453334697074,0.19664722498704262,0.20569099447307435,0.20893610185284883,0.17890114534006343,
2025-11-18,hedge_traditional_v1,0.2096463010708971,0.19705171387621007,0.2059918798433271,0.20930783751991902,0.17800226768964666,
2025-11-19,hedge_traditional_v1,0.20969516481724132,0.19761930968204597,0.20591606272872245,0.20943432195552367,0.17733514081646662,
2025-11-20,hedge_traditional_v1,0.20955960460666065,0.19752167139956442,0.2063506287779803,0.20971694815983288,0.1768511470559619,
2025-11-21,hedge_traditional_v1,0.2095137061074369,0.19759044771676135,0.20646796070369958,0.2099633135460771,0.17646457192602508,
2025-11-24,hedge_traditional_v1,0.20984882354286705,0.19799967179207645,0.20563822668506815,0.21021428272636558,0.17629899525362278,
2025-11-25,hedge_traditional_v1,0.20989787753665803,0.19788068829299785,0.20568322887382995,0.2105333902008284,0.1760048150956859,
2025-11-26,hedge_traditional_v1,0.20968654914249354,0.19717146170231373,0.20533457090123958,0.21137811226016118,0.17642930599379197,
2025-11-27,hedge_traditional_v1,0.2095422034698189,0.19761239795967822,0.204592115871048,0.21170603936996582,0.17654724332948907,
2025-11-28,hedge_traditional_v1,0.2097959948484154,0.19702853276745258,0.20439879555598536,0.2120330204751947,0.17674365635295194,
2025-12-01,hedge_traditional_v1,0.20965967498476043,0.1964327410910596,0.20462041260436925,0.21236433226876456,0.17692283905104628,
2025-12-02,hedge_traditional_v1,0.20940079489211452,0.19567363623214543,0.20539280000827595,0.21172143395901313,0.17781133490845094,
2025-12-03,hedge_traditional_v1,0.2094303826157716,0.19636357438398117,0.20502145856399248,0.21079113852360026,0.17839344591265444,
2025-12-04,hedge_traditional_v1,0.20944659080320918,0.197098476044752,0.20497886562200454,0.21041912886002212,0.17805693867001218,
2025-12-05,hedge_traditional_v1,0.20937954422299834,0.1967938256363877,0.20487867034288848,0.21051465354071527,0.17843330625701032,
2025-12-08,hedge_traditional_v1,0.20947824339708027,0.1968691538768328,0.20477165893513974,0.21120378256346298,0.17767716122748434,
2025-12-09,hedge_traditional_v1,0.20980976019784475,0.19644307482191203,0.20477372885623854,0.2111689057564992,0.1778045303675055,
2025-12-10,hedge_traditional_v1,0.20979597701893113,0.19688390383759058,0.20491699208369962,0.21111209178209844,0.17729103527768017,
2025-12-11,hedge_traditional_v1,0.2094161438748926,0.19726210108288375,0.20497926644320602,0.21074272285273257,0.177599765746285,
2025-12-12,hedge_traditional_v1,0.2090178713847599,0.19806721060568827,0.2040215501678885,0.21101225637791104,0.17788111146375224,
2025-12-15,hedge_traditional_v1,0.20931411351421658,0.19725119152082196,0.20528794111578325,0.2107249532472821,0.17742180060189602,
2025-12-16,hedge_traditional_v1,0.20884219170176382,0.19795310218897705,0.20467058082586193,0.21195103594039347,0.1765830893430037,
2025-12-17,hedge_traditional_v1,0.2089752866181374,0.19893009757093216,0.20470662916162166,0.21136153192361865,0.17602645472569006,
2025-12-18,hedge_traditional_v1,0.20905328530739548,0.1980958895846426,0.20454010376199494,0.21164761835017298,0.1766631029957939,
2025-12-19,hedge_traditional_v1,0.20924712623957215,0.19807885849695422,0.2044625917080338,0.2117627871385355,0.17644863641690428,
2025-12-22,hedge_traditional_v1,0.20905901935845686,0.1975552170672014,0.204205049909084,0.21230609091641844,0.1768746227488394,
2025-12-23,hedge_traditional_v1,0.2087782612608712,0.19744277547879774,0.20459999461385517,0.21199199282988807,0.17718697581658785,
2025-12-24,hedge_traditional_v1,0.2092877765813976,0.1976946858446227,0.20358636148720918,0.21213847142847184,0.17729270465829866,
2025-12-25,hedge_traditional_v1,0.2090887907177662,0.19715582053667496,0.20365104443032309,0.21239488082355198,0.1777094634916837,
2025-12-26,hedge_traditional_v1,0.2089438377599353,0.19698688070371614,0.2035617651081665,0.21315850505894582,0.17734901136923617,
2025-12-29,hedge_traditional_v1,0.20914612816549494,0.19648334400556594,0.20382208178213468,0.21303008849702962,0.17751835754977477,
2025-12-30,hedge_traditional_v1,0.209061555727668,0.19615001913998095,0.20387409546035737,0.21361772225783635,0.1772966074141573,
2025-12-31,hedge_traditional_v1,0.2095510903900088,0.19590924581408123,0.20374680054706218,0.21437651318588755,0.17641635006296028,
2026-01-05,hedge_traditional_v1,0.2093896842511693,0.19591910414173913,0.20393512660822738,0.21499891299658502,0.17575717200227925,
2026-01-06,hedge_traditional_v1,0.20922383283715518,0.1965046428428303,0.2039766599966145,0.21430167384195223,0.17599319048144774,
2026-01-07,hedge_traditional_v1,0.20956679810422016,0.19657451445279142,0.20371162855948377,0.2139755095196371,0.17617154936386756,
2026-01-08,hedge_traditional_v1,0.20943316251664865,0.1962876345387622,0.20385643743282056,0.21397973600495268,0.17644302950681587,
2026-01-09,hedge_traditional_v1,0.2091306191370281,0.19635217566878135,0.20420371966985273,0.2135246525286131,0.17678883299572468,
2026-01-12,hedge_traditional_v1,0.20948784727660996,0.19603295546943347,0.20453845023516284,0.2134352287624822,0.17650551825631153,
2026-01-13,hedge_traditional_v1,0.20982841615414993,0.19585517747510447,0.20384374421824553,0.21338794882194353,0.17708471333055648,
2026-01-14,hedge_traditional_v1,0.20977225537367278,0.19534207444385485,0.20399333605024939,0.21432930460299554,0.17656302952922745,
2026-01-15,hedge_traditional_v1,0.2096150627465546,0.19563361257252534,0.2048727943220191,0.2141380585185607,0.1757404718403403,
2026-01-16,hedge_traditional_v1,0.20968042584773744,0.19556624930077415,0.20539131919148385,0.2142187867090139,0.17514321895099058,
2026-01-19,hedge_traditional_v1,0.20943138749215703,0.19537888397665193,0.20588551049100035,0.21402190131414112,0.1752823167260496,
2026-01-20,hedge_traditional_v1,0.2091866635454525,0.19538171166968635,0.20571959850546837,0.21411979595043765,0.17559223032895524,
2026-01-21,hedge_traditional_v1,0.20935373396805956,0.1952216713864356,0.2062885451340407,0.21406470720061335,0.17507134231085084,
2026-01-22,hedge_traditional_v1,0.2094259253171344,0.1954020250000106,0.2059821821333747,0.21436443610851605,0.17482543144096424,
2026-01-23,hedge_traditional_v1,0.20959206870121433,0.1956956796252509,0.2049686732500233,0.21423031152278918,0.1755132669007223,
2026-01-26,hedge_traditional_v1,0.2096018444283486,0.1958226117012293,0.20476763445753174,0.21446620411202266,0.17534170530086757,
2026-01-27,hedge_traditional_v1,0.20932897540804304,0.19601642608914527,0.2051981534738101,0.21348412689556026,0.17597231813344125,
2026-01-28,hedge_traditional_v1,0.2094312936528248,0.1959754632700241,0.20510781611074352,0.21355524374874668,0.175930183217661,
2026-01-29,hedge_traditional_v1,0.20912775718110935,0.19586535417794618,0.20431592268973855,0.21408492876534382,0.17660603718586204,
2026-01-30,hedge_traditional_v1,0.20918427619863064,0.19596585289731486,0.2044321461515943,0.21426180471033104,0.17615592004212907,
2026-02-02,hedge_traditional_v1,0.20920640663855536,0.19636984893878803,0.2047592058334264,0.2138851053692912,0.1757794332199391,
2026-02-03,hedge_traditional_v1,0.20937506546623313,0.1964831338307734,0.2046881972637704,0.21381933688238552,0.17563426655683764,
2026-02-04,hedge_traditional_v1,0.2096100341953251,0.19656965238006396,0.20415575454593424,0.21354615420139605,0.17611840467728057,
2026-02-05,hedge_traditional_v1,0.20946616825656858,0.19659425193487276,0.20474963166778362,0.2133385087278379,0.17585143941293713,
2026-02-06,hedge_traditional_v1,0.2098960329749261,0.19632135026822697,0.20514513600589732,0.21284796888062385,0.1757895118703258,
2026-02-09,hedge_traditional_v1,0.2100001716041445,0.19583470311491694,0.2048403710900143,0.21279886290367805,0.17652589128724627,
2026-02-10,hedge_traditional_v1,0.21001949648592289,0.19577722763957017,0.20446665826302657,0.21308466675481982,0.17665195085666058,
2026-02-11,hedge_traditional_v1,0.2099089929496052,0.195847308068866,0.20458802332053094,0.21280785331866267,0.1768478223423353,
2026-02-12,hedge_traditional_v1,0.21004057525847056,0.19570356146619622,0.20429398573911578,0.2126517386590004,0.17731013887721694,
2026-02-13,hedge_traditional_v1,0.2097835524742688,0.1957501563860383,0.2043572346704358,0.21244949681326003,0.17765955965599714,
2026-02-24,hedge_traditional_v1,0.2103988496592227,0.19619995963067682,0.20352495160106163,0.21230568468249605,0.17757055442654285,
2026-02-25,hedge_traditional_v1,0.21029662300598972,0.19560384609947742,0.20403785578145323,0.21246835974078526,0.17759331537229436,
2026-02-26,hedge_traditional_v1,0.21028858821740767,0.1953383331169004,0.20414853145276096,0.21232229769028738,0.1779022495226436,
2026-02-27,hedge_traditional_v1,0.2103441815184616,0.1954248707913039,0.20385409621484346,0.21280842573298217,0.17756842574240891,
2026-03-02,hedge_traditional_v1,0.2101408481419287,0.1950823010172436,0.20409499813433882,0.21277832695338147,0.17790352575310736,
2026-03-03,hedge_traditional_v1,0.20993601325624858,0.1953352073423145,0.20391680575812499,0.21256630639834034,0.17824566724497154,
2026-03-04,hedge_traditional_v1,0.20969588449557355,0.1950434482079978,0.2041596846213888,0.21286633699021418,0.17823464568482564,
2026-03-05,hedge_traditional_v1,0.21005076580877655,0.19457178334353759,0.20420546356630156,0.21265249191265273,0.1785194953687314,
2026-03-06,hedge_traditional_v1,0.20971545396692215,0.19483530715795175,0.2050767008658688,0.21183132407506053,0.1785412139341969,
2026-03-09,hedge_traditional_v1,0.2097458686421007,0.19514624825206028,0.2060582745797111,0.2112524269912308,0.17779718153489726,
2026-03-10,hedge_traditional_v1,0.209620852114185,0.1952714010986339,0.20631884564724307,0.21061805240094802,0.17817084873899008,
2026-03-11,hedge_traditional_v1,0.20956179767896616,0.1946116612485294,0.2064154321096556,0.21098422087729546,0.1784268880855534,
2026-03-12,hedge_traditional_v1,0.20986542908955874,0.19432932308217618,0.20669597095703157,0.21083829043436167,0.17827098643687186,
2026-03-13,hedge_traditional_v1,0.2097782746398984,0.19506781268322582,0.20589334410722765,0.21044454158923145,0.17881602698041663,
2026-03-16,hedge_traditional_v1,0.20980759968039278,0.19559276831673292,0.2056056137616386,0.21045572212760172,0.17853829611363406,
2026-03-17,hedge_traditional_v1,0.21043229258077686,0.1960134109484929,0.20484785535841116,0.2101279437684068,0.17857849734391235,
2026-03-18,hedge_traditional_v1,0.21037816543637858,0.19551905489312923,0.2043881712782271,0.2106121898280353,0.17910241856422976,
2026-03-19,hedge_traditional_v1,0.2102313114568604,0.1957964209544413,0.20464124855831414,0.21098817917304447,0.17834283985733984,
2026-03-20,hedge_traditional_v1,0.21041403761710778,0.1955504181324004,0.20520264620232667,0.21072410747186232,0.17810879057630286,
2026-03-23,hedge_traditional_v1,0.21060067221836326,0.19542602675937928,0.20511257373443972,0.21046755276035498,0.1783931745274627,
2026-03-24,hedge_traditional_v1,0.2105687546699171,0.19488204089803796,0.20473521551617918,0.21080805631928143,0.17900593259658426,
2026-03-25,hedge_traditional_v1,0.21047687091835532,0.19519305386769065,0.2051119209522134,0.21086473451820678,0.1783534197435337,
2026-03-26,hedge_traditional_v1,0.21035407261099495,0.19490463714696532,0.2058205338717132,0.21050542148289375,0.17841533488743283,
2026-03-27,hedge_traditional_v1,0.21081642782758644,0.19529857477490262,0.20529156016361916,0.21008354041345262,0.17850989682043913,
2026-03-30,hedge_traditional_v1,0.2105568151699207,0.19504268868895133,0.2054351790093136,0.21031675309969172,0.1786485640321226,
2026-03-31,hedge_traditional_v1,0.2104957029034863,0.1953759630618846,0.2055833485676115,0.21027894120865856,0.17826604425835907,
2026-04-01,hedge_traditional_v1,0.21065068427595632,0.19550015179973837,0.20581264781303837,0.21018821702542875,0.17784829908583813,
2026-04-02,hedge_traditional_v1,0.2103872744489871,0.19603265873575312,0.20627466385007703,0.20989565145063263,0.17740975151455002,
2026-04-03,hedge_traditional_v1,0.2105419061807054,0.1955749991142882,0.2061720093890723,0.21016496413272948,0.1775461211832046,
2026-04-07,hedge_traditional_v1,0.21104443434673226,0.19485639878520808,0.20603333824155606,0.21037725844792035,0.1776885701785832,
2026-04-08,hedge_traditional_v1,0.21094552739081335,0.1949561096193563,0.20627473861973117,0.21071109267232407,0.17711253169777516,
2026-04-09,hedge_traditional_v1,0.21067998594455112,0.19516667437269805,0.2064527008618968,0.21048050517689595,0.17722013364395817,
2026-04-10,hedge_traditional_v1,0.2106392138657243,0.19533183654507377,0.20639985283926093,0.2100811364426093,0.17754796030733178,
2026-04-13,hedge_traditional_v1,0.21088022100624484,0.1951037949624539,0.2073561660585879,0.20960176413665985,0.17705805383605358,
2026-04-14,hedge_traditional_v1,0.21062465467729294,0.19479116928595644,0.20785701439186058,0.21001389890304323,0.17671326274184687,
2026-04-15,hedge_traditional_v1,0.21030307853787736,0.1942645283747748,0.20803677728505923,0.21054190336678744,0.17685371243550113,
2026-04-16,hedge_traditional_v1,0.21049447610403343,0.1944697391822617,0.2085931357448559,0.210021720229498,0.17642092873935086,
2026-04-17,hedge_traditional_v1,0.21060322151639738,0.19453573478914712,0.20878517831581436,0.21022508726631695,0.17585077811232416,
2026-04-20,hedge_traditional_v1,0.21083597099653303,0.1941569540623936,0.2084788383624052,0.21036555283775732,0.17616268374091085,
2026-04-21,hedge_traditional_v1,0.21061783019245753,0.19437922682087777,0.20891135639081695,0.2107172829065566,0.1753743036892911,
2026-04-22,hedge_traditional_v1,0.2107294733332484,0.19403876821823102,0.20992835015512998,0.21041984776837716,0.17488356052501333,
2026-04-23,hedge_traditional_v1,0.21111089765964597,0.19359195939204793,0.20968306858171942,0.2102717904092377,0.1753422839573488,
2026-04-24,hedge_traditional_v1,0.21109962607916963,0.19442247810304683,0.2089914250792239,0.21047911104360262,0.17500735969495698,
2026-04-27,hedge_traditional_v1,0.2111318889536286,0.1954719184594873,0.20847510740024114,0.21030733497024112,0.17461375021640185,
2026-04-28,hedge_traditional_v1,0.21125536314942703,0.19496070515601588,0.20887353495609848,0.21045217266634209,0.17445822407211659,
2026-04-29,hedge_traditional_v1,0.21129941080290188,0.19582676420393463,0.20844695175430034,0.21050540491411948,0.1739214683247437,
2026-04-30,hedge_traditional_v1,0.2114165387791911,0.1959231260325819,0.20897037013871197,0.20984713339011382,0.1738428316594013,
2026-05-06,hedge_traditional_v1,0.21142610733588119,0.1954646248451938,0.2096267695199335,0.2096182527305459,0.17386424556844562,
2026-05-07,hedge_traditional_v1,0.21166663530736674,0.196202216277308,0.20862420128347847,0.20915999434361604,0.17434695278823062,
2026-05-08,hedge_traditional_v1,0.2116690762130934,0.19684263381891953,0.20795516542252612,0.2095640396397381,0.17396908490572283,
2026-05-11,hedge_traditional_v1,0.2115930042366074,0.19617849565145712,0.2082790249762674,0.20934911546833265,0.17460035966733548,
2026-05-12,hedge_traditional_v1,0.21171192118284968,0.1962003526531612,0.2081093946866061,0.20936938546260214,0.1746089460147809,
2026-05-13,hedge_traditional_v1,0.21164090361449803,0.1957886230236878,0.2091495518098962,0.20933617038196597,0.174084751169952,
2026-05-14,hedge_traditional_v1,0.2115513478619333,0.196528119724345,0.20870810056689218,0.20968705694063944,0.17352537490619005,
2026-05-15,hedge_traditional_v1,0.2116880801609296,0.19616237667742023,0.20882934022561087,0.20910580735526393,0.17421439558077537,
2026-05-18,hedge_traditional_v1,0.2116784446682244,0.19507315733046038,0.20886796669292915,0.2095458996285361,0.17483453167985,
2026-05-19,hedge_traditional_v1,0.21180634059780595,0.19382864851404213,0.20935690240055313,0.20950144417178665,0.17550666431581222,
2026-05-20,hedge_traditional_v1,0.2117822081678766,0.19471966137223026,0.20922604649331794,0.2093475040306785,0.17492457993589683,
2026-05-21,hedge_traditional_v1,0.21200583572563372,0.19377971800796678,0.2095967478309056,0.20892485775625855,0.17569284067923527,
2026-05-22,hedge_traditional_v1,0.2120474538328349,0.1929818870387631,0.20987382726290443,0.20949952273763395,0.17559730912786367,
2026-05-25,hedge_traditional_v1,0.21212572818800873,0.19373400257676848,0.20907178755713277,0.2091564983400889,0.1759119833380011,
2026-05-26,hedge_traditional_v1,0.21199102162769332,0.19406362243621372,0.20878734641462496,0.20889394698524053,0.1762640625362276,
2026-05-27,hedge_traditional_v1,0.2115823453886234,0.19328642603149657,0.2095586887899153,0.2093440380801138,0.1762285017098509,
2026-05-28,hedge_traditional_v1,0.2116967077022184,0.19278144037348707,0.210123334715214,0.2095922279336608,0.17580628927541977,
2026-05-29,hedge_traditional_v1,0.21166843186319115,0.193407976573208,0.20975518403301757,0.20958199878080844,0.17558640874977474,
2026-06-01,hedge_traditional_v1,0.21166864063140892,0.19258506035819684,0.20985548943877233,0.21031094168905848,0.1755798678825634,
2026-06-02,hedge_traditional_v1,0.2114924527884254,0.1921689454945334,0.21063071531291339,0.2101420655240727,0.175565820880055,
2026-06-03,hedge_traditional_v1,0.21122713734281853,0.1928816234399202,0.21015566780224207,0.20950931189528046,0.17622625951973875,
2026-06-04,hedge_traditional_v1,0.21102068847144945,0.19350096369217382,0.21000093947080514,0.20988024279814885,0.1755971655674227,
2026-06-05,hedge_traditional_v1,0.21113600165879642,0.19290025889285536,0.21027079079616426,0.21028532961232876,0.1754076190398552,
2026-06-08,hedge_traditional_v1,0.21097338214103256,0.19142004441920177,0.21126357095737883,0.2106781009785941,0.17566490150379271,
2026-06-09,hedge_traditional_v1,0.2109130856462204,0.19126249499368866,0.21164731289248434,0.21093896373436652,0.17523814273324,
2026-06-10,hedge_traditional_v1,0.2109529762822314,0.19118834695922401,0.21235833690141756,0.21034331202611006,0.17515702783101694,
2026-06-11,hedge_traditional_v1,0.21115062113509797,0.19149847590773303,0.21182990233971816,0.21056084924422383,0.174960151373227,
2026-06-12,hedge_traditional_v1,0.21090954003115175,0.19173142298976734,0.21173269267381908,0.21043280157132987,0.1751935427339319,
2026-06-15,hedge_traditional_v1,0.21106412576537015,0.19159545892314073,0.21211921223493405,0.21049224394792782,0.1747289591286272,
2026-06-16,hedge_traditional_v1,0.2112818587753874,0.1917243371459448,0.21172291706370314,0.21086201622326092,0.17440887079170384,
2026-06-17,hedge_traditional_v1,0.2112703122558218,0.19158658820243085,0.21108703944226748,0.21108109179375642,0.17497496830572346,
2026-06-18,hedge_traditional_v1,0.211211032911274,0.19154109961388502,0.2113093347111681,0.21160457674850247,0.17433395601517035,
2026-06-22,hedge_traditional_v1,0.21117489709980625,0.19107870439924643,0.21184743031470632,0.21171796720006456,0.17418100098617648,
2026-06-23,hedge_traditional_v1,0.21117963618554475,0.19062378061724433,0.21205426991102988,0.21150256585626573,0.17463974742991537,
2026-06-24,hedge_traditional_v1,0.21116561312711205,0.19090407392529496,0.21188866021601835,0.21112470753077864,0.17491694520079587,
2026-06-25,hedge_traditional_v1,0.21116087329342798,0.190425498013983,0.21251780584822139,0.21053197585353295,0.17536384699083463,
2026-06-26,hedge_traditional_v1,0.21125577158376305,0.19029885739062444,0.21279125773237847,0.21039747726724076,0.1752566360259934,
2026-06-29,hedge_traditional_v1,0.2112718077991097,0.19058364662909733,0.21239737430626615,0.2104933023105537,0.1752538689549732,
2026-06-30,hedge_traditional_v1,0.2112577083252374,0.190364708158393,0.21300509521987013,0.21026616346067176,0.1751063248358277,
2026-07-01,hedge_traditional_v1,0.2110873210015955,0.1899783973800953,0.21341833230785145,0.20971027509015877,0.17580567422029894,
2026-07-02,hedge_traditional_v1,0.21135949547579622,0.189486906548791,0.2135875213214321,0.20999425176163883,0.17557182489234194,
2026-07-03,hedge_traditional_v1,0.21136898535133156,0.18964449801906103,0.21333485924673526,0.21034340270133375,0.17530825468153835,
2026-07-06,hedge_traditional_v1,0.21155652664479757,0.18956130502489535,0.21371615197641017,0.21005609643929543,0.17510991991460145,
2026-07-07,hedge_traditional_v1,0.2116787934689248,0.18957082099631517,0.2133415854410203,0.210542562572707,0.17486623752103284,
2026-07-08,hedge_traditional_v1,0.21166981387371822,0.1896012744421209,0.21297509938792325,0.21078472069045068,0.1749690916057869,
2026-07-09,hedge_traditional_v1,0.21165373888617944,0.18966287875309115,0.21296829330949774,0.21111059353759706,0.17460449551363455,
2026-07-10,hedge_traditional_v1,0.21175611387340146,0.18973829603781153,0.2133476754172345,0.21104850197525124,0.17410941269630129,
2026-07-13,hedge_traditional_v1,0.21189928396511035,0.19022992739697087,0.21273109277956,0.21035373930014586,0.17478595655821283,
2026-07-14,hedge_traditional_v1,0.21208834539955382,0.19075308820041073,0.21259202824660195,0.20991441347499304,0.17465212467844035,
2026-07-15,hedge_traditional_v1,0.2121354150024651,0.19086796318968172,0.2129050755474495,0.20994257722022314,0.1741489690401806,
2026-07-16,hedge_traditional_v1,0.21206747818129945,0.19069079172970171,0.2124467043636933,0.21018278280187935,0.17461224292342606,
2026-07-17,hedge_traditional_v1,0.21204092588193987,0.19056059441911602,0.2124914642743971,0.2104285398518433,0.1744784755727037,
2026-07-20,hedge_traditional_v1,0.21213064554934608,0.19047732583326793,0.21256100252283736,0.21055385850060304,0.1742771675939456,
2026-07-21,hedge_traditional_v1,0.21188409108690617,0.19068442126854473,0.21255277494300426,0.21041033052972277,0.17446838217182195,
2026-07-22,hedge_traditional_v1,0.21175999642465113,0.19104881928214812,0.21237835236917843,0.2107212089345481,0.17409162298947434,
2026-07-23,hedge_traditional_v1,0.21145924497176832,0.19119784031384707,0.21232395454509595,0.21070197041522878,0.17431698975406001,
2026-07-24,hedge_traditional_v1,0.21175316356673418,0.19109546898121682,0.21308367215430235,0.20970277099674572,0.174364924301001,
2026-07-27,hedge_traditional_v1,0.2118902246464819,0.19133532494494718,0.21291031092089366,0.2093786855099292,0.17448545397774803,
2026-07-28,hedge_traditional_v1,0.2118320049205952,0.19112336195548454,0.21293794963629578,0.20982276737616848,0.17428391611145608,
2026-07-29,hedge_traditional_v1,0.21187380732316355,0.19143773720286553,0.21298878583056294,0.21029803485171872,0.17340163479168913,
2026-07-30,hedge_traditional_v1,0.21199831246134537,0.19090665175660432,0.21336631078251897,0.21068507784928198,0.17304364715024953,
2026-07-31,hedge_traditional_v1,0.21198084325763888,0.19145229697265273,0.21271895396154245,0.2110540555887384,0.1727938502194274,
2026-08-03,hedge_traditional_v1,0.21227161741729686,0.19110174771832858,0.21295322575828707,0.21100658791623864,0.1726668211898488,
2026-08-04,hedge_traditional_v1,0.21227493778554157,0.19155363674377857,0.21265724081743534,0.2111926623814809,0.17232152227176364,
2026-08-05,hedge_traditional_v1,0.21215856214524606,0.19178196367113334,0.21289058446572973,0.21104197092296476,0.172126918794926,
2026-08-06,hedge_traditional_v1,0.21209224018707012,0.191928265659126,0.21280005458366177,0.21072995601842195,0.17244948355172005,
2026-08-07,hedge_traditional_v1,0.21213009637206964,0.19236505864541925,0.2128940437333198,0.21063839578874177,0.17197240546044956,
2026-08-10,hedge_traditional_v1,0.21243590218340072,0.19278756335715,0.2133356777751177,0.20973022536591132,0.17171063131842035,
2026-08-11,hedge_traditional_v1,0.2124711307975179,0.19269468821993194,0.213404181720986,0.20943807004168274,0.17199192921988157,
2026-08-12,hedge_traditional_v1,0.21271232011804017,0.19278229137734781,0.21303744995151982,0.2096223491698856,0.17184558938320654,
2026-08-13,hedge_traditional_v1,0.21250608471892826,0.19233036096036402,0.21306839502424724,0.20995867835142268,0.17213648094503778,
2026-08-14,hedge_traditional_v1,0.21238223645985038,0.1922423347602035,0.21265003778512717,0.21024515967850257,0.17248023131631643,
2026-08-17,hedge_traditional_v1,0.21241980667998756,0.19220202781310064,0.2124841705635543,0.21024434919156754,0.17264964575178995,
