branch,shift_sessions,log_loss,brier_score,roc_auc,accuracy,logloss_improvement_vs_baseline,brier_improvement_vs_baseline
cycle,5,0.6946853384511563,0.2507535399309081,0.4929139665981771,0.5190839694656488,-0.0022003514071126,-0.0010801231866076
cycle,6,0.6954696496782825,0.2511151939717482,0.4896738844107265,0.5343511450381679,-0.0029846626342387,-0.0014417772274478
cycle,7,0.6904958492370337,0.2486584658367981,0.5187819398345714,0.5292620865139949,0.00198913780701,0.0010149509075022
cycle,8,0.6895998680321982,0.2482203371523855,0.5256308940519467,0.549618320610687,0.0028851190118455,0.0014530795919149
cycle,9,0.691687153720898,0.2492591801244984,0.5063221115852694,0.5267175572519084,0.0007978333231457,0.0004142366198019
cycle,10,0.6920161355225339,0.2494262345519589,0.5022654233180549,0.5139949109414759,0.0004688515215097,0.0002471821923414
cycle,11,0.6907975131125067,0.2488209311288942,0.5112744323270639,0.5368956743002544,0.001687473931537,0.0008524856154061
cycle,12,0.6910192174958575,0.2489270123069244,0.5116695643011433,0.5343511450381679,0.0014657695481862,0.0007464044373759
cycle,13,0.6939916269619415,0.2504068121582216,0.4974711553658922,0.5216284987277354,-0.0015066399178977,-0.0007333954139211
cycle,14,0.6943866907406454,0.250598337784618,0.4934144670986776,0.5139949109414759,-0.0019017036966016,-0.0009249210403176
cycle,15,0.6974701929131124,0.2521184528878228,0.4797165586639271,0.5063613231552163,-0.0049852058690686,-0.0024450361435224
cycle,16,0.6933892256486476,0.2501086132859595,0.5052947684526632,0.5368956743002544,-0.0009042386046038,-0.0004351965416591
cycle,17,0.6908540449089058,0.2488337266864781,0.5167799378325694,0.544529262086514,0.0016309421351379,0.0008396900578222
cycle,18,0.68932366250837,0.2480870624230602,0.5257889468415784,0.544529262086514,0.0031613245356737,0.0015863543212401
cycle,19,0.6901142718529885,0.2484844086982272,0.5180707022812286,0.5318066157760815,0.0023707151910552,0.0011890080460732
cycle,20,0.6942091605225881,0.2505144477123425,0.4903324377008588,0.5216284987277354,-0.0017241734785443,-0.000841030968042
cycle,21,0.6932755903164507,0.2500596473628991,0.4967335756809441,0.5165394402035624,-0.0007906032724069,-0.0003862306185986
cycle,22,0.6931712503313002,0.2500011329911528,0.4969706548653917,0.5318066157760815,-0.0006862632872565,-0.0003277162468524
cycle,23,0.6923018374182849,0.2495766723038343,0.5054001369790844,0.5292620865139949,0.0001831496257588,9.67444404661455e-05
cycle,24,0.6945449865863252,0.2506827399643095,0.4941783889152309,0.5216284987277354,-0.0020599995422815,-0.0010093232200091
cycle,25,0.6970627259932781,0.2519454484483693,0.4741320267636057,0.5038167938931297,-0.0045777389492344,-0.0022720317040689
cycle,26,0.6938857307746524,0.2503582891263297,0.4952320741794425,0.5139949109414759,-0.0014007437306087,-0.0006848723820293
cycle,27,0.6912814497733121,0.249077791765629,0.5085875349033244,0.5190839694656488,0.0012035372707316,0.0005956249786713
cycle,28,0.6885412693906622,0.2477015415057546,0.5286338970549497,0.5419847328244275,0.0039437176533815,0.0019718752385457
cycle,29,0.6901412133392201,0.2484942649328115,0.5219166534956009,0.5292620865139949,0.0023437737048236,0.0011791518114889
cycle,30,0.6913371858926229,0.2490941905606057,0.5165165165165164,0.5165394402035624,0.0011478011514207,0.0005792261836946
cycle,31,0.6918443940660101,0.2493551480690985,0.5033191085822666,0.5165394402035624,0.0006405929780336,0.0003182686752018
cycle,32,0.691223762050828,0.2490488161256442,0.5031083715294242,0.5216284987277354,0.0012612249932156,0.0006246006186562
cycle,33,0.6911635900070998,0.2490236348902875,0.5053474527158738,0.5241730279898219,0.0013213970369438,0.0006497818540129
cycle,34,0.6928427597170355,0.2498593034775521,0.4987882619461567,0.5012722646310432,-0.0003577726729917,-0.0001858867332516
cycle,35,0.6938049936948738,0.2503212764491228,0.5002897634476582,0.5089058524173028,-0.00132000665083,-0.0006478597048223
cycle,36,0.6922400418766129,0.2495536421485961,0.5025288446341079,0.5343511450381679,0.0002449451674307,0.0001197745957043
cycle,37,0.689540265085193,0.2482111936185057,0.5165428586481219,0.539440203562341,0.0029447219588507,0.0014622231257946
cycle,38,0.6911794902096435,0.249018491426925,0.5103524577208788,0.5292620865139949,0.0013054968344001,0.0006549253173754
cycle,39,0.690593940680375,0.2487268365054378,0.5155681997787261,0.5292620865139949,0.0018910463636686,0.0009465802388625
cycle,40,0.6901415086014235,0.2485108638929072,0.51683262209578,0.5318066157760815,0.0023434784426201,0.0011625528513932
cycle,41,0.6917318346887115,0.2493047175422972,0.5038459512143723,0.5216284987277354,0.0007531523553322,0.0003686992020032
cycle,42,0.6926347846976103,0.2497597154900431,0.4950213371266003,0.5292620865139949,-0.0001497976535665,-8.629874574273e-05
cycle,43,0.6921713137488521,0.2495184197944939,0.5035825298983194,0.5190839694656488,0.0003136732951916,0.0001549969498065
cycle,44,0.6932222270555674,0.250038134070679,0.5016595542911333,0.5089058524173028,-0.0007372400115236,-0.0003647173263785
cycle,45,0.6941621269932239,0.2505001978495285,0.4947842579421527,0.5114503816793893,-0.0016771399491801,-0.0008267811052281
cycle,46,0.6944323722174776,0.2506237866213242,0.4944944944944944,0.5190839694656488,-0.0019473851734338,-0.0009503698770237
cycle,47,0.6927536673835606,0.2497966804601429,0.5021337126600285,0.5318066157760815,-0.0002686803395168,-0.0001232637158424
cycle,48,0.6906134856841217,0.2487511857866401,0.5131710658026447,0.5318066157760815,0.0018715013599219,0.0009222309576603
cycle,49,0.6904542807332235,0.2486608516261489,0.5110900374058269,0.5343511450381679,0.0020307063108202,0.0010125651181514
cycle,50,0.6900480207986474,0.2484622144770057,0.5126969074337495,0.5343511450381679,0.0024369662453963,0.0012112022672947
cycle,51,0.691807460989698,0.2493349088269427,0.504372793846478,0.5318066157760815,0.0006775260543456,0.0003385079173577
cycle,52,0.6911952386531109,0.2490278004035226,0.5081660607976397,0.5190839694656488,0.0012897483909327,0.0006456163407777
cycle,53,0.6914231322680272,0.2491491553778683,0.5084294821136925,0.5343511450381679,0.0010618547760165,0.0005242613664321
cycle,54,0.6918242411075483,0.2493448986374974,0.5092460881934566,0.5292620865139949,0.0006607459364954,0.0003285181068029
cycle,55,0.6934492989201325,0.2501355559969055,0.4972340761814446,0.5216284987277354,-0.0009643118760888,-0.0004621392526051
cycle,56,0.6925677882535966,0.2496936131851358,0.5052420841894526,0.5343511450381679,-8.280120955284076e-05,-2.0196440835396068e-05
cycle,57,0.6942889230201094,0.2505516097140099,0.4898582793319636,0.5216284987277354,-0.0018039359760656,-0.0008781929697094
cycle,58,0.6964171018183729,0.2516126231552358,0.4757652389231336,0.5063613231552163,-0.0039321147743291,-0.0019392064109353
cycle,59,0.6922719914139484,0.2495566535267871,0.505005005005005,0.5190839694656488,0.0002129956300953,0.0001167632175133
cycle,60,0.6915537027253197,0.2492175278536648,0.5042937674516622,0.5139949109414759,0.000931284318724,0.0004558888906355
cycle,61,0.6940600867891977,0.2504561864890665,0.4912280701754385,0.5038167938931297,-0.001575099745154,-0.000782769744766
cycle,62,0.6950984499301872,0.2509802378630951,0.487619198145514,0.4987277353689567,-0.0026134628861435,-0.0013068211187946
cycle,63,0.6944464124118533,0.250650782393945,0.4908065960697541,0.4961832061068702,-0.0019614253678096,-0.0009773656496445
cycle,64,0.6929364903882609,0.2499117677248633,0.4937042305463358,0.5012722646310432,-0.0004515033442171,-0.0002383509805628
cycle,65,0.6927357409102872,0.2497875292746877,0.5032927664506611,0.549618320610687,-0.0002507538662435,-0.0001141125303872
cycle,66,0.6929703687956855,0.2498861387289186,0.5001317106580265,0.5241730279898219,-0.0004853817516418,-0.0002127219846181
cycle,67,0.6927759796297985,0.2497949213953131,0.5035825298983194,0.5267175572519084,-0.0002909925857548,-0.0001215046510127
cycle,68,0.6939480913006124,0.2503709459232264,0.4956798904167325,0.5241730279898219,-0.0014631042565687,-0.0006975291789259
cycle,69,0.6934784073168896,0.2501516049130584,0.4962330751804436,0.5063613231552163,-0.0009934202728458,-0.0004781881687579
cycle,70,0.6919676832774101,0.2494115207663614,0.5053474527158738,0.5241730279898219,0.0005173037666336,0.000261895977939
cycle,71,0.6960418605472282,0.2514449518524145,0.4753964490806596,0.4885496183206106,-0.0035568735031844,-0.0017715351081141
cycle,72,0.6956237173670499,0.251227882065372,0.4846425372741162,0.4987277353689567,-0.0031387303230061,-0.0015544653210716
cycle,73,0.6946238619268417,0.2507234072087065,0.4902007270428323,0.5139949109414759,-0.0021388748827979,-0.0010499904644061
cycle,74,0.6948127714029072,0.2508230217147953,0.4914124650966756,0.4987277353689567,-0.0023277843588634,-0.0011496049704949
cycle,75,0.6932071866831063,0.250022311528826,0.4928876244665718,0.5368956743002544,-0.0007221996390626,-0.0003488947845255
cycle,76,0.6929613464740246,0.2498919609186686,0.4939939939939939,0.5521628498727735,-0.0004763594299809,-0.0002185441743682
cycle,77,0.6935788763243793,0.2501941499124305,0.4964438122332859,0.5292620865139949,-0.0010938892803356,-0.0005207331681301
cycle,78,0.6939974699387236,0.2504069348961906,0.4940466782572046,0.5063613231552163,-0.0015124828946798,-0.0007335181518902
cycle,79,0.6958619204445561,0.2513477295428613,0.4762657394236341,0.5114503816793893,-0.0033769334005123,-0.0016743127985608
cycle,80,0.6947971058328319,0.2508239548050203,0.4835625098782993,0.5190839694656488,-0.0023121187887882,-0.0011505380607199
cycle,81,0.6961790430059661,0.2515196919795604,0.4724197882092619,0.5038167938931297,-0.0036940559619224,-0.0018462752352599
cycle,82,0.6985310592123921,0.2526740921201523,0.4634371213318582,0.4987277353689567,-0.0060460721683484,-0.0030006753758519
cycle,83,0.696046571663501,0.2514319096149413,0.4795585058742954,0.5114503816793893,-0.0035615846194573,-0.0017584928706408
cycle,84,0.6931522091877028,0.2500103429142011,0.4958379432063643,0.5139949109414759,-0.0006672221436591,-0.0003369261699007
cycle,85,0.6914852213676701,0.2491923094493662,0.499736578683947,0.5216284987277354,0.0009997656763736,0.0004811072949341
cycle,86,0.6918877173853797,0.249389684066348,0.4958379432063642,0.5267175572519084,0.000597269658664,0.0002837326779523
cycle,87,0.6928532578506308,0.2498440579718614,0.496996996996997,0.5267175572519084,-0.000368270806587,-0.0001706412275609
cycle,88,0.6921077766692221,0.2494784173621612,0.5022917654496601,0.5216284987277354,0.0003772103748216,0.0001949993821391
cycle,89,0.6933993242124102,0.2501109459906298,0.493546177756704,0.5114503816793893,-0.0009143371683665,-0.0004375292463293
cycle,90,0.6941644146792901,0.250511757472321,0.4869343027237763,0.5165394402035624,-0.0016794276352464,-0.0008383407280205
cycle,91,0.6936286633619448,0.2502409076031579,0.4905168326220958,0.5165394402035624,-0.0011436763179011,-0.0005674908588574
cycle,92,0.6941606459108374,0.2504997801229499,0.4914124650966757,0.5165394402035624,-0.0016756588667936,-0.0008263633786494
cycle,93,0.6926170677288505,0.2497348756468991,0.503003003003003,0.5190839694656488,-0.0001320806848067,-6.145890259873221e-05
cycle,94,0.6936322862855014,0.2502338543024013,0.4997629208155524,0.5114503816793893,-0.0011472992414577,-0.0005604375581008
cycle,95,0.693651321937454,0.2502436711181317,0.498551182761709,0.5267175572519084,-0.0011663348934103,-0.0005702543738312
cycle,96,0.6942293160589476,0.250536137072125,0.4878562773299615,0.5216284987277354,-0.0017443290149038,-0.0008627203278245
cycle,97,0.6924997710183036,0.2496702839295049,0.5029766608713976,0.5114503816793893,-1.478397425991318e-05,3.132814795470118e-06
cycle,98,0.6928238642006294,0.2498546551170182,0.4934144670986776,0.4961832061068702,-0.0003388771565856,-0.0001812383727178
cycle,99,0.6943303212955569,0.2506059044918768,0.4820610083767979,0.4936386768447837,-0.0018453342515132,-0.0009324877475763
cycle,100,0.6955738287478749,0.2512062342331394,0.4808756124545598,0.5190839694656488,-0.0030888417038311,-0.0015328174888389
cycle,101,0.6972098088213292,0.2520294120769734,0.4706548653917075,0.4961832061068702,-0.0047248217772855,-0.0023559953326729
cycle,102,0.6974076852396993,0.2521244986169442,0.4724724724724725,0.4936386768447837,-0.0049226981956556,-0.0024510818726437
cycle,103,0.6951956404478137,0.2510258669488562,0.4817975870607449,0.5216284987277354,-0.0027106534037699,-0.0013524502045557
cycle,104,0.6931841340957804,0.2500196209883861,0.4973131025762605,0.5292620865139949,-0.0006991470517366,-0.0003462042440856
cycle,105,0.6936084587823763,0.2502270455805938,0.4899636478583847,0.5318066157760815,-0.0011234717383326,-0.0005536288362933
cycle,106,0.6938569450759811,0.2503676350989011,0.4844054580896686,0.5165394402035624,-0.0013719580319373,-0.0006942183546007
cycle,107,0.6945164690456384,0.2506919574269003,0.4798482693219535,0.5114503816793893,-0.0020314820015946,-0.0010185406825998
cycle,108,0.6931185954341517,0.2499922518306376,0.4866708814077234,0.5419847328244275,-0.0006336083901079,-0.0003188350863371
cycle,109,0.6898762358770066,0.2483771102569241,0.5161477266740425,0.539440203562341,0.002608751167037,0.0012963064873762
cycle,110,0.6913583906304724,0.2491079188139872,0.5045308466361098,0.5419847328244275,0.0011265964135712,0.0005654979303131
cycle,111,0.6923205915090583,0.2495960287215106,0.4966018650229177,0.5139949109414759,0.0001643955349853,7.738802278983714e-05
cycle,112,0.6920271926682826,0.249456904605871,0.4986038670249197,0.5114503816793893,0.0004577943757611,0.0002165121384294
cycle,113,0.6922099520281935,0.2495346984464456,0.5026868974237395,0.5139949109414759,0.0002750350158502,0.0001387182978548
cycle,114,0.6921188206220822,0.2494947957089821,0.5058479532163742,0.5267175572519084,0.0003661664219615,0.0001786210353182
cycle,115,0.6927823811277591,0.2498103074664854,0.501633212159528,0.544529262086514,-0.0002973940837154,-0.000136890722185
cycle,116,0.692650334537673,0.2497515454460349,0.5015805278963174,0.5190839694656488,-0.0001653474936292,-7.812870173445896e-05
cycle,117,0.6955265272455943,0.2511833220909049,0.4831146936410095,0.5089058524173028,-0.0030415402015505,-0.0015099053466045
cycle,118,0.6932297995939124,0.2500393590506584,0.4937832569411517,0.5190839694656488,-0.0007448125498686,-0.000365942306358
cycle,119,0.6944122197156559,0.2506133261580021,0.4916758864127285,0.5139949109414759,-0.0019272326716122,-0.0009399094137017
cycle,120,0.6937680274320891,0.2503017194501248,0.4928349402033612,0.5089058524173028,-0.0012830403880453,-0.0006283027058243
cycle,121,0.6944825738310045,0.2506529316092519,0.4914651493598861,0.5139949109414759,-0.0019975867869608,-0.0009795148649514
cycle,122,0.6958685382836903,0.2513488986514214,0.4806912175333228,0.4961832061068702,-0.0033835512396466,-0.001675481907121
cycle,123,0.694876791061348,0.2508548256857831,0.4880933565144092,0.5190839694656488,-0.0023918040173043,-0.0011814089414826
cycle,124,0.6956480789238716,0.2512411772050615,0.4872240661714346,0.5165394402035624,-0.0031630918798278,-0.001567760460761
cycle,125,0.6951048558517313,0.2509721558019969,0.4872240661714346,0.5216284987277354,-0.0026198688076876,-0.0012987390576964
cycle,126,0.6932130247148078,0.2500247292792802,0.5022390811864496,0.549618320610687,-0.0007280376707641,-0.0003513125349798
cycle,127,0.6947085683860952,0.2507648886220753,0.4897529108055425,0.5368956743002544,-0.0022235813420514,-0.0010914718777748
cycle,128,0.6957108085200034,0.2512671654057007,0.4772930825562405,0.539440203562341,-0.0032258214759597,-0.0015937486614003
cycle,129,0.6948251711620089,0.250826191256679,0.4828249301933512,0.5292620865139949,-0.0023401841179652,-0.0011527745123786
cycle,130,0.6946863088374169,0.2507554515416826,0.4867499078025394,0.5190839694656488,-0.0022013217933731,-0.0010820347973822
cycle,131,0.6923203619369049,0.2495801231340957,0.503003003003003,0.5419847328244275,0.0001646251071387,9.329361020474214e-05
cycle,132,0.6927748973723074,0.2498136305299337,0.4958906274695748,0.5292620865139949,-0.0002899103282636,-0.0001402137856332
cycle,133,0.6932501908402705,0.2500492640739145,0.496549180759707,0.5063613231552163,-0.0007652037962267,-0.000375847329614
cycle,134,0.6931575137920588,0.249999484400359,0.4930983615194141,0.5318066157760815,-0.0006725267480151,-0.0003260676560585
cycle,135,0.6944040309237368,0.2506097571770451,0.4870923555134081,0.5292620865139949,-0.0019190438796931,-0.0009363404327446
cycle,136,0.6941111217826772,0.2504611049231069,0.4915178336230968,0.5241730279898219,-0.0016261347386334,-0.0007876881788064
cycle,137,0.6942553621553019,0.2505438930365981,0.4918339392023603,0.5318066157760815,-0.0017703751112582,-0.0008704762922976
cycle,138,0.6961145639807527,0.2514715565602823,0.4819556398503767,0.5089058524173028,-0.0036295769367089,-0.0017981398159819
cycle,139,0.695559760224969,0.2511943953751755,0.4828249301933512,0.5114503816793893,-0.0030747731809253,-0.001520978630875
cycle,140,0.6954281624190028,0.2511323904421888,0.4812444022970339,0.4860050890585242,-0.0029431753749591,-0.0014589736978883
cycle,141,0.6951925384587203,0.2510015025418725,0.4912017280438333,0.5114503816793893,-0.0027075514146766,-0.001328085797572
cycle,142,0.6938423002047842,0.2503460045956163,0.49317738791423,0.4961832061068702,-0.0013573131607405,-0.0006725878513158
cycle,143,0.6936791153691803,0.2502527709752137,0.4972077340498393,0.5089058524173028,-0.0011941283251365,-0.0005793542309133
cycle,144,0.6925166549620209,0.2496670632981174,0.5016595542911333,0.5368956743002544,-3.166791797715174e-05,6.353446183049449e-06
cycle,145,0.6938251394055558,0.2503278747355634,0.4905168326220958,0.5318066157760815,-0.001340152361512,-0.0006544579912629
cycle,146,0.6933760794722582,0.2500990943907022,0.4949159686001791,0.5267175572519084,-0.0008910924282145,-0.0004256776464018
cycle,147,0.6932766268796036,0.2500524063208986,0.4938095990727569,0.539440203562341,-0.0007916398355598,-0.0003789895765981
cycle,148,0.6963165271198798,0.2515594850099184,0.4810600073757969,0.5063613231552163,-0.003831540075836,-0.0018860682656179
cycle,149,0.6949342857747295,0.2508734862688598,0.4886465412781202,0.5241730279898219,-0.0024492987306857,-0.0012000695245593
cycle,150,0.6951921943515171,0.2510039796810449,0.4875665138823034,0.5012722646310432,-0.0027072073074734,-0.0013305629367444
cycle,151,0.6951432354623233,0.2509695387372919,0.4873030925662505,0.5089058524173028,-0.0026582484182795,-0.0012961219929915
cycle,152,0.6939718577958627,0.2503976779190229,0.4889099625941731,0.5139949109414759,-0.0014868707518189,-0.0007242611747224
cycle,153,0.6915500167407798,0.2491822355649072,0.515752594699963,0.5419847328244275,0.0009349703032639,0.0004911811793932
cycle,154,0.6890850534410841,0.2479707951616694,0.5297666087139772,0.5521628498727735,0.0033999336029596,0.0017026215826309
cycle,155,0.691519281696257,0.2491835968344462,0.5095885359043254,0.5318066157760815,0.0009657053477867,0.0004898199098542
cycle,156,0.6933205487423073,0.250074008471859,0.4967599178125493,0.5216284987277354,-0.0008355616982635,-0.0004005917275585
cycle,157,0.6937604202260711,0.2503013787724523,0.4907802539381487,0.5267175572519084,-0.0012754331820273,-0.0006279620281518
cycle,158,0.6947774566201602,0.2507972029319846,0.4916495442811232,0.5292620865139949,-0.0022924695761165,-0.0011237861876841
cycle,159,0.6954858729584932,0.2511664356952671,0.4778199251883462,0.5038167938931297,-0.0030008859144494,-0.0014930189509666
cycle,160,0.6983053091822167,0.2525679218487902,0.4579843000895632,0.4961832061068702,-0.0058203221381729,-0.0028945051044897
cycle,161,0.6978149513337487,0.2523088184616312,0.4682577314156262,0.4987277353689567,-0.005329964289705,-0.0026354017173307
cycle,162,0.6949372002730075,0.2509003321789976,0.4852220641694326,0.4987277353689567,-0.0024522132289638,-0.0012269154346971
cycle,163,0.6941773314044501,0.2505270518776609,0.4869343027237764,0.5089058524173028,-0.0016923443604064,-0.0008536351333605
cycle,164,0.6928859349037031,0.2498720689317754,0.5005005005005005,0.5267175572519084,-0.0004009478596593,-0.000198652187475
cycle,165,0.691943151482481,0.249410465131943,0.5020810283968179,0.5241730279898219,0.0005418355615627,0.0002629516123573
cycle,166,0.692757856998536,0.2498150667385692,0.4952320741794426,0.5063613231552163,-0.0002728699544922,-0.0001416499942688
cycle,167,0.6930284778614229,0.2499459581750485,0.4940466782572045,0.5114503816793893,-0.0005434908173791,-0.0002725414307481
cycle,168,0.6939369221604036,0.2503862556752171,0.4893841209630683,0.5089058524173028,-0.0014519351163598,-0.0007128389309166
cycle,169,0.6941801922274407,0.2505131132592154,0.4883831199620674,0.5216284987277354,-0.0016952051833969,-0.0008396965149149
cycle,170,0.69385443012625,0.2503433743623014,0.4915441757547021,0.5190839694656488,-0.0013694430822063,-0.0006699576180009
cycle,171,0.6957227275565236,0.2512813619459342,0.4763974500816606,0.5114503816793893,-0.0032377405124799,-0.0016079452016338
cycle,172,0.6954020299869982,0.2511105293224296,0.4845635108793004,0.5190839694656488,-0.0029170429429544,-0.0014371125781291
cycle,173,0.691853296712121,0.2493578263793004,0.504451820241294,0.5292620865139949,0.0006316903319226,0.000315590365
cycle,174,0.6914161706531526,0.2491369808626916,0.5044254781096886,0.544529262086514,0.001068816390891,0.0005364358816087
cycle,175,0.6915800792254696,0.2492057644248742,0.5124334861176967,0.544529262086514,0.0009049078185741,0.0004676523194261
cycle,176,0.6927125413880351,0.2497782475959833,0.5025551867657131,0.5597964376590331,-0.0002275543439913,-0.0001048308516829
cycle,177,0.6928495936654019,0.2498490503432438,0.5015015015015015,0.5368956743002544,-0.0003646066213581,-0.0001756335989434
cycle,178,0.6917034687969027,0.249291289534383,0.5047942679521626,0.5216284987277354,0.000781518247141,0.0003821272099174
cycle,179,0.6947938182014228,0.2508129335799445,0.4888572783309625,0.5343511450381679,-0.0023088311573791,-0.0011395168356441
cycle,180,0.6938907382433684,0.2503642798767546,0.4888309361993573,0.539440203562341,-0.0014057511993247,-0.0006908631324541
cycle,181,0.697154665498352,0.2519977450651128,0.4655181497286761,0.5190839694656488,-0.0046696784543083,-0.0023243283208123
cycle,182,0.6958634892950041,0.2513568269051658,0.4764237922132659,0.5216284987277354,-0.0033785022509603,-0.0016834101608654
cycle,183,0.6942146921508074,0.2505437256895031,0.4910436752542015,0.5190839694656488,-0.0017297051067637,-0.0008703089452027
cycle,184,0.695277601673051,0.2510821461437002,0.481902955587166,0.5139949109414759,-0.0027926146290072,-0.0014087293993997
cycle,185,0.692862148033812,0.2498632400032494,0.4992624203150518,0.5089058524173028,-0.0003771609897682,-0.000189823258949
cycle,186,0.692958891370714,0.249904540434027,0.5011063695274222,0.5368956743002544,-0.0004739043266702,-0.0002311236897266
cycle,187,0.6912705247226818,0.249066785711802,0.5075865339023234,0.5368956743002544,0.0012144623213619,0.0006066310324984
cycle,188,0.6891007284340817,0.248001732124469,0.5200727042832307,0.5470737913486005,0.003384258609962,0.0016716846198313
cycle,189,0.6901477606591672,0.248516569962222,0.5094568252462989,0.5343511450381679,0.0023372263848765,0.0011568467820784
cycle,190,0.6911014324517645,0.2489814060234495,0.5067699278225595,0.5368956743002544,0.0013835545922792,0.0006920107208509
cycle,191,0.6916877687263477,0.2492669603391287,0.5043991359780833,0.549618320610687,0.0007972183176959,0.0004064564051717
cycle,192,0.6901374579821529,0.2485087764633134,0.5113007744586692,0.544529262086514,0.0023475290618908,0.0011646402809869
cycle,193,0.6910337823020722,0.248962532419961,0.5068752963489807,0.5470737913486005,0.0014512047419714,0.0007108843243393
cycle,194,0.6914580327083625,0.2491786714888322,0.5035561877667141,0.539440203562341,0.0010269543356812,0.0004947452554681
cycle,195,0.6924667374845771,0.2496746207238912,0.5038986354775828,0.5165394402035624,1.8249559466609888e-05,-1.2039795908025397e-06
cycle,196,0.6912071005491831,0.2490438856795539,0.5107475896949581,0.5318066157760815,0.0012778864948606,0.0006295310647465
cycle,197,0.6914083419203599,0.2491442958879612,0.5131183815394342,0.544529262086514,0.0010766451236837,0.0005291208563392
cycle,198,0.6915754346518674,0.2492109948307369,0.5129603287498025,0.5419847328244275,0.0009095523921762,0.0004624219135635
cycle,199,0.6923724123323314,0.2496166801321515,0.498998998998999,0.5267175572519084,0.0001125747117123,5.6736612148916565e-05
cycle,200,0.6924010057899278,0.2496474134569285,0.4968389442073652,0.539440203562341,8.398125411590573e-05,2.600328737190072e-05
cycle,201,0.6960739468807617,0.251446302961348,0.4776091881355039,0.5063613231552163,-0.003588959836718,-0.0017728862170476
cycle,202,0.695932847686436,0.2513838833705121,0.4766345292661083,0.5114503816793893,-0.0034478606423923,-0.0017104666262116
cycle,203,0.6944179295999185,0.2506351612707823,0.4864601443548813,0.5267175572519084,-0.0019329425558748,-0.0009617445264819
cycle,204,0.6947532200302987,0.2507972157897235,0.483983983983984,0.5063613231552163,-0.002268232986255,-0.001123799045423
cycle,205,0.6958549906986968,0.2513558049668692,0.4798746114535588,0.5063613231552163,-0.0033700036546531,-0.0016823882225687
cycle,206,0.6933611944655438,0.2501152536546291,0.4942574153100469,0.5165394402035624,-0.0008762074215,-0.0004418369103287
cycle,207,0.6936504594201571,0.2502561409093065,0.4949423107317844,0.5139949109414759,-0.0011654723761134,-0.000582724165006
cycle,208,0.6914994788201261,0.2491762187682389,0.5074811653759023,0.544529262086514,0.0009855082239176,0.0004971979760614
cycle,209,0.6911876389266086,0.2490170387323239,0.5056899004267426,0.5470737913486005,0.001297348117435,0.0006563780119764
cycle,210,0.691736631463576,0.2492959542898987,0.5009483167377904,0.5343511450381679,0.0007483555804677,0.0003774624544016
cycle,211,0.691129744559774,0.2490011950776215,0.4983141035772614,0.5292620865139949,0.0013552424842696,0.0006722216666789
cycle,212,0.6921317866752635,0.2494900647960079,0.4988409462093672,0.5267175572519084,0.0003532003687801,0.0001833519482924
cycle,213,0.692071820657061,0.2494574558989534,0.502634213160529,0.5343511450381679,0.0004131663869827,0.0002159608453469
cycle,214,0.6917509860884223,0.2493052600541953,0.5029766608713977,0.5267175572519084,0.0007340009556213,0.0003681566901051
cycle,215,0.6918729915881402,0.2493728299765498,0.4981823929192351,0.5267175572519084,0.0006119954559035,0.0003005867677506
cycle,216,0.6908109195700264,0.248848031933917,0.5072177440598493,0.544529262086514,0.0016740674740173,0.0008253848103833
cycle,217,0.6915721334476733,0.249231678930764,0.5076392181655339,0.5292620865139949,0.0009128535963703,0.0004417378135364
cycle,218,0.6891795991465615,0.2480429230025874,0.5218639692323903,0.5470737913486005,0.0033053878974822,0.001630493741713
cycle,219,0.6910787534833079,0.2489601339234503,0.5141193825404352,0.5419847328244275,0.0014062335607357,0.0007132828208501
cycle,220,0.6917121260086542,0.2492790012030119,0.5033717928454771,0.5572519083969466,0.0007728610353895,0.0003944155412885
cycle,221,0.6917887623389436,0.2493240695599671,0.5001580527896317,0.5470737913486005,0.0006962247051001,0.0003493471843333
cycle,222,0.6923042160897265,0.2495860810306683,0.4944681523628892,0.5267175572519084,0.0001807709543172,8.733571363211956e-05
cycle,223,0.6924742916089022,0.2496670636476049,0.4979189716031821,0.5368956743002544,1.0695435141538924e-05,6.353096695527194e-06
cycle,224,0.6924242026591539,0.249629120747185,0.5015541857647121,0.5165394402035624,6.078438488976712e-05,4.429599711541776e-05
cycle,225,0.6947389612293583,0.2507858643825361,0.4834044570886676,0.4936386768447837,-0.0022539741853145,-0.0011124476382357
cycle,226,0.6967512168461385,0.2517959188348638,0.4679679679679679,0.4961832061068702,-0.0042662298020947,-0.0021225020905634
cycle,227,0.6941771758829474,0.2505262720521398,0.4861440387756177,0.5114503816793893,-0.0016921888389036,-0.0008528553078393
cycle,228,0.6948083664446557,0.2508287524308055,0.4864338022232758,0.4987277353689567,-0.002323379400612,-0.0011553356865051
cycle,229,0.6931709436536072,0.2500135521480295,0.4950213371266003,0.5089058524173028,-0.0006859566095634,-0.000340135403729
cycle,230,0.6912830274498212,0.24906646723887,0.5066645592961382,0.5292620865139949,0.0012019595942225,0.0006069495054304
cycle,231,0.6921716069956015,0.2495064397893285,0.5025288446341079,0.5343511450381679,0.0003133800484421,0.0001669769549718
cycle,232,0.6908504821489428,0.2488572556151227,0.5047152415573468,0.544529262086514,0.0016345048951008,0.0008161611291777
cycle,233,0.6921228783204536,0.2494959484751556,0.4954164691006796,0.5241730279898219,0.0003621087235901,0.0001774682691448
cycle,234,0.6915829215847992,0.249222870633509,0.5065591907697171,0.539440203562341,0.0009020654592445,0.0004505461107914
cycle,235,0.691538151097708,0.2492115166139942,0.5035035035035036,0.5139949109414759,0.0009468359463357,0.0004619001303061
cycle,236,0.693882199150157,0.2503782234778528,0.4903587798324641,0.5190839694656488,-0.0013972121061133,-0.0007048067335523
cycle,237,0.6934802441334814,0.2501777096271789,0.4916758864127285,0.5216284987277354,-0.0009952570894377,-0.0005042928828784
cycle,238,0.6946317842008093,0.2507474077286384,0.4845108266160897,0.5165394402035624,-0.0021467971567655,-0.001073990984338
cycle,239,0.6955514344578198,0.2511875212342382,0.4850113271165903,0.5139949109414759,-0.003066447413776,-0.0015141044899377
cycle,240,0.6918961109352014,0.2493921444915106,0.499631210157526,0.5139949109414759,0.0005888761088422,0.0002812722527898
cycle,241,0.6916570874046776,0.2492661638882224,0.5022390811864497,0.5267175572519084,0.0008278996393661,0.000407252856078
cycle,242,0.692309740686943,0.2495914316151722,0.493546177756704,0.5267175572519084,0.0001752463571007,8.198512912821476e-05
cycle,243,0.6924499129354628,0.2496678259816831,0.4918075970707549,0.5318066157760815,3.507410858094584e-05,5.590762617274647e-06
cycle,244,0.6946981681972794,0.2507781575198887,0.4812707444286391,0.5241730279898219,-0.0022131811532356,-0.0011047407755882
cycle,245,0.6957117635414195,0.2512771608363597,0.475791581054739,0.5114503816793893,-0.0032267764973757,-0.0016037440920592
cycle,246,0.6940898704753666,0.2504771962516069,0.4937832569411517,0.5038167938931297,-0.0016048834313229,-0.0008037795073065
cycle,247,0.6956536167444392,0.2512321589114357,0.485090353511406,0.5216284987277354,-0.0031686297003954,-0.0015587421671352
cycle,248,0.6958726645568581,0.2513476941923312,0.4839576418523787,0.5343511450381679,-0.0033876775128144,-0.0016742774480307
cycle,249,0.6941605896334255,0.2505018056095499,0.4959433117327854,0.5216284987277354,-0.0016756025893818,-0.0008283888652494
cycle,250,0.6928296687284856,0.2498398220956772,0.4992360781834466,0.5216284987277354,-0.0003446816844419,-0.0001664053513767
cycle,251,0.6924805351822358,0.2496746063209474,0.4997365786839471,0.5190839694656488,4.451861807863722e-06,-1.1895766470482183e-06
cycle,252,0.6931492047544587,0.2499908905314956,0.4984721563668933,0.544529262086514,-0.000664217710415,-0.0003174737871952
ziping,5,0.6951277628772321,0.2509642605555497,0.4723671039460513,0.5165394402035624,-0.0026427758331887,-0.0012908438112493
ziping,6,0.691789004998875,0.249325626856486,0.5023971339760813,0.5139949109414759,0.0006959820451684,0.0003477898878143
ziping,7,0.6938666024105875,0.2503620591472746,0.4770823455033982,0.5216284987277354,-0.0013816153665441,-0.0006886424029742
ziping,8,0.6923106276685324,0.2495739826056237,0.4905958590169116,0.5267175572519084,0.000174359375511,9.943413867660732e-05
ziping,9,0.6921130525774831,0.2494804036398843,0.4875138296190927,0.5419847328244275,0.0003719344665602,0.0001930131044159
ziping,10,0.6964539830178655,0.2516294125909549,0.4738949475791581,0.5012722646310432,-0.0039689959738221,-0.0019559958466546
ziping,11,0.6912696096622439,0.2490574235824997,0.4972867604446551,0.5368956743002544,0.0012153773817994,0.0006159931618006
ziping,12,0.6951903433574727,0.2510106599630016,0.4754227912122649,0.5038167938931297,-0.0027053563134292,-0.0013372432187013
ziping,13,0.6921244861418849,0.2494882926370862,0.4869343027237764,0.5470737913486005,0.0003605009021584,0.000185124107214
ziping,14,0.6902401475369659,0.2485384211576685,0.5114061429850904,0.539440203562341,0.0022448395070774,0.0011349955866318
ziping,15,0.6964770682094743,0.2516424755046619,0.4666508613877035,0.5139949109414759,-0.0039920811654309,-0.0019690587603615
ziping,16,0.6939984725347151,0.2504193043123288,0.4877245666719351,0.5216284987277354,-0.0015134854906717,-0.0007458875680285
ziping,17,0.69288016914211,0.2498554956542412,0.4917285706759391,0.5139949109414759,-0.0003951820980666,-0.0001820789099409
ziping,18,0.6968439482409204,0.2518417238970483,0.4584584584584584,0.5063613231552163,-0.004358961196877,-0.0021683071527479
ziping,19,0.6905498506845266,0.2487140856935662,0.5060323481376113,0.5419847328244275,0.0019351363595168,0.0009593310507341
ziping,20,0.694019058612877,0.2504192797645256,0.4854854854854856,0.5343511450381679,-0.0015340715688336,-0.0007458630202253
ziping,21,0.6991499000022454,0.2529645476948145,0.453953953953954,0.5114503816793893,-0.006664912958202,-0.0032911309505141
ziping,22,0.6958569603309858,0.2513300256074102,0.467335756809441,0.5216284987277354,-0.0033719732869423,-0.0016566088631098
ziping,23,0.6959968526546608,0.2514084110717928,0.4718139191823403,0.5089058524173028,-0.0035118656106174,-0.0017349943274925
ziping,24,0.698274123082646,0.2525287357738324,0.4638322533059375,0.5089058524173028,-0.0057891360386026,-0.002855319029532
ziping,25,0.6955408839219599,0.2511788783202238,0.4734734734734734,0.5063613231552163,-0.0030558968779165,-0.0015054615759235
ziping,26,0.6961613727435972,0.2514968721349355,0.4638322533059376,0.5038167938931297,-0.0036763856995538,-0.0018234553906351
ziping,27,0.6963188479536,0.2515801304628349,0.4565618249828777,0.5089058524173028,-0.0038338609095566,-0.0019067137185346
ziping,28,0.696363391255026,0.251590394281027,0.4646225172540962,0.5216284987277354,-0.0038784042109826,-0.0019169775367267
ziping,29,0.6942931784314349,0.2505703006170091,0.4806912175333228,0.5216284987277354,-0.0018081913873915,-0.0008968838727087
ziping,30,0.693518589273753,0.2501654221796732,0.4870133291185923,0.5368956743002544,-0.0010336022297096,-0.0004920054353728
ziping,31,0.6949851200836947,0.2509025296183682,0.4771613718982139,0.5038167938931297,-0.0025001330396513,-0.0012291128740678
ziping,32,0.6921171328509074,0.249477485629039,0.4981560507876297,0.5241730279898219,0.000367854193136,0.0001959311152612
ziping,33,0.6893130748971549,0.248092738787683,0.5216268900479427,0.5521628498727735,0.0031719121468885,0.0015806779566172
ziping,34,0.6864648967429134,0.2466763945379486,0.5346925873241662,0.544529262086514,0.0060200903011299,0.0029970222063517
ziping,35,0.693312893971706,0.2500847655098953,0.4858806174595648,0.5038167938931297,-0.0008279069276626,-0.000411348765595
ziping,36,0.6937649509988117,0.2503083632274867,0.4863284336968547,0.5190839694656488,-0.0012799639547683,-0.0006349464831863
ziping,37,0.6936105511115228,0.2502236079996774,0.4937305726779411,0.5267175572519084,-0.0011255640674794,-0.0005501912553771
ziping,38,0.6902773250694314,0.248574011593343,0.499631210157526,0.5292620865139949,0.0022076619746119,0.0010994051509573
ziping,39,0.692506609241177,0.2496719476202807,0.4934408092302829,0.5343511450381679,-2.1622197133641663e-05,1.46912401963184e-06
ziping,40,0.6936538560480457,0.2502469412235247,0.4920973605184132,0.5114503816793893,-0.0011688690040023,-0.0005735244792243
ziping,41,0.6928013556043391,0.2498326372783234,0.4852220641694325,0.5190839694656488,-0.0003163685602957,-0.000159220534023
ziping,42,0.6931809500154609,0.2499924767983106,0.4893050945682525,0.5368956743002544,-0.0006959629714174,-0.0003190600540103
ziping,43,0.6943065369429068,0.2505842459868351,0.480164374901217,0.5292620865139949,-0.0018215498988634,-0.0009108292425347
ziping,44,0.6915631143485492,0.2492178107839937,0.5033717928454771,0.5165394402035624,0.0009218726954941,0.0004556059603065
ziping,45,0.692061021706769,0.2494653015080468,0.4985248406301038,0.5216284987277354,0.0004239653372744,0.0002081152362534
ziping,46,0.6932989351400466,0.2500680801370833,0.4971550497866288,0.5165394402035624,-0.0008139480960032,-0.0003946633927829
ziping,47,0.6921642813823566,0.2495092754091634,0.5015278436331068,0.5368956743002544,0.0003207056616867,0.0001641413351368
ziping,48,0.6953549292725797,0.2510917614688693,0.4711290237606027,0.5114503816793893,-0.0028699422285363,-0.0014183447245689
ziping,49,0.6931863416668363,0.2500168350590834,0.4849059585901691,0.5190839694656488,-0.0007013546227929,-0.0003434183147831
ziping,50,0.694516996295013,0.2506910522786835,0.4772667404246351,0.5063613231552163,-0.0020320092509695,-0.0010176355343831
ziping,51,0.6980536068423462,0.2524386248871405,0.4494231073178441,0.4936386768447837,-0.0055686197983028,-0.0027652081428402
ziping,52,0.6956110135047668,0.2512211349832793,0.4739212897107634,0.5139949109414759,-0.0031260264607234,-0.0015477182389789
ziping,53,0.6940254682919271,0.2504468620711872,0.4813497708234551,0.5343511450381679,-0.0015404812478837,-0.0007734453268868
ziping,54,0.6959795759055377,0.2514243109319303,0.4713924450766556,0.5063613231552163,-0.0034945888614943,-0.00175089418763
ziping,55,0.699093983308614,0.2529401088737205,0.4527949001633212,0.5216284987277354,-0.0066089962645706,-0.0032666921294202
ziping,56,0.6958763712609485,0.2513731137458597,0.4618565934355408,0.4910941475826972,-0.0033913842169051,-0.0016996970015594
ziping,57,0.699295420773522,0.25305094325441,0.448316737790422,0.4707379134860051,-0.0068104337294786,-0.0033775265101096
ziping,58,0.6959642868769031,0.2514220129945644,0.4630683314893841,0.4910941475826972,-0.0034792998328597,-0.001748596250264
ziping,59,0.6962575194969884,0.251547276990559,0.4769242927137664,0.5139949109414759,-0.003772532452945,-0.0018738602462587
ziping,60,0.6938644572806112,0.2503520620334108,0.4750540013697908,0.5343511450381679,-0.0013794702365678,-0.0006786452891104
ziping,61,0.6965204736508077,0.2516816824739517,0.4650439913597808,0.5063613231552163,-0.0040354866067643,-0.0020082657296514
ziping,62,0.6936561828249838,0.2502543410246049,0.4854328012222749,0.5190839694656488,-0.0011711957809403,-0.0005809242803045
ziping,63,0.6962609936113232,0.2515427010345427,0.4692323902850218,0.5343511450381679,-0.0037760065672798,-0.0018692842902424
ziping,64,0.7000793633000152,0.253439040106049,0.4422317053896001,0.5114503816793893,-0.0075943762559718,-0.0037656233617486
ziping,65,0.6924717829553478,0.2496727864597434,0.494915968600179,0.5267175572519084,1.3204088695539797e-05,6.302845568795234e-07
ziping,66,0.6955698778443438,0.2512018577446299,0.4758179231863442,0.5114503816793893,-0.0030848908003003,-0.0015284410003295
ziping,67,0.6905472872028421,0.248724195340411,0.4999209736051841,0.5470737913486005,0.0019376998412012,0.0009492214038892
ziping,68,0.6971920409622506,0.2520226103517914,0.4575101417206681,0.4961832061068702,-0.0047070539182072,-0.0023491936074911
ziping,69,0.6917399181707452,0.2493077490688592,0.4790580053737949,0.5318066157760815,0.0007450688732981,0.0003656676754411
ziping,70,0.6940907635960508,0.250465223983467,0.4806121911385069,0.5190839694656488,-0.0016057765520074,-0.0007918072391666
ziping,71,0.7007024958807931,0.2537383111813807,0.4310889837205627,0.4885496183206106,-0.0082175088367497,-0.0040648944370803
ziping,72,0.6937572170247003,0.2503010274336362,0.4842210631684315,0.539440203562341,-0.0012722299806569,-0.0006276106893358
ziping,73,0.6934429398902742,0.2501542416962841,0.4786628733997154,0.5343511450381679,-0.0009579528462307,-0.0004808249519837
ziping,74,0.6944216839714803,0.2506314743694177,0.4741056846320004,0.5114503816793893,-0.0019366969274369,-0.0009580576251174
ziping,75,0.6915983345348314,0.2492250299990001,0.4907275696749381,0.5241730279898219,0.0008866525092119,0.0004483867453001
ziping,76,0.6958579946689857,0.2513249836504109,0.4840103261155893,0.5089058524173028,-0.0033730076249423,-0.0016515669061105
ziping,77,0.690375735570799,0.2486131207365358,0.5027132395553449,0.5597964376590331,0.0021092514732443,0.0010602960077644
ziping,78,0.6926491045933998,0.2497471450867558,0.4860913545124071,0.55470737913486,-0.0001641175493564,-7.372834245553128e-05
ziping,79,0.6919784298719205,0.2494247644350511,0.4890680153838049,0.5216284987277354,0.0005065571721228,0.0002486523092492
ziping,80,0.6936675185648865,0.2502672318402434,0.4852747484326432,0.5292620865139949,-0.0011825315208431,-0.000593815095943
ziping,81,0.6930938244236066,0.2499570106962609,0.4927559138085454,0.5419847328244275,-0.0006088373795631,-0.0002835939519605
ziping,82,0.6962247947200126,0.2515219571986314,0.4659659659659659,0.5139949109414759,-0.0037398076759692,-0.0018485404543311
ziping,83,0.6903959128204761,0.248633084455966,0.5071387176650335,0.5419847328244275,0.0020890742235673,0.0010403322883342
ziping,84,0.6947436676274276,0.2508015488126905,0.4699963121015753,0.4936386768447837,-0.0022586805833841,-0.0011281320683902
ziping,85,0.6915841233983919,0.2492342887673936,0.4913334387018597,0.5038167938931297,0.0009008636456514,0.0004391279769066
ziping,86,0.6948780554294453,0.2508440989371231,0.4814551393498761,0.544529262086514,-0.0023930683854018,-0.0011706821928228
ziping,87,0.6900755248109305,0.2484601782822707,0.5116695643011432,0.5419847328244275,0.0024094622331128,0.0012132384620295
ziping,88,0.6952163926189725,0.2510376270259677,0.4668615984405458,0.4961832061068702,-0.0027314055749291,-0.0013642102816674
ziping,89,0.6932577530192447,0.2500586229801237,0.4900426742532006,0.5216284987277354,-0.0007727659752013,-0.0003852062358233
ziping,90,0.6926447294287392,0.2497735201451847,0.4830620093777988,0.4885496183206106,-0.0001597423846958,-0.0001001034008843
ziping,91,0.6904000524834927,0.2486265131324118,0.5102470891944576,0.544529262086514,0.0020849345605506,0.0010469036118884
ziping,92,0.693936386984785,0.2503955406498184,0.4875401717506981,0.5012722646310432,-0.0014513999407416,-0.0007221239055181
ziping,93,0.6919736187077348,0.249416901036771,0.4989199726041832,0.5089058524173028,0.0005113683363086,0.0002565157075293
ziping,94,0.6964640249849504,0.2516240695210979,0.4842737474316421,0.5089058524173028,-0.003979037940907,-0.0019506527767976
ziping,95,0.6931160332764772,0.2500065154400481,0.4836942205363258,0.5114503816793893,-0.0006310462324338,-0.0003330986957478
ziping,96,0.6948984544100437,0.250849298540118,0.4899636478583847,0.5089058524173028,-0.0024134673660003,-0.0011758817958176
ziping,97,0.6920952253780809,0.2494710784983653,0.4998946314735788,0.5318066157760815,0.0003897616659624,0.0002023382459349
ziping,98,0.6980621011858167,0.25243238063668,0.4652810705442284,0.4936386768447837,-0.0055771141417733,-0.0027589638923796
ziping,99,0.694827380208693,0.2508377545074354,0.4827722459301407,0.4987277353689567,-0.0023423931646495,-0.001164337763135
ziping,100,0.6945068377813644,0.2506731979533011,0.4832200621674306,0.5063613231552163,-0.0020218507373209,-0.0009997812090007
ziping,101,0.6941869128523727,0.2505128583551901,0.4895158316210948,0.5267175572519084,-0.0017019258083292,-0.0008394416108898
ziping,102,0.6952523664989576,0.2510465317269786,0.4821927190348243,0.5114503816793893,-0.0027673794549142,-0.0013731149826782
ziping,103,0.6924512419882709,0.2496541403304782,0.5061640587956378,0.5318066157760815,3.3745055772471666e-05,1.927641382212797e-05
ziping,104,0.6944515538076536,0.2506401621533304,0.4873821189610663,0.5419847328244275,-0.0019665667636101,-0.00096674540903
ziping,105,0.693459875276884,0.2501598680310775,0.4808756124545598,0.5267175572519084,-0.0009748882328406,-0.0004864512867772
ziping,106,0.6925985196876332,0.2497210393561821,0.5002897634476582,0.5470737913486005,-0.0001135326435898,-4.762261188176464e-05
ziping,107,0.6908611220705314,0.248864588941525,0.5017122385543438,0.539440203562341,0.0016238649735119,0.0008088278027753
ziping,108,0.6899003883356386,0.2483870399990743,0.5123544597228807,0.5038167938931297,0.0025845987084047,0.0012863767452259
ziping,109,0.6922495344623982,0.2495464666844749,0.4964174701016806,0.5267175572519084,0.0002354525816451,0.0001269500598254
ziping,110,0.6903475282693445,0.2486114993979657,0.5169643327538065,0.5267175572519084,0.0021374587746988,0.0010619173463345
ziping,111,0.6923965665512367,0.2496166748919532,0.5017385806859491,0.5318066157760815,8.842049280666231e-05,5.67418523471086e-05
ziping,112,0.691537106451977,0.2492014098557379,0.4999473157367894,0.5216284987277354,0.0009478805920664,0.0004720068885623
ziping,113,0.6933549405529451,0.2501045283522588,0.4832990885622464,0.5063613231552163,-0.0008699535089017,-0.0004311116079585
ziping,114,0.6891203923170894,0.2479960689815481,0.5119856698804068,0.544529262086514,0.0033645947269539,0.0016773477627521
ziping,115,0.6952408474953757,0.2510511467574842,0.4694958116010748,0.5038167938931297,-0.0027558604513323,-0.0013777300131838
ziping,116,0.6909722527815376,0.2489207579580141,0.5021337126600285,0.55470737913486,0.0015127342625057,0.0007526587862861
ziping,117,0.6937667926547596,0.2503154276630681,0.4800590063747958,0.5318066157760815,-0.0012818056107162,-0.0006420109187678
ziping,118,0.6940738507803897,0.2504656322041064,0.4932037300458353,0.5139949109414759,-0.0015888637363463,-0.000792215459806
ziping,119,0.691135563412976,0.2490033386458608,0.4994731573678942,0.5241730279898219,0.0013494236310673,0.0006700780984394
ziping,120,0.6941704929966506,0.2505140628610426,0.4897002265423318,0.4987277353689567,-0.0016855059526071,-0.0008406461167423
ziping,121,0.6931536422191112,0.2500040485495738,0.4892787524366472,0.5241730279898219,-0.0006686551750678,-0.0003306318052734
ziping,122,0.6901845321771238,0.2485312634997771,0.5049523207417945,0.5267175572519084,0.0023004548669195,0.0011421532445232
ziping,123,0.6943955266841977,0.250638135515481,0.4770296612401875,0.4987277353689567,-0.0019105396401543,-0.0009647187711806
ziping,124,0.6944781769148377,0.2506677911619213,0.4796375322691112,0.5241730279898219,-0.0019931898707943,-0.0009943744176209
ziping,125,0.6954994429227667,0.2511796659114998,0.4672567304146251,0.4910941475826972,-0.0030144558787232,-0.0015062491671995
ziping,126,0.6919029207493296,0.2493913518371969,0.5089299826141931,0.5165394402035624,0.0005820662947138,0.0002820649071034
ziping,127,0.6901210078243148,0.248488890053732,0.5097465886939572,0.5267175572519084,0.0023639792197285,0.0011845266905682
ziping,128,0.6933774162265617,0.2501107162656541,0.4881196986460144,0.5241730279898219,-0.0008924291825183,-0.0004372995213537
ziping,129,0.6946689071584352,0.2507611726592787,0.4907802539381487,0.5216284987277354,-0.0021839201143918,-0.0010877559149783
ziping,130,0.6898451476789484,0.2483683581655899,0.514014014014014,0.5674300254452926,0.0026398393650949,0.0013050585787103
ziping,131,0.6927091763995555,0.249799710890177,0.488251409304041,0.5139949109414759,-0.0002241893555121,-0.0001262941458766
ziping,132,0.6935635477452177,0.2501969740181352,0.4954954954954955,0.5114503816793893,-0.0010785607011742,-0.0005235572738349
ziping,133,0.6932271573811778,0.2500445442155263,0.488435804225278,0.5267175572519084,-0.0007421703371344,-0.0003711274712259
ziping,134,0.6906433625986529,0.248737484699127,0.5145935409093304,0.5470737913486005,0.0018416244453904,0.0009359320451732
ziping,135,0.6929869293964545,0.2499248781913061,0.4908856224645698,0.5267175572519084,-0.000501942352411,-0.0002514614470058
ziping,136,0.6910186024575219,0.2489388203168036,0.5082187450608503,0.5292620865139949,0.0014663845865214,0.0007345964274966
ziping,137,0.6957774471636373,0.2512933359450661,0.4686528633897055,0.5139949109414759,-0.0032924601195939,-0.0016199192007658
ziping,138,0.6921431974985028,0.2494961095968048,0.4980243401296033,0.5419847328244275,0.0003417895455405,0.0001773071474955
ziping,139,0.6959527025225567,0.2513869671576956,0.4765028186080818,0.4936386768447837,-0.0034677154785133,-0.0017135504133952
ziping,140,0.6953861993327877,0.2511190384812503,0.4713924450766555,0.5089058524173028,-0.0029012122887442,-0.0014456217369499
ziping,141,0.6921625565430226,0.2494931268243601,0.5081133765344291,0.539440203562341,0.0003224305010207,0.0001802899199401
ziping,142,0.6927516158361148,0.2498024641656113,0.4895421737527,0.5114503816793893,-0.0002666287920713,-0.000129047421311
ziping,143,0.695780375698342,0.2512907517368413,0.4817185606659291,0.5241730279898219,-0.0032953886542985,-0.001617334992541
ziping,144,0.692172261500843,0.2495067727770349,0.4982877614456562,0.5190839694656488,0.0003127255432003,0.0001666439672653
ziping,145,0.6943957692660607,0.2506189987040607,0.4850376692481956,0.4834605597964376,-0.0019107822220173,-0.0009455819597603
ziping,146,0.6917624242309018,0.2492967431416131,0.5017649228175545,0.539440203562341,0.0007225628131415,0.0003766736026871
ziping,147,0.6932355419026074,0.2500462603453263,0.4995785258943153,0.5241730279898219,-0.000750554858564,-0.000372843601026
ziping,148,0.691636920038569,0.2492334998590422,0.5030556872662136,0.5318066157760815,0.0008480670054743,0.0004399168852581
ziping,149,0.692836988646784,0.249847111865912,0.4887782519361466,0.5089058524173028,-0.0003520016027406,-0.0001736951216116
ziping,150,0.6948322029293825,0.25083097609476,0.4758706074495548,0.5292620865139949,-0.0023472158853391,-0.0011575593504597
ziping,151,0.6930417376065892,0.2499326592219974,0.4966545492861282,0.5216284987277354,-0.0005567505625457,-0.0002592424776971
ziping,152,0.6919629774685471,0.2494115388194847,0.4887782519361466,0.5089058524173028,0.0005220095754963,0.0002618779248156
ziping,153,0.6923334254139071,0.2496054161984608,0.48316737790422,0.5114503816793893,0.0001515616301362,6.800054583949722e-05
ziping,154,0.6921123451975392,0.2494798172789736,0.505005005005005,0.5089058524173028,0.0003726418465042,0.0001935994653267
ziping,155,0.6946355237459465,0.2507293490810115,0.4869343027237764,0.5241730279898219,-0.0021505367019031,-0.0010559323367111
ziping,156,0.6937625097658776,0.2502997217223805,0.4736842105263157,0.5267175572519084,-0.0012775227218342,-0.0006263049780801
ziping,157,0.693255321914007,0.2500327676938725,0.4965228386281017,0.5368956743002544,-0.0007703348699635,-0.0003593509495722
ziping,158,0.6936181139526074,0.2502322601293254,0.4893314366998578,0.5165394402035624,-0.001133126908564,-0.000558843385025
ziping,159,0.6960312143714196,0.2514365062743551,0.4654127812022549,0.5216284987277354,-0.0035462273273761,-0.0017630895300547
ziping,160,0.6950431388167778,0.2509268582992103,0.4783204256888467,0.5292620865139949,-0.0025581517727344,-0.00125344155491
ziping,161,0.6920196584570589,0.2494436432040949,0.4901480427796217,0.4987277353689567,0.0004653285869844,0.0002297735402053
ziping,162,0.6901191173621122,0.2484903246286228,0.5105631947737211,0.5267175572519084,0.0023658696819311,0.0011830921156775
ziping,163,0.6925172869305724,0.2496581286806837,0.4951003635214162,0.5292620865139949,-3.229988652897475e-05,1.5288063616614167e-05
ziping,164,0.6906628608156951,0.2487633031191601,0.5061640587956378,0.5318066157760815,0.0018221262283483,0.0009101136251401
ziping,165,0.6932566965733747,0.2500398902023292,0.4799009535851641,0.5267175572519084,-0.0007717095293313,-0.0003664734580289
ziping,166,0.6911765329817516,0.2490173662963011,0.5060060060060061,0.5292620865139949,0.0013084540622917,0.0006560504479991
ziping,167,0.6928633058266326,0.2498592229001307,0.48680259206575,0.5089058524173028,-0.0003783187825892,-0.0001858061558303
ziping,168,0.6916426867343964,0.2492575372253901,0.4895948580159107,0.5165394402035624,0.0008423003096469,0.0004158795189101
ziping,169,0.694857476919996,0.2508455731115379,0.4790053211105842,0.4987277353689567,-0.0023724898759526,-0.0011721563672376
ziping,170,0.6936770830189161,0.2502488197128663,0.4865918550129076,0.5216284987277354,-0.0011920959748726,-0.0005754029685659
ziping,171,0.6926621800932594,0.2497505213745754,0.4973921289710763,0.5343511450381679,-0.000177193049216,-7.710463027513215e-05
ziping,172,0.6914423796400285,0.2491375923598141,0.4984458142352879,0.5292620865139949,0.0010426074040148,0.0005358243844861
ziping,173,0.6877028746839213,0.2473004557784566,0.5267372635793688,0.5572519083969466,0.004782112360122,0.0023729609658436
ziping,174,0.6944644816061453,0.2506316724582965,0.4809282967177704,0.5216284987277354,-0.0019794945621018,-0.0009582557139962
ziping,175,0.6929080937795956,0.2498743703033898,0.4973131025762605,0.5241730279898219,-0.0004231067355522,-0.0002009535590895
ziping,176,0.6915846195730312,0.2492079700056924,0.5038986354775828,0.544529262086514,0.0009003674710121,0.0004654467386078
ziping,177,0.695034202613562,0.250934206787486,0.4759232917127654,0.5216284987277354,-0.0025492155695185,-0.0012607900431856
ziping,178,0.6916043116386061,0.2492257296791218,0.4993941309730783,0.5216284987277354,0.0008806754054372,0.0004476870651785
ziping,179,0.6961880246376886,0.2514938007851673,0.4747642379221327,0.5165394402035624,-0.0037030375936452,-0.0018203840408669
ziping,180,0.6916199471027847,0.2492318554820909,0.4965228386281017,0.5368956743002544,0.0008650399412586,0.0004415612622094
ziping,181,0.693764180025275,0.2502924723581126,0.4912017280438333,0.5190839694656488,-0.0012791929812315,-0.0006190556138123
ziping,182,0.6932338573276988,0.2500359292614518,0.4863020915652494,0.5470737913486005,-0.0007488702836554,-0.0003625125171514
ziping,183,0.6949682696821977,0.250894214468718,0.479163373900216,0.5038167938931297,-0.0024832826381543,-0.0012207977244177
ziping,184,0.6953842871544136,0.2511014901154206,0.4698909435751541,0.4987277353689567,-0.0028993001103702,-0.0014280733711202
ziping,185,0.6932173517185066,0.2500328692106699,0.4858542753279595,0.5089058524173028,-0.0007323646744632,-0.0003594524663695
ziping,186,0.6934192765394891,0.2501440969036236,0.4812444022970339,0.5343511450381679,-0.0009342894954457,-0.0004706801593232
ziping,187,0.6901785073676876,0.2485218677646046,0.5123281175912755,0.5267175572519084,0.0023064796763557,0.0011515489796956
ziping,188,0.6945468737360777,0.2506952106215859,0.4773194246878457,0.5267175572519084,-0.0020618866920343,-0.0010217938772855
ziping,189,0.6927002811887853,0.2497861800917762,0.4801907170328222,0.5139949109414759,-0.0002152941447419,-0.0001127633474758
ziping,190,0.6929968684525812,0.2499159575470233,0.4845898530109056,0.5343511450381679,-0.0005118814085378,-0.000242540802723
ziping,191,0.6976998541695603,0.2522500749798726,0.4708129181813393,0.5089058524173028,-0.0052148671255168,-0.0025766582355722
ziping,192,0.6921484763588998,0.2495009113725721,0.4938622833359676,0.5012722646310432,0.0003365106851436,0.0001725053717281
ziping,193,0.6947219661508587,0.2507904610713622,0.4723144196828407,0.4961832061068702,-0.0022369791068153,-0.0011170443270618
ziping,194,0.6933820237846644,0.2501190170342225,0.4782677414256362,0.5190839694656488,-0.000897036740621,-0.0004456002899222
ziping,195,0.6964695199048733,0.2516124509853798,0.469337758811443,0.5165394402035624,-0.0039845328608298,-0.0019390342410794
ziping,196,0.6914620765986096,0.2491738163372846,0.5004214741056847,0.544529262086514,0.0010229104454337,0.0004996004070157
ziping,197,0.6918717388812062,0.2493590109977865,0.5049523207417944,0.5216284987277354,0.0006132481628371,0.0003144057465137
ziping,198,0.6923525250130174,0.2496086276117035,0.4878562773299615,0.5216284987277354,0.000132462031026,6.478913259674868e-05
ziping,199,0.6943308555758979,0.2505806888767273,0.4770033191085822,0.5190839694656488,-0.0018458685318545,-0.000907272132427
ziping,200,0.6947700115048788,0.2508091796673791,0.4770823455033981,0.5165394402035624,-0.0022850244608354,-0.0011357629230787
ziping,201,0.6933188875290142,0.2500839898908003,0.4923871239660713,0.5318066157760815,-0.0008339004849707,-0.0004105731465
ziping,202,0.6902158356966084,0.2485541210982564,0.5021073705284231,0.5674300254452926,0.0022691513474349,0.0011192956460439
ziping,203,0.6917994468373128,0.2493147328338454,0.5001580527896318,0.5318066157760815,0.0006855402067306,0.0003586839104548
ziping,204,0.697511799638639,0.2521375892182421,0.4698382593119435,0.5190839694656488,-0.0050268125945955,-0.0024641724739417
ziping,205,0.6944479734376391,0.2506467410451912,0.4889626468573837,0.5038167938931297,-0.0019629863935957,-0.0009733243008909
ziping,206,0.695611229593455,0.2512260479101881,0.467520151730678,0.5114503816793893,-0.0031262425494116,-0.0015526311658878
ziping,207,0.6942314641250931,0.2505335055978508,0.4753174226858437,0.5114503816793893,-0.0017464770810496,-0.0008600888535504
ziping,208,0.692833202762758,0.2498360059964058,0.4910700173858068,0.5343511450381679,-0.0003482157187145,-0.0001625892521055
ziping,209,0.6896280468248759,0.2482499044622823,0.5106158790369316,0.5623409669211196,0.0028569402191674,0.001423512282018
ziping,210,0.6961805402087371,0.2515142632815605,0.468705547652916,0.5038167938931297,-0.0036955531646937,-0.0018408465372602
ziping,211,0.6902258306828998,0.2485631302422058,0.4997629208155524,0.5292620865139949,0.0022591563611435,0.0011102865020944
ziping,212,0.6905560429050527,0.2487186552760883,0.504557188767715,0.5470737913486005,0.0019289441389906,0.000954761468212
ziping,213,0.693202894467952,0.2500390849172554,0.4764764764764765,0.5114503816793893,-0.0007179074239086,-0.000365668172955
ziping,214,0.6945483855934372,0.250696888388546,0.4828249301933512,0.5190839694656488,-0.0020633985493938,-0.0010234716442457
ziping,215,0.6923883138661026,0.2496367531127082,0.4896475422791213,0.5216284987277354,9.667317794082032e-05,3.666363159213204e-05
ziping,216,0.6931413863258709,0.2500131374782022,0.4784784784784786,0.5190839694656488,-0.0006563992818274,-0.0003397207339018
ziping,217,0.6893286725026772,0.248110699442148,0.5078762973499816,0.5521628498727735,0.0031563145413662,0.0015627173021522
ziping,218,0.6943948269443151,0.2506169876327399,0.4892787524366472,0.5038167938931297,-0.0019098399002717,-0.0009435708884396
ziping,219,0.6936334742321023,0.2502317856277411,0.4893314366998578,0.5190839694656488,-0.0011484871880589,-0.0005583688834407
ziping,220,0.6931356275611958,0.2500072923206702,0.4848005900637478,0.5114503816793893,-0.0006506405171524,-0.0003338755763699
ziping,221,0.6882407294347509,0.2475636057475977,0.5268162899741847,0.5216284987277354,0.0042442576092924,0.0021098109967026
ziping,222,0.6932369765638441,0.250035809950679,0.4943891259680733,0.5190839694656488,-0.0007519895198007,-0.0003623932063786
ziping,223,0.6932237079960557,0.250043400439728,0.4859859859859859,0.5165394402035624,-0.0007387209520123,-0.0003699836954277
ziping,224,0.6935146229296878,0.2501852089161692,0.488541172751699,0.5139949109414759,-0.0010296358856444,-0.0005117921718689
ziping,225,0.6903909282083204,0.248619812197057,0.5084294821136927,0.5318066157760815,0.002094058835723,0.0010536045472432
ziping,226,0.6911101530302408,0.2489912754419841,0.4907802539381486,0.5165394402035624,0.0013748340138025,0.0006821413023162
ziping,227,0.6942453178346297,0.2505316800083304,0.4840630103787998,0.5267175572519084,-0.0017603307905863,-0.0008582632640301
ziping,228,0.6928529110713181,0.249832636546244,0.4939939939939939,0.5368956743002544,-0.0003679240272747,-0.0001592198019436
ziping,229,0.6920280705835778,0.249416730691943,0.5033717928454771,0.5572519083969466,0.0004569164604655,0.0002566860523572
ziping,230,0.694368808843324,0.2506020892480487,0.4856171961435119,0.5216284987277354,-0.0018838217992805,-0.0009286725037483
ziping,231,0.6924773765511201,0.2496607143657534,0.4971023655234182,0.5292620865139949,7.610492923304513e-06,1.2702378546891602e-05
ziping,232,0.6918109378207277,0.2493481716346618,0.4954954954954955,0.5139949109414759,0.0006740492233157,0.0003252451096384
ziping,233,0.6954374555976425,0.2511298297029808,0.4818502713239555,0.5190839694656488,-0.002952468553599,-0.0014564129586805
ziping,234,0.6922823231140187,0.2495650771459296,0.494810600073758,0.5139949109414759,0.0002026639300246,0.0001083395983706
ziping,235,0.6933173920973602,0.2500843782811615,0.4824034560876666,0.5318066157760815,-0.0008324050533168,-0.0004109615368612
ziping,236,0.6923654665644088,0.249609995620209,0.5004214741056846,0.5267175572519084,0.0001195204796345,6.34211240913285e-05
ziping,237,0.6942729831698726,0.2505452819248265,0.4793477688214529,0.5241730279898219,-0.0017879961258292,-0.0008718651805261
ziping,238,0.6956223718386839,0.2512221002928581,0.4765818450028977,0.5190839694656488,-0.0031373847946405,-0.0015486835485578
ziping,239,0.6936074720962349,0.2502215186639928,0.4909909909909909,0.5292620865139949,-0.0011224850521914,-0.0005481019196925
ziping,240,0.6928449874504927,0.2498563519275999,0.4775301617406881,0.5038167938931297,-0.0003600004064493,-0.0001829351832995
ziping,241,0.6930548099417846,0.2499728808286359,0.4869606448553817,0.4910941475826972,-0.0005698228977412,-0.0002994640843356
ziping,242,0.6915192213702694,0.2491856582644768,0.5060850324008219,0.5063613231552163,0.0009657656737739,0.0004877584798234
ziping,243,0.6934217061272803,0.2501278773904332,0.4902797534376482,0.5318066157760815,-0.0009367190832368,-0.0004544606461328
ziping,244,0.6963410931463746,0.2515914185403493,0.464332753806438,0.4910941475826972,-0.0038561061023312,-0.001918001796049
ziping,245,0.6953168490440109,0.2510853375975184,0.4632790685422264,0.5114503816793893,-0.0028318619999675,-0.001411920853218
ziping,246,0.6937430105318745,0.2502963253300901,0.49317738791423,0.5241730279898219,-0.0012580234878311,-0.0006229085857898
ziping,247,0.6931150602646543,0.2499716526753986,0.4825088246140878,0.5368956743002544,-0.0006300732206109,-0.0002982359310982
ziping,248,0.6901267780355017,0.2485025614902559,0.4984721563668931,0.5190839694656488,0.0023582090085416,0.0011708552540443
ziping,249,0.6946382305575943,0.2507388443662989,0.4746325272641062,0.5216284987277354,-0.0021532435135509,-0.0010654276219986
ziping,250,0.696823853537522,0.2518194333855534,0.4614878035930668,0.5089058524173028,-0.0043388664934785,-0.002146016641253
ziping,251,0.6941728604562168,0.2505070762275874,0.4762393972920289,0.5063613231552163,-0.0016878734121734,-0.0008336594832871
ziping,252,0.6921107026049033,0.2494937834257757,0.4889099625941731,0.5343511450381679,0.0003742844391401,0.0001796333185246
qimen,5,0.6939840556556487,0.2504208127567225,0.4896738844107264,0.5089058524173028,-0.0014990686116053,-0.0007473960124221
qimen,6,0.6945732376303236,0.2506938606667288,0.4845108266160898,0.5419847328244275,-0.0020882505862802,-0.0010204439224284
qimen,7,0.6925417113258551,0.249706443582859,0.48998998998999,0.5190839694656488,-5.672428181169309e-05,-3.302683855874178e-05
qimen,8,0.6896275169592645,0.2482891928813142,0.5152784363310678,0.5343511450381679,0.0028574700847788,0.001384223862986
qimen,9,0.692015402524797,0.2494610750241636,0.498366787840472,0.5190839694656488,0.0004695845192463,0.0002123417201366
qimen,10,0.6938461486626896,0.2503657639715169,0.4756335282651072,0.5012722646310432,-0.0013611616186461,-0.0006923472272166
qimen,11,0.6935402124790576,0.2502017664807762,0.4851957220378273,0.5089058524173028,-0.0010552254350142,-0.0005283497364758
qimen,12,0.6974834492894736,0.2521369389447462,0.4621200147515937,0.4936386768447837,-0.0049984622454302,-0.0024635222004458
qimen,13,0.6926330841618739,0.2497507603955899,0.4866708814077235,0.5318066157760815,-0.0001480971178304,-7.734365128961307e-05
qimen,14,0.694235815912463,0.2505531322843132,0.4807175596649281,0.5114503816793893,-0.0017508288684195,-0.0008797155400129
qimen,15,0.6931344758997197,0.2500047489366096,0.490806596069754,0.5165394402035624,-0.0006494888556762,-0.0003313321923092
qimen,16,0.691550529508164,0.2492064400339006,0.5033191085822665,0.5292620865139949,0.0009344575358793,0.0004669767103996
qimen,17,0.6941322540014888,0.2504656929183168,0.4858806174595648,0.5089058524173028,-0.0016472669574454,-0.0007922761740164
qimen,18,0.6909955593256173,0.2489478531791839,0.4995785258943154,0.5165394402035624,0.001489427718426,0.0007255635651163
qimen,19,0.6912434861380357,0.249057007100756,0.4978926294715768,0.5368956743002544,0.0012415009060077,0.0006164096435442
qimen,20,0.6925788556847711,0.2497414001094464,0.4885938570149096,0.4936386768447837,-9.386864072769008e-05,-6.798336514607373e-05
qimen,21,0.6907663200039537,0.2488268215689488,0.5041620567936358,0.5114503816793893,0.0017186670400897,0.0008465951753515
qimen,22,0.6982325585028581,0.252526780591324,0.4567198777725094,0.5089058524173028,-0.0057475714588147,-0.0028533638470236
qimen,23,0.6967469683278134,0.251798929591785,0.4572994046678257,0.5190839694656488,-0.0042619812837699,-0.0021255128474846
qimen,24,0.6982402081739321,0.2525425118291777,0.4543490859280332,0.4885496183206106,-0.0057552211298886,-0.0028690950848773
qimen,25,0.697746396100699,0.252301014164578,0.4594067751962488,0.4885496183206106,-0.0052614090566556,-0.0026275974202777
qimen,26,0.6920279666031818,0.2494488492014913,0.5000263421316054,0.4936386768447837,0.0004570204408615,0.000224567542809
qimen,27,0.6932490578711386,0.2500516828951506,0.4891470417786207,0.5368956743002544,-0.0007640708270951,-0.0003782661508502
qimen,28,0.6951665072674108,0.2509979470720055,0.4790843475054001,0.5267175572519084,-0.0026815202233674,-0.0013245303277052
qimen,29,0.688862775294443,0.2478894191767883,0.5172014119382541,0.544529262086514,0.0036222117496004,0.0017839975675119
qimen,30,0.6907332254689891,0.2488051425038398,0.5114851693799063,0.5267175572519084,0.0017517615750543,0.0008682742404605
qimen,31,0.6923073509733622,0.2495985145938704,0.4890153311205942,0.5216284987277354,0.0001776360706812,7.490215042993409e-05
qimen,32,0.6934568661235381,0.2501587291144495,0.4888836204625678,0.5165394402035624,-0.0009718790794946,-0.0004853123701492
qimen,33,0.6940838603877686,0.2504535001332427,0.4895685158843053,0.5343511450381679,-0.0015988733437252,-0.0007800833889424
qimen,34,0.6945017755351814,0.2506713975595878,0.4777408987935304,0.4936386768447837,-0.002016788491138,-0.0009979808152875
qimen,35,0.6942351146144149,0.2505527834828152,0.4748169221853432,0.4961832061068702,-0.0017501275703715,-0.0008793667385149
qimen,36,0.6955451231467563,0.2511890462880728,0.4752910805542384,0.5318066157760815,-0.0030601361027129,-0.0015156295437725
qimen,37,0.6933314924978533,0.2500956833689561,0.4924134660976766,0.5241730279898219,-0.0008465054538099,-0.0004222666246557
qimen,38,0.6919578526615555,0.249428297159944,0.4933881249670724,0.5063613231552163,0.0005271343824878,0.0002451195843563
qimen,39,0.6894668189414147,0.248170615233922,0.5182024129392551,0.5572519083969466,0.0030181681026286,0.0015028015103782
qimen,40,0.6917590950506933,0.2493489633742693,0.4978399452083663,0.5216284987277354,0.00072589199335,0.0003244533700309
qimen,41,0.6922753742697232,0.2495615646930063,0.5067172435593488,0.5292620865139949,0.0002096127743201,0.0001118520512939
qimen,42,0.6943458324073734,0.2505843380413233,0.4854328012222749,0.5063613231552163,-0.0018608453633299,-0.0009109212970229
qimen,43,0.6927667756601593,0.2498276129468264,0.4844581423528792,0.5241730279898219,-0.0002817886161159,-0.0001541962025261
qimen,44,0.6912834834709495,0.2490828597907443,0.5033717928454771,0.5292620865139949,0.0012015035730938,0.0005905569535559
qimen,45,0.6916952345155147,0.2492897685018216,0.4933354407038618,0.5267175572519084,0.0007897525285286,0.0003836482424787
qimen,46,0.696108002823676,0.2514628361330218,0.4722880775512355,0.4885496183206106,-0.0036230157796326,-0.0017894193887215
qimen,47,0.6949727481570974,0.2509223204826065,0.4760023181075813,0.5063613231552163,-0.002487761113054,-0.0012489037383061
qimen,48,0.6933820232189339,0.2501154462129194,0.4980243401296033,0.5190839694656488,-0.0008970361748905,-0.000442029468619
qimen,49,0.6861506981220337,0.2465362426334139,0.5381170644328539,0.5419847328244275,0.0063342889220097,0.0031371741108864
qimen,50,0.6930212955627655,0.2499641105858712,0.4846688794057215,0.4936386768447837,-0.0005363085187221,-0.0002906938415709
qimen,51,0.6933913392936182,0.2501063990534148,0.5006058690269217,0.5190839694656488,-0.0009063522495748,-0.0004329823091144
qimen,52,0.6959350731206494,0.2513655399899591,0.4741056846320004,0.5089058524173028,-0.003450086076606,-0.0016921232456588
qimen,53,0.6906811030461397,0.2487735542872594,0.5075075075075075,0.5470737913486005,0.0018038839979036,0.0008998624570408
qimen,54,0.6926018945556709,0.2497173633479602,0.5026605552921342,0.5139949109414759,-0.0001169075116275,-4.394660365986125e-05
qimen,55,0.6926903830678232,0.2497699033447402,0.4975501817607081,0.539440203562341,-0.0002053960237797,-9.64866004399545e-05
qimen,56,0.6938637152550373,0.2503525477360384,0.473341762815447,0.5165394402035624,-0.0013787282109939,-0.0006791309917381
qimen,57,0.6946064295028778,0.2507263725844755,0.47997997997998,0.5114503816793893,-0.0021214424588343,-0.0010529558401752
qimen,58,0.6929471899758793,0.2499251127659712,0.4822980875612455,0.5241730279898219,-0.0004622029318359,-0.0002516960216709
qimen,59,0.6922914348518447,0.249581305832598,0.4941257046520204,0.5139949109414759,0.0001935521921986,9.211091170230334e-05
qimen,60,0.6894529971282926,0.2481819950870752,0.5115641957747221,0.5267175572519084,0.0030319899157508,0.0014914216572251
qimen,61,0.6960758439543464,0.2514691235025941,0.4702860755492334,0.4834605597964376,-0.003590856910303,-0.0017957067582938
qimen,62,0.6950913573166032,0.2509780551934615,0.4833254306938517,0.4885496183206106,-0.0026063702725598,-0.0013046384491612
qimen,63,0.6928460197175167,0.249853367360434,0.4945735208893103,0.5216284987277354,-0.0003610326734733,-0.0001799506161336
qimen,64,0.6890984997955081,0.2479959966065212,0.5207312575733629,0.5241730279898219,0.0033864872485352,0.0016774201377791
qimen,65,0.6926442861848732,0.2497192199494987,0.4996838944207366,0.5216284987277354,-0.0001592991408297,-4.580320519836922e-05
qimen,66,0.6939583897496803,0.2503662636508755,0.5002897634476582,0.5292620865139949,-0.0014734027056368,-0.0006928469065752
qimen,67,0.691130390577684,0.2489792046015657,0.5104051419840894,0.5216284987277354,0.0013545964663593,0.0006942121427345
qimen,68,0.6920195709970606,0.2494326604011116,0.5001580527896317,0.5368956743002544,0.0004654160469828,0.0002407563431886
qimen,69,0.6920712660143347,0.2494826582780336,0.4894631473578842,0.5139949109414759,0.0004137210297087,0.0001907584662666
qimen,70,0.6925054173830472,0.2496912892414788,0.4909909909909909,0.5241730279898219,-2.043033900378521e-05,-1.7872497178467173e-05
qimen,71,0.6918094754361737,0.2493450145596,0.5027659238185554,0.5216284987277354,0.0006755116078697,0.0003284021847002
qimen,72,0.6958019339049607,0.2513329060677393,0.475343764817449,0.5114503816793893,-0.0033169468609173,-0.001659489323439
qimen,73,0.6928784517718175,0.2498861955721042,0.4853274326958537,0.5012722646310432,-0.0003934647277741,-0.0002127788278039
qimen,74,0.690361192719862,0.2486145508001387,0.5169643327538065,0.5165394402035624,0.0021237943241814,0.0010588659441616
qimen,75,0.6915879487038147,0.2492146157192073,0.5097729308255624,0.5241730279898219,0.0008970383402286,0.000458801025093
qimen,76,0.6963072650609275,0.2515318387572385,0.4805068226120857,0.539440203562341,-0.0038222780168841,-0.0018584220129382
qimen,77,0.6940347285397589,0.2504429898995,0.4832464042990358,0.5012722646310432,-0.0015497414957155,-0.0007695731551997
qimen,78,0.6917709426621125,0.2493203953749133,0.4947052315473368,0.539440203562341,0.0007140443819309,0.0003530213693869
qimen,79,0.6960798136093918,0.2514542092004315,0.4791106896370054,0.5114503816793893,-0.0035948265653483,-0.0017807924561311
qimen,80,0.692437796925115,0.2496399384715142,0.4978926294715768,0.539440203562341,4.719011892839742e-05,3.347827278607496e-05
qimen,81,0.6910658497261136,0.2489821433449602,0.495811601074759,0.5368956743002544,0.0014191373179297,0.00069127339934
qimen,82,0.6924355263032367,0.2496553173711668,0.4990516832622095,0.5419847328244275,4.9460740806694936e-05,1.8099373133517727e-05
qimen,83,0.692796762261747,0.2498411553370536,0.4928085980717559,0.5190839694656488,-0.0003117752177036,-0.0001677385927533
qimen,84,0.6936619795633044,0.2502595090615995,0.4992887624466572,0.5241730279898219,-0.001176992519261,-0.0005860923172992
qimen,85,0.691528919117393,0.2492065295380262,0.500816606079764,0.5190839694656488,0.0009560679266503,0.0004668872062741
qimen,86,0.6922384503631862,0.2495545854000077,0.498551182761709,0.5190839694656488,0.0002465366808571,0.0001188313442926
qimen,87,0.6980132881589766,0.2524008779884593,0.4605921711184869,0.5089058524173028,-0.0055283011149331,-0.0027274612441589
qimen,88,0.6969398834486954,0.2518747793646027,0.4628575944365418,0.5241730279898219,-0.004454896404652,-0.0022013626203023
qimen,89,0.6908615338574171,0.2488764316749963,0.5016858964227385,0.5521628498727735,0.0016234531866262,0.000796985069304
qimen,90,0.6943423880709523,0.2506044129807139,0.4793741109530583,0.5089058524173028,-0.0018574010269089,-0.0009309962364135
qimen,91,0.692894334370734,0.2498694040237014,0.5001843949212371,0.5267175572519084,-0.0004093473266906,-0.000195987279401
qimen,92,0.69434963001824,0.2505811953955522,0.4897265686739371,0.5114503816793893,-0.0018646429741966,-0.0009077786512519
qimen,93,0.6928695786240985,0.2498453740604381,0.4962067330488383,0.539440203562341,-0.0003845915800551,-0.0001719573161378
qimen,94,0.6917022001556615,0.2492931414011981,0.4936778884147306,0.5114503816793893,0.0007827868883818,0.0003802753431021
qimen,95,0.6917246059762358,0.2492925522938678,0.4953374427058638,0.5216284987277354,0.0007603810678076,0.0003808644504325
qimen,96,0.6918273404312787,0.2493389210048005,0.4996838944207366,0.5368956743002544,0.0006576466127646,0.0003344957394997
qimen,97,0.6929881987152113,0.2498959187027866,0.5027659238185554,0.5318066157760815,-0.0005032116711679,-0.0002225019584863
qimen,98,0.6940328395415936,0.2504364328090905,0.4883040935672514,0.5241730279898219,-0.0015478524975501,-0.0007630160647901
qimen,99,0.6939551375368377,0.250402793367763,0.4856171961435119,0.4961832061068702,-0.0014701504927943,-0.0007293766234626
qimen,100,0.692355341241673,0.2496324829192056,0.4968389442073652,0.5190839694656488,0.0001296458023704,4.093382509473553e-05
qimen,101,0.6906379262615362,0.2487517687486502,0.5086665612981403,0.544529262086514,0.0018470607825071,0.0009216479956501
qimen,102,0.6908709044135841,0.2488678435815215,0.5079816658764027,0.5368956743002544,0.0016140826304592,0.0008055731627788
qimen,103,0.6933359521000284,0.2500834410914611,0.4998419472103683,0.544529262086514,-0.000850965055985,-0.0004100243471607
qimen,104,0.6953794242260393,0.2510956193721678,0.4764501343448711,0.5114503816793893,-0.0028944371819958,-0.0014222026278675
qimen,105,0.693873107437936,0.2503479169775776,0.482350771824456,0.5267175572519084,-0.0013881203938925,-0.0006745002332772
qimen,106,0.6943710488565674,0.2505652477872987,0.4932827564406512,0.5521628498727735,-0.001886061812524,-0.0008918310429983
qimen,107,0.6944558503684719,0.2506268796315025,0.4950740213898108,0.5419847328244275,-0.0019708633244285,-0.0009534628872022
qimen,108,0.6899942294560931,0.2484510523097462,0.5159369896212002,0.5216284987277354,0.0024907575879502,0.001222364434554
qimen,109,0.6933800021798525,0.2501336487385233,0.4898582793319634,0.4885496183206106,-0.0008950151358091,-0.000460231994223
qimen,110,0.694486544383038,0.2506686486243457,0.4816658764027185,0.5267175572519084,-0.0020015573389946,-0.0009952318800454
qimen,111,0.6948752284476194,0.2508603722647664,0.483799589062747,0.5114503816793893,-0.002390241403576,-0.0011869555204661
qimen,112,0.6934983916736505,0.2501668092909525,0.4992360781834466,0.5267175572519084,-0.001013404629607,-0.0004933925466522
qimen,113,0.6943532054993173,0.2506120491603933,0.4776882145303198,0.5012722646310432,-0.0018682184552739,-0.0009386324160929
qimen,114,0.6920643627502449,0.249455207773541,0.5042147410568463,0.5114503816793893,0.0004206242937985,0.0002182089707593
qimen,115,0.6899222792337855,0.2483891271397706,0.5199936778884148,0.539440203562341,0.0025627078102579,0.0012842896045296
qimen,116,0.6947124245523231,0.2507310744940464,0.4990516832622096,0.5318066157760815,-0.0022274375082796,-0.001057657749746
qimen,117,0.6957635209753441,0.2512950792683099,0.4789262947157683,0.5190839694656488,-0.0032785339313007,-0.0016216625240096
qimen,118,0.6927361425750028,0.2497819275510066,0.5002107370528422,0.5419847328244275,-0.0002511555309594,-0.0001085108067062
qimen,119,0.6932829383290405,0.2500397090390846,0.4990516832622096,0.5419847328244275,-0.0007979512849971,-0.0003662922947842
qimen,120,0.6874044725697753,0.2471315836269113,0.5379063273800115,0.5597964376590331,0.005080514474268,0.002541833117389
qimen,121,0.6912179619752558,0.2490234547847813,0.5208629682313892,0.5572519083969466,0.0012670250687876,0.0006499619595189
qimen,122,0.693643429039068,0.2502429585847236,0.4915441757547021,0.539440203562341,-0.0011584419950245,-0.0005695418404232
qimen,123,0.6902138213214024,0.248541993330511,0.5018702913439755,0.5139949109414759,0.0022711657226409,0.0011314234137893
qimen,124,0.6897208274121875,0.2482865384294331,0.5134344871186977,0.5241730279898219,0.0027641596318558,0.0013868783148672
qimen,125,0.6900637878290945,0.2484723159427688,0.5160160160160161,0.539440203562341,0.0024211992149488,0.0012011008015315
qimen,126,0.6909337262747863,0.2488723733198044,0.5192560982034666,0.5674300254452926,0.001551260769257,0.0008010434244958
qimen,127,0.6961475619072625,0.2514499029047219,0.4818239291923502,0.5241730279898219,-0.003662574863219,-0.0017764861604215
qimen,128,0.6921128614409542,0.2494671345036059,0.4986038670249196,0.539440203562341,0.0003721256030891,0.0002062822406943
qimen,129,0.6943688736233503,0.2505899547887907,0.488172382909225,0.5318066157760815,-0.0018838865793069,-0.0009165380444903
qimen,130,0.6926009400224548,0.2497135065601041,0.4957325746799432,0.5318066157760815,-0.0001159529784113,-4.008981580380655e-05
qimen,131,0.6910355056031448,0.2489490064674541,0.5097992729571676,0.5292620865139949,0.0014494814408986,0.0007244102768462
qimen,132,0.6918421217512298,0.2493788497649353,0.4988936304725779,0.5114503816793893,0.0006428652928135,0.0002945669793649
qimen,133,0.69222319931163,0.2495200820990679,0.5001053685264212,0.5343511450381679,0.0002617877324133,0.0001533346452324
qimen,134,0.6929952872506341,0.2499174793956372,0.4998156050787629,0.5114503816793893,-0.0005103002065907,-0.0002440626513368
qimen,135,0.6949146592232684,0.2508842628980381,0.4919129655971761,0.5063613231552163,-0.002429672179225,-0.0012108461537377
qimen,136,0.689860624206624,0.2483705204462663,0.5200200200200201,0.5089058524173028,0.0026243628374194,0.001302896298034
qimen,137,0.6941447493616321,0.2504927249187724,0.4874084610926716,0.5165394402035624,-0.0016597623175886,-0.000819308174472
qimen,138,0.6961478756784487,0.2514570046012916,0.4815078236130867,0.5267175572519084,-0.0036628886344053,-0.0017835878569912
qimen,139,0.6913717172892666,0.2491074217101732,0.5106685633001423,0.544529262086514,0.0011132697547767,0.0005659950341271
qimen,140,0.6937366528309541,0.2502668240866567,0.4997629208155524,0.544529262086514,-0.0012516657869107,-0.0005934073423563
qimen,141,0.6948829805518704,0.2508410453900055,0.4870923555134081,0.4987277353689567,-0.0023979935078269,-0.0011676286457052
qimen,142,0.6891621223629656,0.2480172862091579,0.5179389916232022,0.5521628498727735,0.0033228646810777,0.0016561305351424
qimen,143,0.6885986199433698,0.2477214474952745,0.5288182919761868,0.5343511450381679,0.0038863671006735,0.0019519692490258
qimen,144,0.6906882316050785,0.2487724129592407,0.5106685633001422,0.5292620865139949,0.0017967554389648,0.0009010037850596
qimen,145,0.6945538214215716,0.2506778955345333,0.4978662873399716,0.5038167938931297,-0.0020688343775282,-0.0010044787902329
qimen,146,0.69131063849861,0.2490875183260132,0.5076392181655339,0.5343511450381679,0.0011743485454334,0.0005858984182871
qimen,147,0.6939961789303049,0.2504271231159006,0.4965755228913123,0.5012722646310432,-0.0015111918862614,-0.0007537063716002
qimen,148,0.6947361355114237,0.2507493600814231,0.4955218376271008,0.5419847328244275,-0.0022511484673802,-0.0010759433371227
qimen,149,0.6961471836206264,0.251450228174197,0.4874611453558822,0.5343511450381679,-0.003662196576583,-0.0017768114298966
qimen,150,0.6939179287927437,0.2503718593022483,0.4929666508613877,0.5114503816793893,-0.0014329417487003,-0.000698442557948
qimen,151,0.6907592207236124,0.2487911023180798,0.5220483641536273,0.5139949109414759,0.0017257663204309,0.0008823144262204
qimen,152,0.6963744990105187,0.25158942065524,0.469337758811443,0.5241730279898219,-0.0038895119664753,-0.0019160039109396
qimen,153,0.6911924804132489,0.2490098621859657,0.5185975449133344,0.5597964376590331,0.0012925066307944,0.0006635545583345
qimen,154,0.6953244927956758,0.251059998117541,0.4914914914914915,0.5267175572519084,-0.0028395057516323,-0.0013865813732406
qimen,155,0.694262865556969,0.2505389696579321,0.4895421737527001,0.5114503816793893,-0.0017778785129256,-0.0008655529136317
qimen,156,0.6944072090392688,0.2506029152148575,0.4974448132342869,0.5318066157760815,-0.0019222219952254,-0.0009294984705571
qimen,157,0.6941787617324142,0.2505214449463289,0.4837732469311416,0.5419847328244275,-0.0016937746883708,-0.0008480282020285
qimen,158,0.6967681601502462,0.2517626935066465,0.4854854854854855,0.4860050890585242,-0.0042831731062028,-0.0020892767623461
qimen,159,0.7001963644656529,0.2534730357819357,0.4530056372161635,0.4961832061068702,-0.0077113774216095,-0.0037996190376353
qimen,160,0.6928668359301563,0.2498332139832627,0.5033454507138717,0.5318066157760815,-0.0003818488861129,-0.0001597972389624
qimen,161,0.6949229639812269,0.2508666968730189,0.478531162741689,0.5267175572519084,-0.0024379769371835,-0.0011932801287185
qimen,162,0.6899909006932907,0.2484242267938266,0.5154628312523049,0.5419847328244275,0.0024940863507526,0.0012491899504737
qimen,163,0.6973932389908369,0.2521118482676924,0.4612770665402244,0.5038167938931297,-0.0049082519467935,-0.002438431523392
qimen,164,0.698286842027671,0.2525475472889007,0.4668879405721511,0.5190839694656488,-0.0058018549836276,-0.0028741305446003
qimen,165,0.6910943361872429,0.2489887030938763,0.504372793846478,0.544529262086514,0.0013906508568004,0.0006847136504239
qimen,166,0.6918894247184321,0.2493752417498498,0.5032400821874506,0.5139949109414759,0.0005955623256113,0.0002981749944504
qimen,167,0.6934653573647573,0.2501622007160487,0.4958379432063642,0.5089058524173028,-0.0009803703207139,-0.0004887839717483
qimen,168,0.6918390852602505,0.2493530362265175,0.5047679258205575,0.55470737913486,0.0006459017837928,0.0003203805177827
qimen,169,0.6936030021594646,0.2502148923417962,0.4967072335493389,0.5241730279898219,-0.0011180151154212,-0.0005414755974958
qimen,170,0.6904830377885839,0.2486651126920603,0.5185712027817291,0.5572519083969466,0.0020019492554594,0.0010083040522399
qimen,171,0.6891695452061665,0.2480259470352211,0.5193351245982825,0.5572519083969466,0.0033154418378769,0.0016474697090791
qimen,172,0.6874143479438802,0.2471395378033622,0.5282651072124755,0.5623409669211196,0.0050706391001631,0.002533878940938
qimen,173,0.6930586678617254,0.2499385839186043,0.5002897634476582,0.5470737913486005,-0.000573680817682,-0.000265167174304
qimen,174,0.6892697484024077,0.2480520971607176,0.5298983193720036,0.5597964376590331,0.0032152386416356,0.0016213195835826
qimen,175,0.6888217745876334,0.2478611720327721,0.5196512301775459,0.55470737913486,0.0036632124564099,0.0018122447115281
qimen,176,0.693361050478181,0.2501174783461287,0.4874084610926715,0.5292620865139949,-0.0008760634341375,-0.0004440616018283
qimen,177,0.6916726835562341,0.2492615993841349,0.5067435856909541,0.5419847328244275,0.0008123034878092,0.0004118173601653
qimen,178,0.6925557835503344,0.2497166485922552,0.4916495442811232,0.5267175572519084,-7.079650629104872e-05,-4.323184795487767e-05
qimen,179,0.6897021351796417,0.2482885198220408,0.5297139244507665,0.5343511450381679,0.0027828518644016,0.0013848969222594
qimen,180,0.6887687726612598,0.2478179184526227,0.5206785733101522,0.544529262086514,0.0037162143827835,0.0018554982916776
qimen,181,0.6881757395066573,0.2475139753493771,0.5292397660818713,0.5674300254452926,0.004309247537386,0.0021594413949232
qimen,182,0.6886414634374549,0.2477645172240674,0.5258679732363943,0.5470737913486005,0.0038435236065884,0.0019088995202329
qimen,183,0.6914646254907096,0.2491805982939463,0.5009219746061851,0.5241730279898219,0.0010203615533337,0.000492818450354
qimen,184,0.6941416655333258,0.2505019685994001,0.4930983615194142,0.5343511450381679,-0.0016566784892824,-0.0008285518550997
qimen,185,0.686548409562006,0.2467502362937467,0.538670249196565,0.549618320610687,0.0059365774820373,0.0029231804505536
qimen,186,0.6885299020056227,0.2477093547895037,0.5243401296032876,0.5470737913486005,0.0039550850384206,0.0019640619547965
qimen,187,0.6880439421345917,0.2474945940109461,0.5225488646541279,0.5318066157760815,0.0044410449094516,0.0021788227333541
qimen,188,0.6885933933369948,0.2477496563847967,0.5268162899741848,0.5521628498727735,0.0038915937070486,0.0019237603595035
qimen,189,0.6930614555976766,0.249941048134543,0.5018439492123703,0.5190839694656488,-0.0005764685536332,-0.0002676313902426
qimen,190,0.6937031743110649,0.2502678309113704,0.48680259206575,0.5216284987277354,-0.0012181872670214,-0.0005944141670701
qimen,191,0.6899317731233927,0.2483840771695868,0.5164111479900955,0.5267175572519084,0.0025532139206506,0.0012893395747134
qimen,192,0.6938153909356415,0.2503376890418022,0.483351772825457,0.5267175572519084,-0.0013304038915981,-0.0006642722975019
qimen,193,0.692025394863922,0.2494656148699397,0.4883040935672515,0.5165394402035624,0.0004595921801213,0.0002078018743605
qimen,194,0.6923389442099439,0.2495996740382269,0.5012117380538433,0.5419847328244275,0.0001460428340994,7.37427060733542e-05
qimen,195,0.6927597135614478,0.2498218366500133,0.4916758864127284,0.5089058524173028,-0.0002747265174044,-0.0001484199057129
qimen,196,0.6863141768346477,0.2466233123363896,0.5404615141457246,0.5368956743002544,0.0061708102093956,0.0030501044079106
qimen,197,0.6912456932401326,0.2490629889712123,0.5059533217427954,0.5343511450381679,0.0012392938039107,0.0006104277730879
qimen,198,0.6904881123705915,0.2487060137210349,0.5077972709551657,0.5114503816793893,0.0019968746734518,0.0009674030232653
qimen,199,0.6891072315417016,0.2479925328149788,0.5246298930509457,0.5267175572519084,0.0033777555023417,0.0016808839293214
qimen,200,0.6904794918169966,0.2486761016849655,0.5102470891944576,0.5216284987277354,0.0020054952270467,0.0009973150593347
qimen,201,0.6888577066424068,0.2478664776834924,0.5224434961277067,0.5292620865139949,0.0036272804016366,0.0018069390608078
qimen,202,0.6928092448344784,0.2498211442014281,0.5010273431326063,0.5216284987277354,-0.0003242577904349,-0.0001477274571277
qimen,203,0.6910713465638295,0.2489674471597611,0.5129076444865919,0.5318066157760815,0.0014136404802138,0.0007059695845391
qimen,204,0.6974387307264919,0.2521207878767127,0.4710763394973921,0.5190839694656488,-0.0049537436824484,-0.0024473711324124
qimen,205,0.6969244108263563,0.2518657239683393,0.4687845740477319,0.5292620865139949,-0.0044394237823128,-0.002192307224039
qimen,206,0.6948323940012774,0.2508463682363204,0.4840630103787998,0.5114503816793893,-0.002347406957234,-0.00117295149202
qimen,207,0.6923972598450887,0.2496319261044134,0.5015805278963174,0.5190839694656488,8.772719895466796e-05,4.149063988692636e-05
qimen,208,0.6922811864529957,0.2495601596252823,0.5017649228175545,0.5241730279898219,0.0002038005910476,0.0001132571190179
qimen,209,0.6952649690496545,0.2510373020112458,0.4780043201095832,0.5470737913486005,-0.0027799820056111,-0.0013638852669454
qimen,210,0.6924947264067746,0.2496792806261201,0.4907802539381487,0.539440203562341,-9.739362731187027e-06,-5.863881819778705e-06
qimen,211,0.6925262438971745,0.249697579535506,0.4962067330488383,0.5267175572519084,-4.125685313116634e-05,-2.4162791205678547e-05
qimen,212,0.694582113215604,0.2506973846081288,0.4950476792582056,0.539440203562341,-0.0020971261715606,-0.0010239678638285
qimen,213,0.691812366723472,0.2493217114747016,0.5068489542173753,0.5012722646310432,0.0006726203205713,0.0003517052695986
qimen,214,0.6960832280116678,0.2514547069272779,0.4752383962910278,0.4987277353689567,-0.0035982409676244,-0.0017812901829776
qimen,215,0.6935928644772499,0.2502190209088228,0.4943100995732574,0.5114503816793893,-0.0011078774332065,-0.0005456041645224
qimen,216,0.6919747919309207,0.2494285263749816,0.4935988620199147,0.5165394402035624,0.0005101951131226,0.0002448903693186
qimen,217,0.6905546210331509,0.2487189104258443,0.5148833043569886,0.5241730279898219,0.0019303660108924,0.0009545063184559
qimen,218,0.6902534707952893,0.2485661926689191,0.5164901743849113,0.5470737913486005,0.002231516248754,0.0011072240753811
qimen,219,0.6911347600622794,0.2490004609026601,0.5075601917707181,0.5368956743002544,0.001350226981764,0.0006729558416402
qimen,220,0.6897268997657805,0.2482954413556906,0.5186238870449397,0.5267175572519084,0.0027580872782628,0.0013779753886097
qimen,221,0.6911556364795304,0.2490103659227367,0.5106158790369316,0.5343511450381679,0.0013293505645129,0.0006630508215635
qimen,222,0.6908393808007418,0.2488317792638817,0.5139613297508034,0.549618320610687,0.0016456062433015,0.0008416374804185
qimen,223,0.6911352361977058,0.2489831320822127,0.506559190769717,0.5292620865139949,0.0013497508463375,0.0006902846620875
qimen,224,0.6920988789383316,0.2494447992421898,0.5115378536431168,0.539440203562341,0.0003861081057118,0.0002286175021104
qimen,225,0.6869902673029538,0.2469449467534309,0.532216426953269,0.539440203562341,0.0054947197410896,0.0027284699908693
qimen,226,0.690267423810463,0.2485734203732615,0.515831621094779,0.539440203562341,0.0022175632335803,0.0010999963710388
qimen,227,0.6864284355830886,0.2466856511698354,0.529661240187556,0.549618320610687,0.0060565514609547,0.0029877655744649
qimen,228,0.6897519462379188,0.2483227203715658,0.5183341235972815,0.5190839694656488,0.0027330408061245,0.0013506963727344
qimen,229,0.6899372666821416,0.2484223855716294,0.515568199778726,0.5241730279898219,0.0025477203619017,0.0012510311726708
qimen,230,0.6878910198432249,0.2473919691074729,0.5353774827459039,0.549618320610687,0.0045939672008185,0.0022814476368273
qimen,231,0.6912988024434071,0.2490704280689747,0.5131974079342501,0.5419847328244275,0.0011861846006362,0.0006029886753255
qimen,232,0.6862129117996835,0.2465503507969545,0.5423581476213055,0.5419847328244275,0.0062720752443599,0.0031230659473457
qimen,233,0.6919267556013692,0.2493760025827241,0.515199409936252,0.5343511450381679,0.0005582314426741,0.0002974141615761
qimen,234,0.6926706750602223,0.2497531986895554,0.5034508192402929,0.5470737913486005,-0.0001856880161789,-7.978194525506965e-05
qimen,235,0.6890698159877204,0.2479929492760139,0.5174911753859123,0.5216284987277354,0.0034151710563229,0.0016804674682864
qimen,236,0.6966850260518196,0.2517358131754356,0.4788999525841632,0.5038167938931297,-0.0042000390077762,-0.0020623964311352
qimen,237,0.6942008654546024,0.2505092062892861,0.4892260681734366,0.5368956743002544,-0.0017158784105589,-0.0008357895449858
qimen,238,0.6912807038857365,0.2490926875098516,0.494915968600179,0.5139949109414759,0.0012042831583068,0.0005807292344486
qimen,239,0.6902464962574638,0.2485457520224829,0.5171223855434383,0.5521628498727735,0.0022384907865795,0.0011276647218173
qimen,240,0.6850195479501554,0.2459825157597336,0.5430693851746483,0.5674300254452926,0.0074654390938879,0.0036909009845666
qimen,241,0.6953451875665277,0.2510637346148973,0.4887255676729361,0.5216284987277354,-0.0028602005224843,-0.0013903178705969
qimen,242,0.6896699498548512,0.2482533277243754,0.521021021021021,0.549618320610687,0.0028150371891921,0.0014200890199249
qimen,243,0.6922384478975465,0.2495464108750675,0.5031347136610295,0.5241730279898219,0.0002465391464968,0.0001270058692327
qimen,244,0.6974449558389061,0.2521352796078746,0.4651757020178073,0.5089058524173028,-0.0049599687948627,-0.0024618628635742
qimen,245,0.6935705459593527,0.2502086292654249,0.4822190611664295,0.5267175572519084,-0.0010855589153093,-0.0005352125211245
qimen,246,0.6884216572053007,0.2476566924623629,0.5218639692323902,0.5572519083969466,0.0040633298387426,0.0020167242819373
qimen,247,0.693213706152451,0.2500363479311462,0.4921500447816237,0.5267175572519084,-0.0007287191084076,-0.0003629311868458
qimen,248,0.6941118565942843,0.2504714214624414,0.4845635108793003,0.5292620865139949,-0.0016268695502409,-0.0007980047181411
qimen,249,0.6929408547925864,0.2498924984385352,0.4879616458563827,0.5190839694656488,-0.000455867748543,-0.0002190816942349
qimen,250,0.6920366014393029,0.2494410263570199,0.499815605078763,0.544529262086514,0.0004483856047404,0.0002323903872804
qimen,251,0.6900399568825236,0.2484729685715276,0.5126969074337495,0.5419847328244275,0.0024450301615197,0.0012004481727727
qimen,252,0.6908320337218326,0.2488625288331836,0.5104314841156946,0.5190839694656488,0.0016529533222108,0.0008108879111166
meihua,5,0.6952023627422312,0.2510191927810289,0.4781360307676097,0.5318066157760815,-0.0027173756981875,-0.0013457760367284
meihua,6,0.6956277917393754,0.2512364979576447,0.4731573678942099,0.5139949109414759,-0.0031428046953316,-0.0015630812133443
meihua,7,0.691851701942633,0.2493443601857977,0.5056899004267426,0.539440203562341,0.0006332851014106,0.0003290565585027
meihua,8,0.6927188895834329,0.2497678138217363,0.5025815288973183,0.5190839694656488,-0.0002339025393891,-9.439707743591486e-05
meihua,9,0.6922735807111812,0.2495678822753381,0.4972077340498393,0.5292620865139949,0.0002114063328625,0.0001055344689623
meihua,10,0.6931078572693122,0.2499797991380371,0.4894631473578842,0.5165394402035624,-0.0006228702252685,-0.0003063823937367
meihua,11,0.6943410705293723,0.2505871068954058,0.4811390337706127,0.5190839694656488,-0.0018560834853286,-0.0009136901511053
meihua,12,0.6923502498911871,0.2495908381467673,0.4993941309730784,0.5190839694656488,0.0001347371528566,8.257859753305063e-05
meihua,13,0.6949115972034183,0.2508703916675489,0.4811917180338232,0.5139949109414759,-0.0024266101593746,-0.0011969749232484
meihua,14,0.6946697466933782,0.2507499591380515,0.4820346662451926,0.5139949109414759,-0.0021847596493345,-0.001076542393751
meihua,15,0.6920284997041252,0.2494555710726423,0.5007902639481586,0.5139949109414759,0.0004564873399185,0.000217845671658
meihua,16,0.6958735460972819,0.2513564184588342,0.4741056846320005,0.5267175572519084,-0.0033885590532382,-0.0016830017145337
meihua,17,0.69349398023426,0.2501715019019302,0.4864074600916706,0.5114503816793893,-0.0010089931902163,-0.0004980851576297
meihua,18,0.6922855970575781,0.2495563882280751,0.5047415836889521,0.5318066157760815,0.0001993899864656,0.0001170285162253
meihua,19,0.6913978321345375,0.2491225176884763,0.5015541857647121,0.5165394402035624,0.0010871549095061,0.0005508990558241
meihua,20,0.6913583339137647,0.249110473258101,0.4991307096570254,0.5190839694656488,0.001126653130279,0.0005629434861993
meihua,21,0.6932460191427644,0.2500525128646404,0.4902007270428323,0.5165394402035624,-0.0007610320987206,-0.0003790961203399
meihua,22,0.6921004179223547,0.2494780269254939,0.4952847584426532,0.5292620865139949,0.000384569121689,0.0001953898188064
meihua,23,0.6901153512149693,0.2484952177979563,0.5087982719561667,0.5190839694656488,0.0023696358290744,0.0011781989463441
meihua,24,0.6925010824266307,0.2496741785402366,0.4927822559401507,0.5292620865139949,-1.6095382586955864e-05,-7.617959362216098e-07
meihua,25,0.6912517959236139,0.2490608619797066,0.4990516832622096,0.544529262086514,0.0012331911204298,0.0006125547645938
meihua,26,0.6917368032189181,0.2493088996719561,0.5035298456351088,0.544529262086514,0.0007481838251256,0.0003645170723443
meihua,27,0.691287447912876,0.2490642946259735,0.5083241135872715,0.5648854961832062,0.0011975391311677,0.0006091221183268
meihua,28,0.6898406683752066,0.2483632871385101,0.5116959064327484,0.5368956743002544,0.002644318668837,0.0013101296057903
meihua,29,0.6936590293546459,0.2502644874289633,0.4855118276170908,0.5038167938931297,-0.0011740423106021,-0.0005910706846629
meihua,30,0.6913455687744104,0.2491033117515216,0.5002370791844476,0.5343511450381679,0.0011394182696332,0.0005701049927787
meihua,31,0.6938209709605275,0.2503334571803708,0.4851166956430114,0.5216284987277354,-0.0013359839164838,-0.0006600404360704
meihua,32,0.6920233107026981,0.2494406226764858,0.4945208366260998,0.5318066157760815,0.0004616763413456,0.0002327940678145
meihua,33,0.6914353702898742,0.2491518086627926,0.4999209736051841,0.5165394402035624,0.0010496167541694,0.0005216080815077
meihua,34,0.6897077848597586,0.2482959534544302,0.5141193825404352,0.5470737913486005,0.0027772021842851,0.0013774632898702
meihua,35,0.6894036672140573,0.2481379465776393,0.5187555977029661,0.5521628498727735,0.0030813198299863,0.0015354701666611
meihua,36,0.6934811897658344,0.2501585709876273,0.4865128286180917,0.5292620865139949,-0.0009962027217906,-0.0004851542433268
meihua,37,0.6923089866415953,0.2495887906341962,0.4914388072282809,0.5241730279898219,0.0001760004024483,8.46261101042356e-05
meihua,38,0.6939534051515319,0.2504068107001745,0.4794531373478742,0.5318066157760815,-0.0014684181074882,-0.000733393955874
meihua,39,0.6927494500955973,0.24981443252344,0.4800326642431906,0.5216284987277354,-0.0002644630515535,-0.0001410157791395
meihua,40,0.6927472782250763,0.2498061349473068,0.4924134660976766,0.5190839694656488,-0.0002622911810326,-0.0001327182030064
meihua,41,0.6926432640772408,0.2497487133771097,0.4932827564406512,0.5114503816793893,-0.000158277033197,-7.529663280925192e-05
meihua,42,0.6925114861864521,0.2496841767729315,0.4900953585164112,0.5241730279898219,-2.649914240837603e-05,-1.0760028631068286e-05
meihua,43,0.691803268986944,0.2493297873103611,0.4976292081555239,0.5190839694656488,0.0006817180570997,0.0003436294339393
meihua,44,0.693997510100821,0.2504099651444837,0.4861176966440124,0.5318066157760815,-0.0015125230567772,-0.0007365484001833
meihua,45,0.692446802209844,0.249638034492268,0.5029503187397925,0.5419847328244275,3.8184834199705975e-05,3.538225203239542e-05
meihua,46,0.6942357826478175,0.2505263196996655,0.4832990885622465,0.539440203562341,-0.0017507956037737,-0.000852902955365
meihua,47,0.6930835056346729,0.2499601661645985,0.4902270691744376,0.5470737913486005,-0.0005985185906292,-0.000286749420298
meihua,48,0.6934201336221465,0.2501361398502518,0.4891733839102259,0.5241730279898219,-0.0009351465781027,-0.0004627231059514
meihua,49,0.6930832404092786,0.249962838410075,0.4885938570149096,0.5318066157760815,-0.0005982533652348,-0.0002894216657745
meihua,50,0.6931453684268503,0.2499986075858625,0.4926768874137296,0.5190839694656488,-0.0006603813828065,-0.0003251908415621
meihua,51,0.6923300651869815,0.2495830136825867,0.4929403087297824,0.5139949109414759,0.0001549218570622,9.040306171367862e-05
meihua,52,0.6929379844966861,0.2498860895265829,0.48635477582846,0.5241730279898219,-0.0004529974526423,-0.0002126727822824
meihua,53,0.6941464330534424,0.2504939459992051,0.4843264316948527,0.5292620865139949,-0.0016614460093986,-0.0008205292549046
meihua,54,0.695130549681588,0.2509750910882762,0.4766081871345029,0.5267175572519084,-0.0026455626375443,-0.0013016743439758
meihua,55,0.6949027802469881,0.2508632085179507,0.4783994520836626,0.5343511450381679,-0.0024177932029444,-0.0011897917736502
meihua,56,0.6944527934984764,0.2506334071621685,0.4824824824824825,0.5343511450381679,-0.0019678064544327,-0.000959990417868
meihua,57,0.6922064169860945,0.249520857715213,0.492992992992993,0.5216284987277354,0.0002785700579491,0.0001525590290874
meihua,58,0.6937882479445392,0.2503096331965679,0.4820873505084032,0.5089058524173028,-0.0013032609004954,-0.0006362164522675
meihua,59,0.6920021554327493,0.2494230585721028,0.4930456772562036,0.5368956743002544,0.0004828316112943,0.0002503581721975
meihua,60,0.692665948306473,0.2497560979369375,0.4894368052262789,0.5190839694656488,-0.0001809612624292,-8.268119263712959e-05
meihua,61,0.6929586931961802,0.2499052063522141,0.4870660133818029,0.5343511450381679,-0.0004737061521364,-0.0002317896079136
meihua,62,0.6933029647135331,0.2500675497406366,0.491623202149518,0.5241730279898219,-0.0008179776694894,-0.0003941329963362
meihua,63,0.6969356282906648,0.25187550886855,0.4673884410726517,0.5165394402035624,-0.004450641246621,-0.0022020921242495
meihua,64,0.6929684516282282,0.249903261594095,0.4956535482851273,0.5343511450381679,-0.0004834645841844,-0.0002298448497945
meihua,65,0.6912431909560206,0.2490611363799826,0.5024498182392919,0.5267175572519084,0.0012417960880231,0.0006122803643177
meihua,66,0.6910787757979199,0.2489768128686177,0.5026605552921343,0.5419847328244275,0.0014062112461238,0.0006966038756827
meihua,67,0.6939988209620948,0.2504235276213731,0.4865128286180918,0.5114503816793893,-0.001513833918051,-0.0007501108770727
meihua,68,0.6939527032651193,0.250401507334072,0.4834307992202729,0.4936386768447837,-0.0014677162210755,-0.0007280905897715
meihua,69,0.6927024616539847,0.2497903254813248,0.4858542753279595,0.5038167938931297,-0.000217474609941,-0.0001169087370243
meihua,70,0.6916081488202112,0.2492474810121031,0.4973394447078658,0.5216284987277354,0.0008768382238325,0.0004259357321973
meihua,71,0.6917203037236521,0.2492926793609104,0.4969179706021811,0.5241730279898219,0.0007646833203915,0.0003807373833899
meihua,72,0.6922531858786656,0.2495597606257219,0.4898319372003582,0.5318066157760815,0.0002318011653781,0.0001136561185785
meihua,73,0.691576995107441,0.2492275845364506,0.4929403087297824,0.5292620865139949,0.0009079919366027,0.0004458322078498
meihua,74,0.6916128792998189,0.2492535786117336,0.4896475422791212,0.5318066157760815,0.0008721077442248,0.0004198381325668
meihua,75,0.6914360107137497,0.2491533368681174,0.4973657868394711,0.5368956743002544,0.0010489763302939,0.000520079876183
meihua,76,0.691264965075562,0.2490713922156364,0.4923080975712554,0.544529262086514,0.0012200219684816,0.0006020245286639
meihua,77,0.691924500231918,0.2494067668767702,0.4883304356988567,0.5241730279898219,0.0005604868121257,0.0002666498675301
meihua,78,0.6903639720832023,0.2486266201739254,0.5037932669511617,0.5470737913486005,0.0021210149608413,0.001046796570375
meihua,79,0.6919926736166464,0.2494403894288689,0.4938886254675728,0.5165394402035624,0.0004923134273973,0.0002330273154315
meihua,80,0.6941462751377541,0.2505063931056482,0.4728412623149466,0.5216284987277354,-0.0016612880937103,-0.0008329763613477
meihua,81,0.696204195557738,0.2515252839036422,0.4648069121753333,0.4987277353689567,-0.0037192085136943,-0.0018518671593418
meihua,82,0.6938508665877741,0.2503566561647736,0.4786892155313208,0.5368956743002544,-0.0013658795437303,-0.0006832394204731
meihua,83,0.692252216069733,0.2495539532361536,0.4882250671724356,0.5267175572519084,0.0002327709743107,0.0001194635081467
meihua,84,0.6923218005086162,0.2496008782981774,0.4961540487856277,0.5267175572519084,0.0001631865354274,7.253844612298277e-05
meihua,85,0.6924922630901341,0.2496853572093999,0.4860650123808018,0.544529262086514,-7.276046090409771e-06,-1.1940465099474771e-05
meihua,86,0.694225167163361,0.2505327925210074,0.4877772509351457,0.5318066157760815,-0.0017401801193173,-0.0008593757767069
meihua,87,0.692442036108738,0.2496593796164547,0.4943100995732575,0.5368956743002544,4.2950935305707816e-05,1.403712784570077e-05
meihua,88,0.6930772914996303,0.2499786476991428,0.4835625098782994,0.5292620865139949,-0.0005923044555865,-0.0003052309548424
meihua,89,0.690079760392014,0.2484760829273031,0.5158052789631737,0.5419847328244275,0.0024052266520296,0.0011973338169972
meihua,90,0.6883647295804777,0.2476339061657208,0.5208893103629946,0.5368956743002544,0.004120257463566,0.0020395105785795
meihua,91,0.6921290263180772,0.249513638445725,0.4957589168115484,0.5267175572519084,0.0003559607259665,0.0001597782985753
meihua,92,0.6918251392882309,0.2493532602097362,0.4954691533638902,0.5190839694656488,0.0006598477558128,0.0003201565345642
meihua,93,0.6930406725101431,0.2499424535441855,0.4914651493598862,0.5419847328244275,-0.0005556854660994,-0.000269036799885
meihua,94,0.6901180288610165,0.2484972228211922,0.5112480901954586,0.5165394402035624,0.0023669581830272,0.0011761939231082
meihua,95,0.6905128426317234,0.2487015230842966,0.4981033665244191,0.539440203562341,0.0019721444123202,0.0009718936600037
meihua,96,0.6934843082629045,0.2501863208217624,0.4814814814814814,0.5089058524173028,-0.0009993212188608,-0.0005129040774619
meihua,97,0.6934418751812508,0.250150355122103,0.4856962225383278,0.5038167938931297,-0.000956888137207,-0.0004769383778025
meihua,98,0.6930475396518206,0.249951551456548,0.4840103261155892,0.5114503816793893,-0.0005625526077769,-0.0002781347122476
meihua,99,0.6900082710655185,0.2484401237688232,0.5075338496391127,0.5419847328244275,0.0024767159785251,0.0012332929754772
meihua,100,0.6921386631051114,0.2495010234698487,0.4903851219640693,0.5216284987277354,0.0003463239389323,0.0001723932744516
meihua,101,0.6929946735393473,0.2499369597456854,0.4842210631684316,0.5038167938931297,-0.0005096864953035,-0.000263543001385
meihua,102,0.6935441471701428,0.2502043701192292,0.4810073231125862,0.5318066157760815,-0.001059160126099,-0.0005309533749287
meihua,103,0.6932852221961041,0.2500745822162761,0.4834834834834834,0.5241730279898219,-0.0008002351520604,-0.0004011654719756
meihua,104,0.6918865490582077,0.249368470321756,0.4992624203150518,0.5114503816793893,0.000598437985836,0.0003049464225443
meihua,105,0.6913203380039583,0.2490905081756097,0.4973131025762605,0.544529262086514,0.0011646490400853,0.0005829085686906
meihua,106,0.6894314719725909,0.248147711944326,0.5150940414098308,0.5674300254452926,0.0030535150714527,0.0015257047999743
meihua,107,0.6945290026025058,0.2506866051634406,0.4841156946420104,0.5114503816793893,-0.0020440155584621,-0.0010131884191401
meihua,108,0.6955114427942884,0.2511751587463361,0.4709446288393657,0.5089058524173028,-0.0030264557502447,-0.0015017420020357
meihua,109,0.6940823730178957,0.2504656439108136,0.4775828460038986,0.5216284987277354,-0.0015973859738519,-0.0007922271665132
meihua,110,0.6922575291612222,0.2495547730546944,0.4920446762552025,0.5216284987277354,0.0002274578828215,0.000118643689606
meihua,111,0.692325374239489,0.2495857913179845,0.4983141035772615,0.5470737913486005,0.0001596128045546,8.762542631593484e-05
meihua,112,0.6939036482324497,0.2503753647702599,0.4882250671724356,0.5292620865139949,-0.0014186611884059,-0.0007019480259595
meihua,113,0.6946727423358635,0.2507487194346189,0.4855118276170908,0.5267175572519084,-0.0021877552918198,-0.0010753026903184
meihua,114,0.6929894894259645,0.2499250026933807,0.4854854854854855,0.5114503816793893,-0.0005045023819207,-0.0002515859490803
meihua,115,0.6922650267902063,0.2495546255542874,0.493546177756704,0.5190839694656488,0.0002199602538374,0.0001187911900129
meihua,116,0.6928403106638359,0.2498438200149911,0.4941257046520205,0.5343511450381679,-0.0003553236197921,-0.0001704032706907
meihua,117,0.6935653707031397,0.2502023766580966,0.4905168326220958,0.5292620865139949,-0.001080383659096,-0.0005289599137962
meihua,118,0.695609439770949,0.2512198076162433,0.4662030451504135,0.4936386768447837,-0.0031244527269053,-0.0015463908719429
meihua,119,0.6922985929474711,0.2495774881939631,0.4888836204625678,0.5139949109414759,0.0001863940965726,9.592855033727088e-05
meihua,120,0.6939982668633563,0.2504107223936919,0.4867762499341447,0.5318066157760815,-0.0015132798193125,-0.0007373056493915
meihua,121,0.6935153690137645,0.2501868639154771,0.4844581423528792,0.5318066157760815,-0.0010303819697208,-0.0005134471711766
meihua,122,0.693193149072855,0.2500184542206916,0.4934144670986776,0.5267175572519084,-0.0007081620288112,-0.0003450374763911
meihua,123,0.6950964237593882,0.2509845717360137,0.4729729729729729,0.5038167938931297,-0.0026114367153444,-0.0013111549917132
meihua,124,0.6910971495899294,0.2489946106768552,0.5078762973499816,0.5139949109414759,0.0013878374541143,0.0006788060674451
meihua,125,0.6969715113575713,0.2518914416505694,0.4707602339181286,0.5190839694656488,-0.0044865243135275,-0.0022180249062689
meihua,126,0.6927331871238972,0.2497905920401767,0.4974711553658922,0.5368956743002544,-0.0002482000798534,-0.0001171752958762
meihua,127,0.6918071795641543,0.2493351083807812,0.504451820241294,0.5216284987277354,0.0006778074798894,0.0003383083635192
meihua,128,0.691475865945162,0.2491704292144298,0.50318739792424,0.5343511450381679,0.0010091210988817,0.0005029875298705
meihua,129,0.6925855282748293,0.2497265536982166,0.4997102365523418,0.5343511450381679,-0.0001005412307856,-5.313695391620521e-05
meihua,130,0.6962971785527844,0.2515503180742318,0.4801380327696117,0.5216284987277354,-0.0038121915087406,-0.0018769013299313
meihua,131,0.6914415662505279,0.2491437914270249,0.5129076444865919,0.5419847328244275,0.0010434207935158,0.0005296253172754
meihua,132,0.6902926182373172,0.2485792498610919,0.5152784363310678,0.544529262086514,0.0021923688067264,0.0010941668832084
meihua,133,0.6905274951602228,0.2487121770508245,0.5086665612981403,0.5419847328244275,0.0019574918838208,0.0009612396934759
meihua,134,0.6923665724376462,0.2496356161010336,0.5001053685264212,0.5114503816793893,0.0001184146063974,3.780064326674992e-05
meihua,135,0.6907681912866986,0.2488300137353391,0.5044254781096886,0.544529262086514,0.001716795757345,0.0008434030089613
meihua,136,0.6892731576568967,0.2480884277504026,0.5167535957009641,0.5241730279898219,0.003211829387147,0.0015849889938977
meihua,137,0.6893541356321455,0.2481063020137342,0.5208102839681787,0.5648854961832062,0.0031308514118981,0.0015671147305661
meihua,138,0.6949918501132687,0.250919693356568,0.4827722459301407,0.5241730279898219,-0.0025068630692249,-0.0012462766122675
meihua,139,0.6935246599831784,0.2501857636430438,0.4947579158105475,0.5343511450381679,-0.0010396729391346,-0.0005123468987434
meihua,140,0.6908038638987106,0.248840966219715,0.5095621937727202,0.5165394402035624,0.001681123145333,0.0008324505245853
meihua,141,0.6896512068218636,0.2482667047393507,0.5135925399083294,0.5470737913486005,0.00283378022218,0.0014067120049497
meihua,142,0.691522422808219,0.2491891677202772,0.5050840313998209,0.539440203562341,0.0009625642358247,0.0004842490240232
meihua,143,0.6925474940126025,0.2497107655981134,0.494178388915231,0.5470737913486005,-6.250696855880644e-05,-3.734885381304065e-05
meihua,144,0.693898457651851,0.2503808743604833,0.4887519098045413,0.5089058524173028,-0.0014134706078072,-0.0007074576161829
meihua,145,0.6941352074166117,0.2504885716548231,0.4897002265423318,0.5292620865139949,-0.001650220372568,-0.0008151549105226
meihua,146,0.694628751800402,0.250738240951315,0.4776618723987145,0.5318066157760815,-0.0021437647563582,-0.0010648242070145
meihua,147,0.6928640036734867,0.2498538673597928,0.4950740213898109,0.5241730279898219,-0.0003790166294429,-0.0001804506154923
meihua,148,0.691612015286529,0.2492302596937597,0.5059533217427954,0.5368956743002544,0.0008729717575146,0.0004431570505407
meihua,149,0.6943900347722498,0.2506173501109067,0.4826141931405089,0.5267175572519084,-0.001905047728206,-0.0009439333666063
meihua,150,0.6943587981574282,0.2506078216143312,0.4814551393498762,0.5343511450381679,-0.0018738111133844,-0.0009344048700307
meihua,151,0.6938950205682465,0.2503671371840539,0.4847479058005374,0.5521628498727735,-0.0014100335242027,-0.0006937204397535
meihua,152,0.6914421934832143,0.2491531947773969,0.5010800273958169,0.5292620865139949,0.0010427935608293,0.0005202219669034
meihua,153,0.6910252186448375,0.2489455761323594,0.5052420841894527,0.5216284987277354,0.0014597683992062,0.000727840611941
meihua,154,0.6908735404419007,0.2488771562224274,0.4990516832622096,0.5190839694656488,0.0016114466021429,0.000796260521873
meihua,155,0.6911280524718255,0.2490067782895654,0.4975238396291028,0.5292620865139949,0.0013569345722181,0.0006666384547349
meihua,156,0.6931806196270383,0.2500236804526551,0.4787418997945314,0.5165394402035624,-0.0006956325829945,-0.0003502637083547
meihua,157,0.6913437865314446,0.249107500997762,0.4979189716031822,0.5165394402035624,0.0011412005125991,0.0005659157465383
meihua,158,0.6926768090875791,0.2497764538348885,0.4895421737527001,0.5267175572519084,-0.0001918220435354,-0.0001030370905881
meihua,159,0.692859027536837,0.2498600707059122,0.488988988988989,0.5089058524173028,-0.0003740404927933,-0.0001866539616117
meihua,160,0.6921743043970668,0.2495129653333063,0.50318739792424,0.5241730279898219,0.0003106826469768,0.000160451410994
meihua,161,0.6889887363204024,0.2479344970787106,0.5207839418365734,0.5521628498727735,0.0034962507236413,0.0017389196655898
meihua,162,0.6904738740758407,0.2486682035247094,0.5141193825404352,0.5470737913486005,0.0020111129682029,0.001005213219591
meihua,163,0.6921564086325864,0.249506916265889,0.5003951319740793,0.5241730279898219,0.0003285784114572,0.0001665004784114
meihua,164,0.693594577874822,0.2502270033351393,0.4924661503608872,0.5165394402035624,-0.0011095908307783,-0.0005535865908388
meihua,165,0.6927678112551259,0.2498179828258709,0.4946525472841262,0.5063613231552163,-0.0002828242110821,-0.0001445660815705
meihua,166,0.6927269417445161,0.2497934188657973,0.4906222011485169,0.5368956743002544,-0.0002419547004723,-0.0001200021214968
meihua,167,0.6879086635080317,0.2474083390885696,0.5280016858964227,0.5648854961832062,0.004576323536012,0.0022650776557308
meihua,168,0.6925805164029772,0.2497154582657526,0.4975501817607081,0.5368956743002544,-9.552935893353264e-05,-4.20415214521519e-05
meihua,169,0.6916398630201713,0.2492517558368215,0.5015278436331068,0.5419847328244275,0.0008451240238723,0.0004216609074788
meihua,170,0.6912065418040405,0.2490280815236704,0.5069806648754017,0.5521628498727735,0.0012784452400032,0.00064533522063
meihua,171,0.6917652702002395,0.2493041939625199,0.4984721563668932,0.5343511450381679,0.0007197168438042,0.0003692227817804
meihua,172,0.6908411298361685,0.2488579950945302,0.5057952689531637,0.5368956743002544,0.0016438572078751,0.0008154216497701
meihua,173,0.692693518798846,0.2497745732434639,0.4844844844844844,0.5063613231552163,-0.0002085317548022,-0.0001011564991634
meihua,174,0.6926555070722035,0.2497586106288356,0.4895685158843054,0.5216284987277354,-0.0001705200281597,-8.519388453520627e-05
meihua,175,0.6911285194492349,0.2489966000103066,0.4998946314735788,0.5419847328244275,0.0013564675948087,0.0006768167339938
meihua,176,0.691031215137382,0.2489411346556245,0.5006058690269217,0.55470737913486,0.0014537719066617,0.0007322820886759
meihua,177,0.693134634042526,0.2499948718164364,0.4850903535114061,0.5267175572519084,-0.0006496469984822,-0.000321455072136
meihua,178,0.6931605231504635,0.2499971945428121,0.4836678784047205,0.5267175572519084,-0.0006755361064197,-0.0003237777985116
meihua,179,0.6923649668785645,0.2496083994864761,0.4919129655971761,0.5292620865139949,0.0001200201654791,6.501725782434575e-05
meihua,180,0.6901979625049073,0.248537602224668,0.511827617090775,0.5470737913486005,0.0022870245391364,0.0011358145196323
meihua,181,0.690317741741022,0.2485818171052758,0.5158843053579896,0.5368956743002544,0.0021672453030217,0.0010915996390246
meihua,182,0.6897783394553655,0.2483237787128434,0.5125651967757231,0.549618320610687,0.0027066475886782,0.001349638031457
meihua,183,0.6902616445575476,0.2485661055118181,0.502818608081766,0.5521628498727735,0.0022233424864961,0.0011073112324823
meihua,184,0.6926961178844842,0.2497672629768736,0.4958906274695748,0.5343511450381679,-0.0002111308404404,-9.384623257319148e-05
meihua,185,0.6908126010247159,0.2488408945793157,0.5075075075075075,0.5368956743002544,0.0016723860193278,0.0008325221649846
meihua,186,0.6927934422510946,0.2498128430466407,0.4932037300458354,0.5114503816793893,-0.0003084552070509,-0.0001394263023402
meihua,187,0.6927017087008351,0.2497734293149015,0.4948896264685738,0.5419847328244275,-0.0002167216567914,-0.0001000125706011
meihua,188,0.6904994797056011,0.248688575138847,0.5038722933459776,0.5318066157760815,0.0019855073384426,0.0009848416054534
meihua,189,0.6913995829783597,0.2491329637052781,0.4966545492861282,0.549618320610687,0.001085404065684,0.0005404530390222
meihua,190,0.6922072657897077,0.2495334456218688,0.492992992992993,0.5343511450381679,0.000277721254336,0.0001399711224316
meihua,191,0.6909727633729417,0.248931324271934,0.4961277066540224,0.5165394402035624,0.001512223671102,0.0007420924723664
meihua,192,0.6915274621323418,0.2492053056387176,0.4944944944944945,0.539440203562341,0.0009575249117018,0.0004681111055828
meihua,193,0.6900547658505956,0.2484765190637635,0.5014224751066857,0.539440203562341,0.0024302211934481,0.0011968976805368
meihua,194,0.693897579141503,0.2503748522075443,0.4809809809809809,0.5165394402035624,-0.0014125920974592,-0.0007014354632439
meihua,195,0.6924094101014926,0.2496445520927506,0.4924398082292819,0.5368956743002544,7.557694255111436e-05,2.886465154977591e-05
meihua,196,0.6909337955333794,0.2489052888397206,0.4932564143090459,0.544529262086514,0.0015511915106642,0.0007681279045798
meihua,197,0.6939337800637586,0.2503898219955409,0.4754491333438702,0.5165394402035624,-0.0014487930197149,-0.0007164052512405
meihua,198,0.6943971194693233,0.2506241311075023,0.470154364891207,0.5114503816793893,-0.0019121324252795,-0.0009507143632018
meihua,199,0.6957129751325354,0.2512689420501635,0.4728149201833412,0.5267175572519084,-0.0032279880884916,-0.001595525305863
meihua,200,0.695470555680531,0.2511439195227025,0.4703124176808387,0.5419847328244275,-0.0029855686364872,-0.0014705027784021
meihua,201,0.694500034616462,0.2506618277798507,0.4759759759759759,0.5267175572519084,-0.0020150475724183,-0.0009884110355503
meihua,202,0.6913747600333308,0.2491249058726559,0.4914914914914914,0.5419847328244275,0.0011102270107129,0.0005485108716444
meihua,203,0.6913132539565657,0.2490869390382925,0.488356777830462,0.539440203562341,0.0011717330874779,0.0005864777060078
meihua,204,0.6949965169346602,0.2509051431220677,0.4768189241873453,0.5343511450381679,-0.0025115298906165,-0.0012317263777673
meihua,205,0.6961147516849545,0.2514684133947915,0.4660713344923871,0.5318066157760815,-0.0036297646409108,-0.001794996650491
meihua,206,0.6956563368063734,0.2512344322649608,0.468336757810442,0.5241730279898219,-0.0031713497623296,-0.0015610155206603
meihua,207,0.6906199552679334,0.2487402900637632,0.509272430325062,0.5063613231552163,0.0018650317761103,0.0009331266805372
meihua,208,0.6923297250334614,0.2495870186236192,0.4928876244665718,0.5318066157760815,0.0001552620105823,8.639812068123032e-05
meihua,209,0.6940229845874571,0.2504264995766055,0.477977977977978,0.5318066157760815,-0.0015379975434134,-0.0007530828323051
meihua,210,0.6948933991277504,0.2508682048955217,0.4701807070228123,0.5139949109414759,-0.0024084120837066,-0.0011947881512212
meihua,211,0.6914689888419067,0.2491754939967979,0.493546177756704,0.5292620865139949,0.001015998202137,0.0004979227475025
meihua,212,0.6912673209386281,0.2490674987632122,0.5015541857647121,0.5521628498727735,0.0012176661054156,0.0006059179810881
meihua,213,0.6931726336221204,0.2500147751709563,0.4830093251145883,0.5292620865139949,-0.0006876465780767,-0.0003413584266558
meihua,214,0.693491119427794,0.2501737839362988,0.4818766134555609,0.5267175572519084,-0.0010061323837502,-0.0005003671919984
meihua,215,0.6933839446836114,0.2501089328113764,0.4875665138823034,0.5267175572519084,-0.0008989576395677,-0.000435516067076
meihua,216,0.6931273358902895,0.2499947916015605,0.4810336652441915,0.5318066157760815,-0.0006423488462458,-0.0003213748572601
meihua,217,0.6926015695273204,0.2497297240765488,0.4845635108793003,0.5318066157760815,-0.0001165824832767,-5.6307332248428654e-05
meihua,218,0.6935735320050047,0.2502172892269667,0.4745008166060798,0.5139949109414759,-0.001088544960961,-0.0005438724826662
meihua,219,0.6955370223623016,0.251187318315883,0.4633580949370423,0.4910941475826972,-0.0030520353182579,-0.0015139015715825
meihua,220,0.6924476399159817,0.2496554715853768,0.4857489068015383,0.5190839694656488,3.7347128062026336e-05,1.79451589236157e-05
meihua,221,0.6927273098876728,0.2497979580493778,0.4799009535851641,0.5139949109414759,-0.0002423228436291,-0.0001245413050774
meihua,222,0.6926065309157199,0.2497334038369348,0.4806912175333228,0.5241730279898219,-0.0001215438716761,-5.998709263443924e-05
meihua,223,0.6936705881535296,0.2502526796723616,0.4832464042990358,0.5267175572519084,-0.0011856011094858,-0.0005792629280611
meihua,224,0.6945279539763678,0.2506722445616839,0.4775038196090828,0.5292620865139949,-0.002042966932324,-0.0009988278173834
meihua,225,0.693548811564641,0.2501930696089404,0.4848532743269585,0.5089058524173028,-0.0010638245205972,-0.00051965286464
meihua,226,0.6931365482938943,0.2499953127652384,0.4877245666719351,0.5089058524173028,-0.0006515612498505,-0.000321896020938
meihua,227,0.6941235375440331,0.2504995664484017,0.4790316632421895,0.5216284987277354,-0.0016385504999893,-0.0008261497041012
meihua,228,0.6958096160463526,0.2513114693756111,0.4766608713977135,0.5241730279898219,-0.0033246290023088,-0.0016380526313107
meihua,229,0.6930400541639273,0.2499491673909185,0.492360781834466,0.5165394402035624,-0.0005550671198836,-0.0002757506466181
meihua,230,0.6937162888620082,0.2502712960111443,0.4912017280438333,0.5190839694656488,-0.0012313018179644,-0.0005978792668438
meihua,231,0.6908905704470898,0.2488780347169226,0.5123808018544861,0.5114503816793893,0.0015944165969539,0.0007953820273778
meihua,232,0.6896921824916848,0.2482957329192498,0.5092197460618514,0.5267175572519084,0.0027928045523588,0.0013776838250506
meihua,233,0.6927728137843565,0.2498216499196972,0.4825088246140878,0.5165394402035624,-0.0002878267403128,-0.0001482331753967
meihua,234,0.6933761178309817,0.2501178411057036,0.4799272957167694,0.5038167938931297,-0.000891130786938,-0.0004444243614031
meihua,235,0.6930055140066486,0.2499370176360587,0.4900953585164112,0.5139949109414759,-0.0005205269626048,-0.0002636008917582
meihua,236,0.690534789371134,0.2487123701336469,0.504188398925241,0.5038167938931297,0.0019501976729097,0.0009610466106535
meihua,237,0.6884084352128161,0.247652545421971,0.5122754333280649,0.5216284987277354,0.0040765518312275,0.0020208713223294
meihua,238,0.689160068317745,0.2480253947977188,0.5081133765344292,0.544529262086514,0.0033249187262986,0.0016480219465816
meihua,239,0.6918151827908012,0.2493505448439418,0.4915441757547021,0.5089058524173028,0.0006698042532424,0.0003228719003586
meihua,240,0.6950177108242592,0.2509347672070857,0.4777935830567409,0.4936386768447837,-0.0025327237802155,-0.0012613504627852
meihua,241,0.6944673154412061,0.2506533331258437,0.4761603708972129,0.5190839694656488,-0.0019823283971623,-0.0009799163815432
meihua,242,0.6908135179569871,0.2488423605046576,0.4975765238923134,0.5190839694656488,0.0016714690870566,0.0008310562396428
meihua,243,0.6924188250191671,0.2496314611723352,0.4937569148095464,0.5292620865139949,6.616202487663703e-05,4.195557196523536e-05
meihua,244,0.6938220040718657,0.250334154864477,0.4807175596649281,0.5292620865139949,-0.0013370170278219,-0.0006607381201765
meihua,245,0.6963013209139383,0.2515683464356942,0.4625678309888835,0.4834605597964376,-0.0038163338698945,-0.0018949296913937
meihua,246,0.6941433581160812,0.2504817344595446,0.4820083241135872,0.5139949109414759,-0.0016583710720374,-0.0008083177152441
meihua,247,0.6946244554004695,0.2507307137575446,0.4786365312681102,0.5089058524173028,-0.0021394683564257,-0.0010572970132441
meihua,248,0.6920783650146288,0.2494617487421746,0.500632211158527,0.5241730279898219,0.0004066220294148,0.0002116680021257
meihua,249,0.6920931523888951,0.2494827651032553,0.4945998630209156,0.5216284987277354,0.0003918346551485,0.0001906516410451
meihua,250,0.6946927279344117,0.2507810832844669,0.4736842105263158,0.5089058524173028,-0.002207740890368,-0.0011076665401664
meihua,251,0.6930607321243659,0.2499644167254684,0.4870396712501976,0.5114503816793893,-0.0005757450803222,-0.0002909999811679
meihua,252,0.6923185808906468,0.2495927656694472,0.4955218376271008,0.5089058524173028,0.0001664061533969,8.065107485324963e-05
