date,router_id,window,prob_up,target,same_session_return
2025-01-02,rolling_hedge_all_20,20,0.5120952961884669,0,-0.0266134568583756
2025-01-03,rolling_hedge_all_20,20,0.5649769544642732,0,-0.0156720441395579
2025-01-06,rolling_hedge_all_20,20,0.519444649294238,0,-0.0014034246426046
2025-01-07,rolling_hedge_all_20,20,0.4804396355394369,1,0.0070849845786755
2025-01-08,rolling_hedge_all_20,20,0.47161728566382594,1,0.0001622469844975
2025-01-09,rolling_hedge_all_20,20,0.4614135495438284,0,-0.0058123911821305
2025-01-10,rolling_hedge_all_20,20,0.5326630795405571,0,-0.0133490357611167
2025-01-13,rolling_hedge_all_20,20,0.51334408013636,0,-0.0024519302994074
2025-01-14,rolling_hedge_all_20,20,0.48891025255639187,1,0.0253689387503934
2025-01-15,rolling_hedge_all_20,20,0.5075212963574,0,-0.0042651206131554
2025-01-16,rolling_hedge_all_20,20,0.46848083080865394,1,0.0027625276678844
2025-01-17,rolling_hedge_all_20,20,0.5073845618583538,1,0.0017889192690305
2025-01-20,rolling_hedge_all_20,20,0.4946983775176864,1,0.0007887542217785
2025-01-21,rolling_hedge_all_20,20,0.4924517741195501,0,-0.0005409357356017
2025-01-22,rolling_hedge_all_20,20,0.48983872876361007,0,-0.0089430686206815
2025-01-23,rolling_hedge_all_20,20,0.47828620563364194,1,0.0051468373400249
2025-01-24,rolling_hedge_all_20,20,0.49544746183610683,1,0.0069538264930202
2025-01-27,rolling_hedge_all_20,20,0.5177076052888208,0,-0.0006225738833791
2025-02-05,rolling_hedge_all_20,20,0.4940824782940007,0,-0.0064951065972108
2025-02-06,rolling_hedge_all_20,20,0.4895461367156473,1,0.0127484604370724
2025-02-07,rolling_hedge_all_20,20,0.5688350415808086,1,0.0100921557398676
2025-02-10,rolling_hedge_all_20,20,0.5917714389198703,1,0.0056007460800377
2025-02-11,rolling_hedge_all_20,20,0.59078320849648,0,-0.00123804621678
2025-02-12,rolling_hedge_all_20,20,0.5558778591838581,1,0.0085375266307963
2025-02-13,rolling_hedge_all_20,20,0.539278050559676,0,-0.0041543337063727
2025-02-14,rolling_hedge_all_20,20,0.5683149719098309,1,0.0042733901418252
2025-02-17,rolling_hedge_all_20,20,0.5801295648091451,1,0.0027208697221521
2025-02-18,rolling_hedge_all_20,20,0.5953114838679952,0,-0.0093386732939392
2025-02-19,rolling_hedge_all_20,20,0.5589246367749094,1,0.0081359823203011
2025-02-20,rolling_hedge_all_20,20,0.5258080928125369,0,-0.0002255680151715
2025-02-21,rolling_hedge_all_20,20,0.5583845706070479,1,0.0084547402801076
2025-02-24,rolling_hedge_all_20,20,0.588275853258579,0,-0.0018007684265072
2025-02-25,rolling_hedge_all_20,20,0.5872648066302261,0,-0.0080011194689163
2025-02-26,rolling_hedge_all_20,20,0.5558304201736624,1,0.0102132670260965
2025-02-27,rolling_hedge_all_20,20,0.5140721376988427,1,0.0023217464929734
2025-02-28,rolling_hedge_all_20,20,0.5730399017950532,0,-0.0198240173881115
2025-03-03,rolling_hedge_all_20,20,0.579612896676857,0,-0.0011960623891676
2025-03-04,rolling_hedge_all_20,20,0.5124359804016548,1,0.0021963113425838
2025-03-05,rolling_hedge_all_20,20,0.4866867861955225,1,0.0053411186417224
2025-03-06,rolling_hedge_all_20,20,0.4542813192962073,1,0.0117095780476454
2025-03-07,rolling_hedge_all_20,20,0.5306555976546872,0,-0.0025293558483072
2025-03-10,rolling_hedge_all_20,20,0.5380783203415492,0,-0.0018926354154991
2025-03-11,rolling_hedge_all_20,20,0.5178757477747198,1,0.0040595182110907
2025-03-12,rolling_hedge_all_20,20,0.4866624050063187,0,-0.0023385805431519
2025-03-13,rolling_hedge_all_20,20,0.46223576451509374,0,-0.0039131961455833
2025-03-14,rolling_hedge_all_20,20,0.5295883029444829,1,0.0181119107853
2025-03-17,rolling_hedge_all_20,20,0.5389970333491813,1,0.0019204213873005
2025-03-18,rolling_hedge_all_20,20,0.5144499384586287,1,0.0010595047647068
2025-03-19,rolling_hedge_all_20,20,0.5190353702289867,0,-0.0009709136997672
2025-03-20,rolling_hedge_all_20,20,0.4480307221719073,0,-0.0051018129953955
2025-03-21,rolling_hedge_all_20,20,0.512890763466636,0,-0.0129415291755696
2025-03-24,rolling_hedge_all_20,20,0.5507113541144526,1,0.0015445055041396
2025-03-25,rolling_hedge_all_20,20,0.5107828168223706,0,-1.5430138859295894e-05
2025-03-26,rolling_hedge_all_20,20,0.4731028278029138,0,-0.0003795279254213
2025-03-27,rolling_hedge_all_20,20,0.4612897572367885,1,0.0014996896426124
2025-03-28,rolling_hedge_all_20,20,0.49586286457904144,0,-0.0066519471365534
2025-03-31,rolling_hedge_all_20,20,0.539233029078608,0,-0.0046432630612474
2025-04-01,rolling_hedge_all_20,20,0.5376630814555703,1,0.0038039467033761
2025-04-02,rolling_hedge_all_20,20,0.5048817260346579,1,0.0005053106899193
2025-04-03,rolling_hedge_all_20,20,0.4724324966676187,0,-0.0024234902139531
2025-04-07,rolling_hedge_all_20,20,0.5242882000547759,0,-0.073438483690045
2025-04-08,rolling_hedge_all_20,20,0.6536920806254652,1,0.0158152100901123
2025-04-09,rolling_hedge_all_20,20,0.43506008126722406,1,0.013117265062474
2025-04-10,rolling_hedge_all_20,20,0.4347072276922781,1,0.0115563839701771
2025-04-11,rolling_hedge_all_20,20,0.4720800721720148,1,0.0045256322204911
2025-04-14,rolling_hedge_all_20,20,0.5089872974510934,1,0.0075908822945396
2025-04-15,rolling_hedge_all_20,20,0.4923904449140521,1,0.0014876756462531
2025-04-16,rolling_hedge_all_20,20,0.4810415375986013,1,0.0025528956177229
2025-04-17,rolling_hedge_all_20,20,0.42338276847335765,1,0.0013238689574248
2025-04-18,rolling_hedge_all_20,20,0.5045784824333219,0,-0.0011008001911996
2025-04-21,rolling_hedge_all_20,20,0.49938646462458625,1,0.0044874005487178
2025-04-22,rolling_hedge_all_20,20,0.4866184124897418,1,0.0025286850655368
2025-04-23,rolling_hedge_all_20,20,0.4556962736639961,0,-0.001030985008896
2025-04-24,rolling_hedge_all_20,20,0.44498520451184226,1,0.0002830399031656
2025-04-25,rolling_hedge_all_20,20,0.4768016958714136,0,-0.0006757068233045
2025-04-28,rolling_hedge_all_20,20,0.48090557957325,0,-0.002016655235413
2025-04-29,rolling_hedge_all_20,20,0.4898458525803125,0,-0.0005352122527113
2025-04-30,rolling_hedge_all_20,20,0.461192183868174,0,-0.0023196836905607
2025-05-06,rolling_hedge_all_20,20,0.5115420933238614,1,0.0113091337044388
2025-05-07,rolling_hedge_all_20,20,0.48835309797444193,1,0.0080066608084039
2025-05-08,rolling_hedge_all_20,20,0.45249945509658934,1,0.0027914852370787
2025-05-09,rolling_hedge_all_20,20,0.5672577685987212,0,-0.0029824021269716
2025-05-12,rolling_hedge_all_20,20,0.5584446816165377,1,0.008152605671037
2025-05-13,rolling_hedge_all_20,20,0.5475098288331282,1,0.0016698102987464
2025-05-14,rolling_hedge_all_20,20,0.5234903414306252,1,0.0086157367200108
2025-05-15,rolling_hedge_all_20,20,0.5243894676989225,0,-0.00679416959366
2025-05-16,rolling_hedge_all_20,20,0.5543206284380251,0,-0.0039514070694662
2025-05-19,rolling_hedge_all_20,20,0.5344783038415749,1,3.593210554431181e-05
2025-05-20,rolling_hedge_all_20,20,0.5370768258130768,1,0.0038291558069987
2025-05-21,rolling_hedge_all_20,20,0.5227187003848998,1,0.0020991114274371
2025-05-22,rolling_hedge_all_20,20,0.49169159437331156,0,-0.002180026178026
2025-05-23,rolling_hedge_all_20,20,0.5499499286504036,0,-0.0094127872731376
2025-05-26,rolling_hedge_all_20,20,0.538820148610901,0,-0.0004578344341668
2025-05-27,rolling_hedge_all_20,20,0.5126719698618132,0,-0.0018381523580907
2025-05-28,rolling_hedge_all_20,20,0.4800024543494367,0,-0.0002260014182712
2025-05-29,rolling_hedge_all_20,20,0.4555992224574642,1,0.0070402630951769
2025-05-30,rolling_hedge_all_20,20,0.5303367244582893,0,-0.004744836099643
2025-06-03,rolling_hedge_all_20,20,0.5491563117392907,1,0.0043283215140192
2025-06-04,rolling_hedge_all_20,20,0.5164085619221019,1,0.0042317375257883
2025-06-05,rolling_hedge_all_20,20,0.4829690482627782,1,0.0023387219311161
2025-06-06,rolling_hedge_all_20,20,0.5264257737485616,1,0.0003720340332833
2025-06-09,rolling_hedge_all_20,20,0.5351923873684848,1,0.004257747629645
2025-06-10,rolling_hedge_all_20,20,0.5319222389019176,0,-0.0043991185291248
2025-06-11,rolling_hedge_all_20,20,0.5217000552746515,1,0.0051701480966763
2025-06-12,rolling_hedge_all_20,20,0.5033413899337531,1,0.0001005197635963
2025-06-13,rolling_hedge_all_20,20,0.5184010722596988,0,-0.0075417511839273
2025-06-16,rolling_hedge_all_20,20,0.5321400585557292,1,0.0034743896646605
2025-06-17,rolling_hedge_all_20,20,0.5425343304587494,0,-0.0003907069582724
2025-06-18,rolling_hedge_all_20,20,0.4859868252529319,1,0.0004144765683464
2025-06-19,rolling_hedge_all_20,20,0.4666862322470763,0,-0.0078791693482872
2025-06-20,rolling_hedge_all_20,20,0.5342965789840585,0,-0.0006582179989459
2025-06-23,rolling_hedge_all_20,20,0.5082166094676662,1,0.0064546659940265
2025-06-24,rolling_hedge_all_20,20,0.5330781571458503,1,0.0115283320055523
2025-06-25,rolling_hedge_all_20,20,0.5209328813861164,1,0.0103515032307519
2025-06-26,rolling_hedge_all_20,20,0.48614865893129044,0,-0.0021762316498908
2025-06-27,rolling_hedge_all_20,20,0.548846748049025,0,-0.0070251791165487
2025-06-30,rolling_hedge_all_20,20,0.5490058559858736,1,0.0058988495797738
2025-07-01,rolling_hedge_all_20,20,0.5495514815170062,1,0.0038674078061191
2025-07-02,rolling_hedge_all_20,20,0.523624611681463,0,-0.0008546027225242
2025-07-03,rolling_hedge_all_20,20,0.4859542009898577,1,0.0018406317949097
2025-07-04,rolling_hedge_all_20,20,0.5419055478082377,1,0.0032266722832954
2025-07-07,rolling_hedge_all_20,20,0.5592338377559748,1,0.0002326975142548
2025-07-08,rolling_hedge_all_20,20,0.5335549480260884,1,0.0070103972587238
2025-07-09,rolling_hedge_all_20,20,0.5299568446140224,0,-0.0012651984646064
2025-07-10,rolling_hedge_all_20,20,0.5045843789861583,1,0.0047614548889938
2025-07-11,rolling_hedge_all_20,20,0.5573644283915279,1,0.0001410384188653
2025-07-14,rolling_hedge_all_20,20,0.5490763302715455,1,0.0026987243093439
2025-07-15,rolling_hedge_all_20,20,0.56207354921865,0,-0.0041626298069411
2025-07-16,rolling_hedge_all_20,20,0.5386691437411211,0,-0.0003486448926233
2025-07-17,rolling_hedge_all_20,20,0.5046568348880851,1,0.00372426669848
2025-07-18,rolling_hedge_all_20,20,0.5461873517743833,1,0.0050207203882137
2025-07-21,rolling_hedge_all_20,20,0.5469330582134905,1,0.0071603117061249
2025-07-22,rolling_hedge_all_20,20,0.5734460404770364,1,0.0061998021793974
2025-07-23,rolling_hedge_all_20,20,0.5597177058345174,1,0.0001220036176725
2025-07-24,rolling_hedge_all_20,20,0.5120025110976237,1,0.0065402152473077
2025-07-25,rolling_hedge_all_20,20,0.5708173990517188,0,-0.0033480072118603
2025-07-28,rolling_hedge_all_20,20,0.552226190283662,1,0.001191544541699
2025-07-29,rolling_hedge_all_20,20,0.5653245019696232,1,0.0032724308402287
2025-07-30,rolling_hedge_all_20,20,0.526567237964682,1,0.0016638451111461
2025-07-31,rolling_hedge_all_20,20,0.5117239130881583,0,-0.0117567276421246
2025-08-01,rolling_hedge_all_20,20,0.5829276748410368,0,-0.0037098316134968
2025-08-04,rolling_hedge_all_20,20,0.5436269484994953,1,0.0065610435196878
2025-08-05,rolling_hedge_all_20,20,0.5330436768391904,1,0.009569088236599
2025-08-06,rolling_hedge_all_20,20,0.5364844944111122,1,0.0045325655310513
2025-08-07,rolling_hedge_all_20,20,0.48043417938726946,1,0.0015608166769629
2025-08-08,rolling_hedge_all_20,20,0.5361678376271625,0,-0.0012470921103495
2025-08-11,rolling_hedge_all_20,20,0.5487446171964131,1,0.0034163858879245
2025-08-12,rolling_hedge_all_20,20,0.539455457489477,1,0.0050365355127706
2025-08-13,rolling_hedge_all_20,20,0.5111384610838311,1,0.0047865227754684
2025-08-14,rolling_hedge_all_20,20,0.4962325012023428,0,-0.0046211922741222
2025-08-15,rolling_hedge_all_20,20,0.5494284259182369,1,0.0082717773056884
2025-08-18,rolling_hedge_all_20,20,0.5453886801349694,1,0.0084549462219867
2025-08-19,rolling_hedge_all_20,20,0.5546334710026312,0,-0.0001982281780684
2025-08-20,rolling_hedge_all_20,20,0.5294421627426424,1,0.0104424450163229
2025-08-21,rolling_hedge_all_20,20,0.5319124197575789,1,0.0012981219847008
2025-08-22,rolling_hedge_all_20,20,0.5575800236462553,1,0.0144944484353235
2025-08-25,rolling_hedge_all_20,20,0.579279909598463,1,0.0151088973455986
2025-08-26,rolling_hedge_all_20,20,0.588578543644932,0,-0.0039087827103055
2025-08-27,rolling_hedge_all_20,20,0.5449676114750863,0,-0.017586680943092
2025-08-28,rolling_hedge_all_20,20,0.5399874657706389,1,0.0113797413396135
2025-08-29,rolling_hedge_all_20,20,0.5571187157147572,1,0.0037282784849712
2025-09-01,rolling_hedge_all_20,20,0.553676785735628,1,0.0045628131377291
2025-09-02,rolling_hedge_all_20,20,0.5573801515483959,0,-0.0044889344167121
2025-09-03,rolling_hedge_all_20,20,0.5364014880763466,0,-0.0115537748439465
2025-09-04,rolling_hedge_all_20,20,0.49084456741850196,0,-0.0125030253907308
2025-09-05,rolling_hedge_all_20,20,0.5579318002735438,1,0.0123843695331444
2025-09-08,rolling_hedge_all_20,20,0.517612293829225,1,0.0037578878398871
2025-09-09,rolling_hedge_all_20,20,0.51431451395288,0,-0.0051083909679027
2025-09-10,rolling_hedge_all_20,20,0.4962416022670685,1,0.0012946209536857
2025-09-11,rolling_hedge_all_20,20,0.4537279469245852,1,0.0165488831838449
2025-09-12,rolling_hedge_all_20,20,0.519180777800034,0,-0.0012156449975989
2025-09-15,rolling_hedge_all_20,20,0.5176867570359279,0,-0.0026078657613113
2025-09-16,rolling_hedge_all_20,20,0.5018400930962315,1,0.0003525446418395
2025-09-17,rolling_hedge_all_20,20,0.48678013245995494,1,0.0037484479649081
2025-09-18,rolling_hedge_all_20,20,0.4418477016147157,0,-0.0115276236017419
2025-09-19,rolling_hedge_all_20,20,0.5453965701132252,0,-0.0030187991823901
2025-09-22,rolling_hedge_all_20,20,0.50117565091885,1,0.00222167598713
2025-09-23,rolling_hedge_all_20,20,0.49355319334607417,0,-0.0017612292403232
2025-09-24,rolling_hedge_all_20,20,0.4774350944627099,1,0.0083229696326343
2025-09-25,rolling_hedge_all_20,20,0.47832113753072714,0,-8.822822670073727e-05
2025-09-26,rolling_hedge_all_20,20,0.4939206243865829,0,-0.0065388074954934
2025-09-29,rolling_hedge_all_20,20,0.5148928317673812,1,0.0089929589201551
2025-09-30,rolling_hedge_all_20,20,0.5132116314456817,1,0.0052413805244848
2025-10-09,rolling_hedge_all_20,20,0.4653914886357866,1,0.0131851507310361
2025-10-10,rolling_hedge_all_20,20,0.553518166762562,0,-0.0093910175263068
2025-10-13,rolling_hedge_all_20,20,0.5686472629455372,0,-0.0019312152748196
2025-10-14,rolling_hedge_all_20,20,0.5515620358690833,0,-0.0062406446892173
2025-10-15,rolling_hedge_all_20,20,0.5028297921700733,1,0.0121547778928494
2025-10-16,rolling_hedge_all_20,20,0.47969446583109215,1,0.0010270409819512
2025-10-17,rolling_hedge_all_20,20,0.5208528697048819,0,-0.0195272083239279
2025-10-20,rolling_hedge_all_20,20,0.5624900033538606,1,0.0062863385814979
2025-10-21,rolling_hedge_all_20,20,0.5058376493690034,1,0.0135715455888658
2025-10-22,rolling_hedge_all_20,20,0.4959722479120659,0,-0.0006572476490757
2025-10-23,rolling_hedge_all_20,20,0.4724090569537732,1,0.002210662999603
2025-10-24,rolling_hedge_all_20,20,0.5266687482349532,1,0.0071134838020503
2025-10-27,rolling_hedge_all_20,20,0.5271839799790711,1,0.0118048903479017
2025-10-28,rolling_hedge_all_20,20,0.529666762973409,0,-0.00218191643868
2025-10-29,rolling_hedge_all_20,20,0.5137067821158525,1,0.0070474978336221
2025-10-30,rolling_hedge_all_20,20,0.49102872557467614,0,-0.0073275833092442
2025-10-31,rolling_hedge_all_20,20,0.5409901311011458,0,-0.0080541252466513
2025-11-03,rolling_hedge_all_20,20,0.5508828938971535,1,0.005494855605481
2025-11-04,rolling_hedge_all_20,20,0.548929035572312,0,-0.0041078621237006
2025-11-05,rolling_hedge_all_20,20,0.5251531788712437,1,0.0022882763587366
2025-11-06,rolling_hedge_all_20,20,0.5061100405804728,1,0.0097025935391288
2025-11-07,rolling_hedge_all_20,20,0.5414666256297016,0,-0.0025460606423538
2025-11-10,rolling_hedge_all_20,20,0.5384289820775804,1,0.0052634659777124
2025-11-11,rolling_hedge_all_20,20,0.5410165250695063,0,-0.0039414253282925
2025-11-12,rolling_hedge_all_20,20,0.507619773600578,0,-0.0006540490331915
2025-11-13,rolling_hedge_all_20,20,0.4690493700382462,1,0.0073399931002415
2025-11-14,rolling_hedge_all_20,20,0.5478452810785612,0,-0.009680851301439
2025-11-17,rolling_hedge_all_20,20,0.5664088433986043,0,-0.0046252442054764
2025-11-18,rolling_hedge_all_20,20,0.5455363222092304,0,-0.0081122145197611
2025-11-19,rolling_hedge_all_20,20,0.5281069826673358,1,0.0017587129135316
2025-11-20,rolling_hedge_all_20,20,0.456371483578586,0,-0.0039756842479189
2025-11-21,rolling_hedge_all_20,20,0.5334323454940538,0,-0.0244616516041129
2025-11-24,rolling_hedge_all_20,20,0.578105356497546,1,0.0004889317584255
2025-11-25,rolling_hedge_all_20,20,0.5066831200019776,1,0.0086679771453355
2025-11-26,rolling_hedge_all_20,20,0.470706461294933,0,-0.0015087765628266
2025-11-27,rolling_hedge_all_20,20,0.44595619386509,1,0.0028660643489026
2025-11-28,rolling_hedge_all_20,20,0.5234856302083616,1,0.0034415764210855
2025-12-01,rolling_hedge_all_20,20,0.5157210277327634,1,0.006534492140608
2025-12-02,rolling_hedge_all_20,20,0.5130801292956639,0,-0.0041629982171718
2025-12-03,rolling_hedge_all_20,20,0.4950162717616513,0,-0.0050573259389098
2025-12-04,rolling_hedge_all_20,20,0.4508607354957885,0,-0.0005691077875192
2025-12-05,rolling_hedge_all_20,20,0.4885932579387614,1,0.0069701864882876
2025-12-08,rolling_hedge_all_20,20,0.4879618352873244,1,0.0054499222098549
2025-12-09,rolling_hedge_all_20,20,0.5138050169806953,0,-0.0037094063879464
2025-12-10,rolling_hedge_all_20,20,0.4825430112044464,0,-0.0023087221404559
2025-12-11,rolling_hedge_all_20,20,0.444788143790816,0,-0.0069678317834449
2025-12-12,rolling_hedge_all_20,20,0.4961728868768299,1,0.0041380542470306
2025-12-15,rolling_hedge_all_20,20,0.5001975711760529,0,-0.0055086382132112
2025-12-16,rolling_hedge_all_20,20,0.5324508508176093,0,-0.0111452638251918
2025-12-17,rolling_hedge_all_20,20,0.5046758554160011,1,0.011887120203555
2025-12-18,rolling_hedge_all_20,20,0.4616881167103668,1,0.0015743055150043
2025-12-19,rolling_hedge_all_20,20,0.5088714896486115,1,0.0036314893491875
2025-12-22,rolling_hedge_all_20,20,0.5384428496738467,1,0.006918483424017
2025-12-23,rolling_hedge_all_20,20,0.5218703628764879,1,0.0006675407238132
2025-12-24,rolling_hedge_all_20,20,0.5126680098121378,1,0.005349008247238
2025-12-25,rolling_hedge_all_20,20,0.48088036810760226,1,0.0047384549957154
2025-12-26,rolling_hedge_all_20,20,0.519526173988649,1,0.0010248455597139
2025-12-29,rolling_hedge_all_20,20,0.5358692315924019,1,0.0004039176734544
2025-12-30,rolling_hedge_all_20,20,0.5502297514022707,0,-4.135899608603832e-05
2025-12-31,rolling_hedge_all_20,20,0.506272242545635,1,0.0009391906819371
2026-01-05,rolling_hedge_all_20,20,0.5465799910141012,1,0.013751373197206
2026-01-06,rolling_hedge_all_20,20,0.5614126846103835,1,0.0149748335805113
2026-01-07,rolling_hedge_all_20,20,0.5723522537200979,1,0.0005154680829755
2026-01-08,rolling_hedge_all_20,20,0.5097287980277809,0,-0.0006835917422705
2026-01-09,rolling_hedge_all_20,20,0.5545015107612289,1,0.0091714897382524
2026-01-12,rolling_hedge_all_20,20,0.5588595411050363,1,0.0108874664901152
2026-01-13,rolling_hedge_all_20,20,0.584978129330372,0,-0.0063688288466077
2026-01-14,rolling_hedge_all_20,20,0.5602258089640565,0,-0.0030603376519386
2026-01-15,rolling_hedge_all_20,20,0.5269007240657895,0,-0.0032699214486925
2026-01-16,rolling_hedge_all_20,20,0.560185427356646,0,-0.0025988419494135
2026-01-19,rolling_hedge_all_20,20,0.5687981893705412,1,0.0029466739055656
2026-01-20,rolling_hedge_all_20,20,0.5799666161740583,0,-8.531842489056807e-05
2026-01-21,rolling_hedge_all_20,20,0.5369724999197375,1,0.0008000196419284
2026-01-22,rolling_hedge_all_20,20,0.5041070163973467,1,0.0013689779302104
2026-01-23,rolling_hedge_all_20,20,0.553351304738565,1,0.0032959974540189
2026-01-26,rolling_hedge_all_20,20,0.5542837755243817,0,-0.0008604591113892
2026-01-27,rolling_hedge_all_20,20,0.5653595944376407,1,0.0017661983180103
2026-01-28,rolling_hedge_all_20,20,0.5609066780223145,1,0.002737744643354
2026-01-29,rolling_hedge_all_20,20,0.5006221344480161,1,0.0016252982845115
2026-01-30,rolling_hedge_all_20,20,0.558249408053485,0,-0.009628942865354
2026-02-02,rolling_hedge_all_20,20,0.5966964342608214,0,-0.0248186718239279
2026-02-03,rolling_hedge_all_20,20,0.5783981006187968,1,0.0129470340006563
2026-02-04,rolling_hedge_all_20,20,0.5086810833480121,1,0.0084725220749222
2026-02-05,rolling_hedge_all_20,20,0.4973095549309859,0,-0.0064075342949957
2026-02-06,rolling_hedge_all_20,20,0.5463655540996517,0,-0.002535380381887
2026-02-09,rolling_hedge_all_20,20,0.5375888035609997,1,0.0141448348244273
2026-02-10,rolling_hedge_all_20,20,0.5369712096421206,1,0.0012813205629755
2026-02-11,rolling_hedge_all_20,20,0.505059014120006,1,0.0008749209434322
2026-02-12,rolling_hedge_all_20,20,0.4914857734920594,1,0.0004920153388747
2026-02-13,rolling_hedge_all_20,20,0.5592387113012588,0,-0.0125652573355994
2026-02-24,rolling_hedge_all_20,20,0.5572657918835122,1,0.0086563861057848
2026-02-25,rolling_hedge_all_20,20,0.5011073003537156,1,0.0072429044576334
2026-02-26,rolling_hedge_all_20,20,0.49061639462519646,0,-0.0001446748444925
2026-02-27,rolling_hedge_all_20,20,0.5591577043552391,1,0.0039190851561181
2026-03-02,rolling_hedge_all_20,20,0.540223778744845,1,0.0047344604050754
2026-03-03,rolling_hedge_all_20,20,0.5199269150286967,0,-0.0143248527049381
2026-03-04,rolling_hedge_all_20,20,0.5378318578094853,0,-0.0097514332923567
2026-03-05,rolling_hedge_all_20,20,0.5023759177800169,1,0.0063914675267986
2026-03-06,rolling_hedge_all_20,20,0.5065349124787359,1,0.0038035159217313
2026-03-09,rolling_hedge_all_20,20,0.5051928748561404,0,-0.0066902769365361
2026-03-10,rolling_hedge_all_20,20,0.5424173872229011,1,0.0064775636002716
2026-03-11,rolling_hedge_all_20,20,0.507423623883928,1,0.002496884654358
2026-03-12,rolling_hedge_all_20,20,0.4708810698501291,0,-0.0010475553855596
2026-03-13,rolling_hedge_all_20,20,0.5278020948460471,0,-0.0081504384850656
2026-03-16,rolling_hedge_all_20,20,0.5676143635997303,0,-0.0026036217274345
2026-03-17,rolling_hedge_all_20,20,0.5275954183447773,0,-0.0085387582115684
2026-03-18,rolling_hedge_all_20,20,0.5056882297983787,1,0.0032289630354473
2026-03-19,rolling_hedge_all_20,20,0.46364479312660434,0,-0.0138892990964275
2026-03-20,rolling_hedge_all_20,20,0.5405515054854644,0,-0.0123545133072028
2026-03-23,rolling_hedge_all_20,20,0.5303820436980193,0,-0.0363325939783976
2026-03-24,rolling_hedge_all_20,20,0.5703849557617656,1,0.017831616483749
2026-03-25,rolling_hedge_all_20,20,0.4663457221847567,1,0.0130261150960508
2026-03-26,rolling_hedge_all_20,20,0.4489427390057152,0,-0.0108737949020281
2026-03-27,rolling_hedge_all_20,20,0.5217446511525005,1,0.0063356821297766
2026-03-30,rolling_hedge_all_20,20,0.5046781785550531,1,0.0024434528341803
2026-03-31,rolling_hedge_all_20,20,0.49375725992590463,0,-0.0080101200855302
2026-04-01,rolling_hedge_all_20,20,0.4949904991865165,1,0.0145665531220153
2026-04-02,rolling_hedge_all_20,20,0.4545420673934273,0,-0.0074120842273319
2026-04-03,rolling_hedge_all_20,20,0.5241759223989187,0,-0.0099987625293898
2026-04-07,rolling_hedge_all_20,20,0.49834886887457186,1,0.0025947804913124
2026-04-08,rolling_hedge_all_20,20,0.4576959702720966,1,0.0269482142788288
2026-04-09,rolling_hedge_all_20,20,0.4452731672119064,0,-0.0072157733245423
2026-04-10,rolling_hedge_all_20,20,0.5050239800145445,1,0.0050562620724119
2026-04-13,rolling_hedge_all_20,20,0.5046314316513849,1,0.0005852655080935
2026-04-14,rolling_hedge_all_20,20,0.5110293241203359,1,0.0095443014743674
2026-04-15,rolling_hedge_all_20,20,0.46274231833006985,1,0.0001450345773359
2026-04-16,rolling_hedge_all_20,20,0.4458420853755359,1,0.0070363849910981
2026-04-17,rolling_hedge_all_20,20,0.5228804910762364,0,-0.0010163857057999
2026-04-20,rolling_hedge_all_20,20,0.5235940276645139,1,0.0075780743812361
2026-04-21,rolling_hedge_all_20,20,0.5164665729746333,1,0.0007226624747345
2026-04-22,rolling_hedge_all_20,20,0.4977183351019811,1,0.0051849695856405
2026-04-23,rolling_hedge_all_20,20,0.49165415931261897,0,-0.0031678477095203
2026-04-24,rolling_hedge_all_20,20,0.5431147069637502,0,-0.0032614670494105
2026-04-27,rolling_hedge_all_20,20,0.5446409247232427,1,0.0015794504767272
2026-04-28,rolling_hedge_all_20,20,0.5390669560927192,0,-0.0018860379840757
2026-04-29,rolling_hedge_all_20,20,0.5098326095196495,1,0.0070800613047936
2026-04-30,rolling_hedge_all_20,20,0.5064821464437266,1,0.0011308543318415
2026-05-06,rolling_hedge_all_20,20,0.5117103556758595,1,0.0116763481178623
2026-05-07,rolling_hedge_all_20,20,0.5164302244759508,1,0.0047877805111036
2026-05-08,rolling_hedge_all_20,20,0.5649749511565791,0,-3.349208581993057e-05
2026-05-11,rolling_hedge_all_20,20,0.5635402184960492,1,0.0107821812307891
2026-05-12,rolling_hedge_all_20,20,0.5755799784139214,0,-0.0024927686749959
2026-05-13,rolling_hedge_all_20,20,0.5433970263452917,1,0.0066634412855273
2026-05-14,rolling_hedge_all_20,20,0.5268139038227607,0,-0.0152393406641067
2026-05-15,rolling_hedge_all_20,20,0.5739688944924679,0,-0.0101794721677159
2026-05-18,rolling_hedge_all_20,20,0.5571869431832829,0,-0.0009336485636538
2026-05-19,rolling_hedge_all_20,20,0.5363222493961207,1,0.0091999860584266
2026-05-20,rolling_hedge_all_20,20,0.5221872155440139,0,-0.0017635047336177
2026-05-21,rolling_hedge_all_20,20,0.48695095923923776,0,-0.0203998620916658
2026-05-22,rolling_hedge_all_20,20,0.5633218511803482,1,0.008736958514224
2026-05-25,rolling_hedge_all_20,20,0.5305562475952521,1,0.009645019329427
2026-05-26,rolling_hedge_all_20,20,0.5037099590001053,0,-0.0017329031739149
2026-05-27,rolling_hedge_all_20,20,0.5035741425426157,0,-0.0124587099882205
2026-05-28,rolling_hedge_all_20,20,0.5032826071935941,1,0.0011991517753873
2026-05-29,rolling_hedge_all_20,20,0.5116827021063416,0,-0.0073358551479079
2026-06-01,rolling_hedge_all_20,20,0.5086904548941893,0,-0.0026616237797614
2026-06-02,rolling_hedge_all_20,20,0.5258609820763991,1,0.0042787364394958
2026-06-03,rolling_hedge_all_20,20,0.49771835039239354,1,0.002177123419242
2026-06-04,rolling_hedge_all_20,20,0.4675271553759461,0,-0.0064136059632113
2026-06-05,rolling_hedge_all_20,20,0.5080216496659195,0,-0.0074042931345974
2026-06-08,rolling_hedge_all_20,20,0.5197625523497085,0,-0.0169817485555159
2026-06-09,rolling_hedge_all_20,20,0.5503053931235959,1,0.0128034029931265
2026-06-10,rolling_hedge_all_20,20,0.4794588536381502,0,-0.0041907406700845
2026-06-11,rolling_hedge_all_20,20,0.43275390065413866,0,-0.0015553840428766
2026-06-12,rolling_hedge_all_20,20,0.48775185525617276,1,0.0111607305214553
2026-06-15,rolling_hedge_all_20,20,0.5064279959789715,1,0.0161128092604438
2026-06-16,rolling_hedge_all_20,20,0.5305263836001552,0,-0.0011180352264094
2026-06-17,rolling_hedge_all_20,20,0.4921615850225326,1,0.0039551386009211
2026-06-18,rolling_hedge_all_20,20,0.4571595339283048,0,-0.0042830268962891
2026-06-22,rolling_hedge_all_20,20,0.5268957021070415,1,0.017752435471525
2026-06-23,rolling_hedge_all_20,20,0.5483268429016852,0,-0.0136544980815963
2026-06-24,rolling_hedge_all_20,20,0.5168000050844679,1,0.001110745273305
2026-06-25,rolling_hedge_all_20,20,0.4516737684405066,1,0.0023031940397191
2026-06-26,rolling_hedge_all_20,20,0.5093569821345565,0,-0.0225751593155904
2026-06-29,rolling_hedge_all_20,20,0.5390358385927823,1,0.0115803156732918
2026-06-30,rolling_hedge_all_20,20,0.5316453764778242,1,0.0050308033919324
2026-07-01,rolling_hedge_all_20,20,0.4725153889199026,1,0.0044079750937682
2026-07-02,rolling_hedge_all_20,20,0.4653241503906442,0,-0.0203141926518165
2026-07-03,rolling_hedge_all_20,20,0.5532822760348103,1,0.0036583150156965
2026-07-06,rolling_hedge_all_20,20,0.49964286489708504,0,-0.0005947607145339
2026-07-07,rolling_hedge_all_20,20,0.4991405759859294,0,-0.012620637537309
2026-07-08,rolling_hedge_all_20,20,0.5007793827752423,0,-0.0048505915065152
2026-07-09,rolling_hedge_all_20,20,0.4471449534118328,1,0.0165474655491981
2026-07-10,rolling_hedge_all_20,20,0.5205967596642501,0,-0.0100148937667159
2026-07-13,rolling_hedge_all_20,20,0.5358137978358232,0,-0.0206117770000314
2026-07-14,rolling_hedge_all_20,20,0.5451097177765544,1,0.0136266752925677
2026-07-15,rolling_hedge_all_20,20,0.4768161250944379,0,-0.0029109234241615
2026-07-16,rolling_hedge_all_20,20,0.4348206140288321,0,-0.0184966647099361
2026-07-17,rolling_hedge_all_20,20,0.5328508844166168,0,-0.0304599227336195
2026-07-20,rolling_hedge_all_20,20,0.550263473439594,1,0.0085347176192265
2026-07-21,rolling_hedge_all_20,20,0.4752817991422222,1,0.0179349210450965
2026-07-22,rolling_hedge_all_20,20,0.49690515296356963,1,0.0006901518411681
2026-07-23,rolling_hedge_all_20,20,0.4396374462757455,1,0.0025195020266177
2026-07-24,rolling_hedge_all_20,20,0.5032600941248342,0,-0.0161420169382969
2026-07-27,rolling_hedge_all_20,20,0.520005693755644,1,0.0115481681863396
2026-07-28,rolling_hedge_all_20,20,0.4899761395965008,0,-0.0116451910130123
2026-07-29,rolling_hedge_all_20,20,0.4785263156541987,1,0.0039739701545769
2026-07-30,rolling_hedge_all_20,20,0.43052314230460687,0,-0.0062103154028411
2026-07-31,rolling_hedge_all_20,20,0.4942492414933608,1,0.0072460511268583
2026-08-03,rolling_hedge_all_20,20,0.48317446169353606,0,-0.0058970393986632
2026-08-04,rolling_hedge_all_20,20,0.5098538884295414,1,0.0033131539456376
2026-08-05,rolling_hedge_all_20,20,0.4767918651779439,1,0.0146888575812635
2026-08-06,rolling_hedge_all_20,20,0.47367496594618447,1,0.0056522871368054
2026-08-07,rolling_hedge_all_20,20,0.5064365018893322,1,0.0101747226916955
2026-08-10,rolling_hedge_all_20,20,0.5302759337289922,1,0.0067402920327905
2026-08-11,rolling_hedge_all_20,20,0.5369695164250037,0,-0.0081936795144651
2026-08-12,rolling_hedge_all_20,20,0.5128062760689249,1,0.0031981958738647
2026-08-13,rolling_hedge_all_20,20,0.44501860133858173,0,-0.0049940772929111
2026-08-14,rolling_hedge_all_20,20,0.5075840748409818,1,5.373106202877232e-05
2026-08-17,rolling_hedge_all_20,20,0.5262511114089518,1,0.0141266905277481
2025-01-02,rolling_hedge_all_60,60,0.5120952961884669,0,-0.0266134568583756
2025-01-03,rolling_hedge_all_60,60,0.5649769544642732,0,-0.0156720441395579
2025-01-06,rolling_hedge_all_60,60,0.519444649294238,0,-0.0014034246426046
2025-01-07,rolling_hedge_all_60,60,0.4804396355394369,1,0.0070849845786755
2025-01-08,rolling_hedge_all_60,60,0.47161728566382594,1,0.0001622469844975
2025-01-09,rolling_hedge_all_60,60,0.4614135495438284,0,-0.0058123911821305
2025-01-10,rolling_hedge_all_60,60,0.5326630795405571,0,-0.0133490357611167
2025-01-13,rolling_hedge_all_60,60,0.51334408013636,0,-0.0024519302994074
2025-01-14,rolling_hedge_all_60,60,0.48891025255639187,1,0.0253689387503934
2025-01-15,rolling_hedge_all_60,60,0.5075212963574,0,-0.0042651206131554
2025-01-16,rolling_hedge_all_60,60,0.46848083080865394,1,0.0027625276678844
2025-01-17,rolling_hedge_all_60,60,0.5073845618583538,1,0.0017889192690305
2025-01-20,rolling_hedge_all_60,60,0.4946983775176864,1,0.0007887542217785
2025-01-21,rolling_hedge_all_60,60,0.4924517741195501,0,-0.0005409357356017
2025-01-22,rolling_hedge_all_60,60,0.48983872876361007,0,-0.0089430686206815
2025-01-23,rolling_hedge_all_60,60,0.47828620563364194,1,0.0051468373400249
2025-01-24,rolling_hedge_all_60,60,0.49544746183610683,1,0.0069538264930202
2025-01-27,rolling_hedge_all_60,60,0.5177076052888208,0,-0.0006225738833791
2025-02-05,rolling_hedge_all_60,60,0.4940824782940007,0,-0.0064951065972108
2025-02-06,rolling_hedge_all_60,60,0.4895461367156473,1,0.0127484604370724
2025-02-07,rolling_hedge_all_60,60,0.5688350415808086,1,0.0100921557398676
2025-02-10,rolling_hedge_all_60,60,0.5917668989561374,1,0.0056007460800377
2025-02-11,rolling_hedge_all_60,60,0.5907757130204709,0,-0.00123804621678
2025-02-12,rolling_hedge_all_60,60,0.5557459134225666,1,0.0085375266307963
2025-02-13,rolling_hedge_all_60,60,0.5393056413498512,0,-0.0041543337063727
2025-02-14,rolling_hedge_all_60,60,0.5683064116138171,1,0.0042733901418252
2025-02-17,rolling_hedge_all_60,60,0.5800751909366623,1,0.0027208697221521
2025-02-18,rolling_hedge_all_60,60,0.5950186145392238,0,-0.0093386732939392
2025-02-19,rolling_hedge_all_60,60,0.5590628551685155,1,0.0081359823203011
2025-02-20,rolling_hedge_all_60,60,0.5257433962780101,0,-0.0002255680151715
2025-02-21,rolling_hedge_all_60,60,0.5585902414258188,1,0.0084547402801076
2025-02-24,rolling_hedge_all_60,60,0.5883584751370415,0,-0.0018007684265072
2025-02-25,rolling_hedge_all_60,60,0.5874227587356124,0,-0.0080011194689163
2025-02-26,rolling_hedge_all_60,60,0.5557198235520242,1,0.0102132670260965
2025-02-27,rolling_hedge_all_60,60,0.5145356662433304,1,0.0023217464929734
2025-02-28,rolling_hedge_all_60,60,0.5730634011440129,0,-0.0198240173881115
2025-03-03,rolling_hedge_all_60,60,0.5794330857798355,0,-0.0011960623891676
2025-03-04,rolling_hedge_all_60,60,0.5125429997972095,1,0.0021963113425838
2025-03-05,rolling_hedge_all_60,60,0.48623333116702727,1,0.0053411186417224
2025-03-06,rolling_hedge_all_60,60,0.454297253114021,1,0.0117095780476454
2025-03-07,rolling_hedge_all_60,60,0.5305556760171182,0,-0.0025293558483072
2025-03-10,rolling_hedge_all_60,60,0.5383481538652227,0,-0.0018926354154991
2025-03-11,rolling_hedge_all_60,60,0.5178821849464381,1,0.0040595182110907
2025-03-12,rolling_hedge_all_60,60,0.48671539110806367,0,-0.0023385805431519
2025-03-13,rolling_hedge_all_60,60,0.46243978514461875,0,-0.0039131961455833
2025-03-14,rolling_hedge_all_60,60,0.5295121263432556,1,0.0181119107853
2025-03-17,rolling_hedge_all_60,60,0.538750499961353,1,0.0019204213873005
2025-03-18,rolling_hedge_all_60,60,0.5143820576710381,1,0.0010595047647068
2025-03-19,rolling_hedge_all_60,60,0.519086022325039,0,-0.0009709136997672
2025-03-20,rolling_hedge_all_60,60,0.44788113139516206,0,-0.0051018129953955
2025-03-21,rolling_hedge_all_60,60,0.5130500588489585,0,-0.0129415291755696
2025-03-24,rolling_hedge_all_60,60,0.5505077632142885,1,0.0015445055041396
2025-03-25,rolling_hedge_all_60,60,0.510994248733463,0,-1.5430138859295894e-05
2025-03-26,rolling_hedge_all_60,60,0.4732964784833202,0,-0.0003795279254213
2025-03-27,rolling_hedge_all_60,60,0.4611618305988706,1,0.0014996896426124
2025-03-28,rolling_hedge_all_60,60,0.4954759277173352,0,-0.0066519471365534
2025-03-31,rolling_hedge_all_60,60,0.5392431778534054,0,-0.0046432630612474
2025-04-01,rolling_hedge_all_60,60,0.5377559771071317,1,0.0038039467033761
2025-04-02,rolling_hedge_all_60,60,0.5046132856554482,1,0.0005053106899193
2025-04-03,rolling_hedge_all_60,60,0.4722377704007208,0,-0.0024234902139531
2025-04-07,rolling_hedge_all_60,60,0.524350096094046,0,-0.073438483690045
2025-04-08,rolling_hedge_all_60,60,0.6538043550316862,1,0.0158152100901123
2025-04-09,rolling_hedge_all_60,60,0.43484219772205074,1,0.013117265062474
2025-04-10,rolling_hedge_all_60,60,0.4348244196395835,1,0.0115563839701771
2025-04-11,rolling_hedge_all_60,60,0.4722563297190975,1,0.0045256322204911
2025-04-14,rolling_hedge_all_60,60,0.5085074042297435,1,0.0075908822945396
2025-04-15,rolling_hedge_all_60,60,0.49215152704086323,1,0.0014876756462531
2025-04-16,rolling_hedge_all_60,60,0.481126498521225,1,0.0025528956177229
2025-04-17,rolling_hedge_all_60,60,0.4239959003346886,1,0.0013238689574248
2025-04-18,rolling_hedge_all_60,60,0.5049752434513536,0,-0.0011008001911996
2025-04-21,rolling_hedge_all_60,60,0.49927008052747957,1,0.0044874005487178
2025-04-22,rolling_hedge_all_60,60,0.48626371357642423,1,0.0025286850655368
2025-04-23,rolling_hedge_all_60,60,0.4552873180267874,0,-0.001030985008896
2025-04-24,rolling_hedge_all_60,60,0.4445690273383684,1,0.0002830399031656
2025-04-25,rolling_hedge_all_60,60,0.47669847871437454,0,-0.0006757068233045
2025-04-28,rolling_hedge_all_60,60,0.4806085540426941,0,-0.002016655235413
2025-04-29,rolling_hedge_all_60,60,0.4897097811788964,0,-0.0005352122527113
2025-04-30,rolling_hedge_all_60,60,0.46128008594128483,0,-0.0023196836905607
2025-05-06,rolling_hedge_all_60,60,0.5112586625389333,1,0.0113091337044388
2025-05-07,rolling_hedge_all_60,60,0.4878130071677018,1,0.0080066608084039
2025-05-08,rolling_hedge_all_60,60,0.45270519064620285,1,0.0027914852370787
2025-05-09,rolling_hedge_all_60,60,0.5667136877847582,0,-0.0029824021269716
2025-05-12,rolling_hedge_all_60,60,0.5581785488024777,1,0.008152605671037
2025-05-13,rolling_hedge_all_60,60,0.5482013683400677,1,0.0016698102987464
2025-05-14,rolling_hedge_all_60,60,0.5237102293455641,1,0.0086157367200108
2025-05-15,rolling_hedge_all_60,60,0.5236277095660642,0,-0.00679416959366
2025-05-16,rolling_hedge_all_60,60,0.554762195982485,0,-0.0039514070694662
2025-05-19,rolling_hedge_all_60,60,0.5347124503933043,1,3.593210554431181e-05
2025-05-20,rolling_hedge_all_60,60,0.5370725291137709,1,0.0038291558069987
2025-05-21,rolling_hedge_all_60,60,0.5224452553625882,1,0.0020991114274371
2025-05-22,rolling_hedge_all_60,60,0.4917629405479845,0,-0.002180026178026
2025-05-23,rolling_hedge_all_60,60,0.5499045375091209,0,-0.0094127872731376
2025-05-26,rolling_hedge_all_60,60,0.5392371604046189,0,-0.0004578344341668
2025-05-27,rolling_hedge_all_60,60,0.5123817988144552,0,-0.0018381523580907
2025-05-28,rolling_hedge_all_60,60,0.480138721304555,0,-0.0002260014182712
2025-05-29,rolling_hedge_all_60,60,0.4557117990253556,1,0.0070402630951769
2025-05-30,rolling_hedge_all_60,60,0.5304100074516701,0,-0.004744836099643
2025-06-03,rolling_hedge_all_60,60,0.5494115442319327,1,0.0043283215140192
2025-06-04,rolling_hedge_all_60,60,0.516266379999085,1,0.0042317375257883
2025-06-05,rolling_hedge_all_60,60,0.4830967155071569,1,0.0023387219311161
2025-06-06,rolling_hedge_all_60,60,0.5267541341731268,1,0.0003720340332833
2025-06-09,rolling_hedge_all_60,60,0.5350886486175246,1,0.004257747629645
2025-06-10,rolling_hedge_all_60,60,0.5323489861021568,0,-0.0043991185291248
2025-06-11,rolling_hedge_all_60,60,0.5216805050022454,1,0.0051701480966763
2025-06-12,rolling_hedge_all_60,60,0.5029564482777638,1,0.0001005197635963
2025-06-13,rolling_hedge_all_60,60,0.51874756390607,0,-0.0075417511839273
2025-06-16,rolling_hedge_all_60,60,0.5324076046949404,1,0.0034743896646605
2025-06-17,rolling_hedge_all_60,60,0.5425050575120168,0,-0.0003907069582724
2025-06-18,rolling_hedge_all_60,60,0.4853191776565769,1,0.0004144765683464
2025-06-19,rolling_hedge_all_60,60,0.4664812247158674,0,-0.0078791693482872
2025-06-20,rolling_hedge_all_60,60,0.5339837991175566,0,-0.0006582179989459
2025-06-23,rolling_hedge_all_60,60,0.5083939246364555,1,0.0064546659940265
2025-06-24,rolling_hedge_all_60,60,0.5330606719039241,1,0.0115283320055523
2025-06-25,rolling_hedge_all_60,60,0.5209616442644495,1,0.0103515032307519
2025-06-26,rolling_hedge_all_60,60,0.48633478798556296,0,-0.0021762316498908
2025-06-27,rolling_hedge_all_60,60,0.5487877483494487,0,-0.0070251791165487
2025-06-30,rolling_hedge_all_60,60,0.5484981610688302,1,0.0058988495797738
2025-07-01,rolling_hedge_all_60,60,0.549184411517099,1,0.0038674078061191
2025-07-02,rolling_hedge_all_60,60,0.523411685562518,0,-0.0008546027225242
2025-07-03,rolling_hedge_all_60,60,0.4856841870397842,1,0.0018406317949097
2025-07-04,rolling_hedge_all_60,60,0.5416418122029283,1,0.0032266722832954
2025-07-07,rolling_hedge_all_60,60,0.5590646389404758,1,0.0002326975142548
2025-07-08,rolling_hedge_all_60,60,0.5340204151718538,1,0.0070103972587238
2025-07-09,rolling_hedge_all_60,60,0.5293483908668161,0,-0.0012651984646064
2025-07-10,rolling_hedge_all_60,60,0.5045786379851304,1,0.0047614548889938
2025-07-11,rolling_hedge_all_60,60,0.5574165082125222,1,0.0001410384188653
2025-07-14,rolling_hedge_all_60,60,0.5486561177963377,1,0.0026987243093439
2025-07-15,rolling_hedge_all_60,60,0.5628912762238281,0,-0.0041626298069411
2025-07-16,rolling_hedge_all_60,60,0.5388476715401853,0,-0.0003486448926233
2025-07-17,rolling_hedge_all_60,60,0.5043382515416122,1,0.00372426669848
2025-07-18,rolling_hedge_all_60,60,0.5466932462100866,1,0.0050207203882137
2025-07-21,rolling_hedge_all_60,60,0.5462096873204622,1,0.0071603117061249
2025-07-22,rolling_hedge_all_60,60,0.573030289074666,1,0.0061998021793974
2025-07-23,rolling_hedge_all_60,60,0.5593799263777469,1,0.0001220036176725
2025-07-24,rolling_hedge_all_60,60,0.5117069110963768,1,0.0065402152473077
2025-07-25,rolling_hedge_all_60,60,0.5704646486344309,0,-0.0033480072118603
2025-07-28,rolling_hedge_all_60,60,0.551663992496963,1,0.001191544541699
2025-07-29,rolling_hedge_all_60,60,0.5654075389592935,1,0.0032724308402287
2025-07-30,rolling_hedge_all_60,60,0.5265426232528847,1,0.0016638451111461
2025-07-31,rolling_hedge_all_60,60,0.5112296129544561,0,-0.0117567276421246
2025-08-01,rolling_hedge_all_60,60,0.5829377796247195,0,-0.0037098316134968
2025-08-04,rolling_hedge_all_60,60,0.5433966339193503,1,0.0065610435196878
2025-08-05,rolling_hedge_all_60,60,0.5327970348726668,1,0.009569088236599
2025-08-06,rolling_hedge_all_60,60,0.5364508434511943,1,0.0045325655310513
2025-08-07,rolling_hedge_all_60,60,0.480144180797375,1,0.0015608166769629
2025-08-08,rolling_hedge_all_60,60,0.5359143689109057,0,-0.0012470921103495
2025-08-11,rolling_hedge_all_60,60,0.5486339891682593,1,0.0034163858879245
2025-08-12,rolling_hedge_all_60,60,0.5394272776939966,1,0.0050365355127706
2025-08-13,rolling_hedge_all_60,60,0.5109315507803734,1,0.0047865227754684
2025-08-14,rolling_hedge_all_60,60,0.4963725053467335,0,-0.0046211922741222
2025-08-15,rolling_hedge_all_60,60,0.5496529644725484,1,0.0082717773056884
2025-08-18,rolling_hedge_all_60,60,0.5451642875299826,1,0.0084549462219867
2025-08-19,rolling_hedge_all_60,60,0.5546505059995066,0,-0.0001982281780684
2025-08-20,rolling_hedge_all_60,60,0.5295155966860163,1,0.0104424450163229
2025-08-21,rolling_hedge_all_60,60,0.5319399024556729,1,0.0012981219847008
2025-08-22,rolling_hedge_all_60,60,0.5578715927625377,1,0.0144944484353235
2025-08-25,rolling_hedge_all_60,60,0.5795344927846713,1,0.0151088973455986
2025-08-26,rolling_hedge_all_60,60,0.5882402684901616,0,-0.0039087827103055
2025-08-27,rolling_hedge_all_60,60,0.5451327044978498,0,-0.017586680943092
2025-08-28,rolling_hedge_all_60,60,0.539822964763405,1,0.0113797413396135
2025-08-29,rolling_hedge_all_60,60,0.5573354643500494,1,0.0037282784849712
2025-09-01,rolling_hedge_all_60,60,0.5537589250955981,1,0.0045628131377291
2025-09-02,rolling_hedge_all_60,60,0.5575104897703878,0,-0.0044889344167121
2025-09-03,rolling_hedge_all_60,60,0.5365072028689674,0,-0.0115537748439465
2025-09-04,rolling_hedge_all_60,60,0.4909953976281969,0,-0.0125030253907308
2025-09-05,rolling_hedge_all_60,60,0.5586428910096872,1,0.0123843695331444
2025-09-08,rolling_hedge_all_60,60,0.5175934915024931,1,0.0037578878398871
2025-09-09,rolling_hedge_all_60,60,0.5137721020860256,0,-0.0051083909679027
2025-09-10,rolling_hedge_all_60,60,0.4958492214207737,1,0.0012946209536857
2025-09-11,rolling_hedge_all_60,60,0.4529352252126588,1,0.0165488831838449
2025-09-12,rolling_hedge_all_60,60,0.5182862086716795,0,-0.0012156449975989
2025-09-15,rolling_hedge_all_60,60,0.5173649796555269,0,-0.0026078657613113
2025-09-16,rolling_hedge_all_60,60,0.5014991184741536,1,0.0003525446418395
2025-09-17,rolling_hedge_all_60,60,0.4864980126021467,1,0.0037484479649081
2025-09-18,rolling_hedge_all_60,60,0.44151495988786055,0,-0.0115276236017419
2025-09-19,rolling_hedge_all_60,60,0.5450467532642774,0,-0.0030187991823901
2025-09-22,rolling_hedge_all_60,60,0.5013648644975244,1,0.00222167598713
2025-09-23,rolling_hedge_all_60,60,0.49307495965954923,0,-0.0017612292403232
2025-09-24,rolling_hedge_all_60,60,0.47709656177616355,1,0.0083229696326343
2025-09-25,rolling_hedge_all_60,60,0.47786285047948096,0,-8.822822670073727e-05
2025-09-26,rolling_hedge_all_60,60,0.49370757512483626,0,-0.0065388074954934
2025-09-29,rolling_hedge_all_60,60,0.5145562865938456,1,0.0089929589201551
2025-09-30,rolling_hedge_all_60,60,0.512690193998205,1,0.0052413805244848
2025-10-09,rolling_hedge_all_60,60,0.4655989976798862,1,0.0131851507310361
2025-10-10,rolling_hedge_all_60,60,0.5539182166005964,0,-0.0093910175263068
2025-10-13,rolling_hedge_all_60,60,0.5686214459262636,0,-0.0019312152748196
2025-10-14,rolling_hedge_all_60,60,0.5513638332235411,0,-0.0062406446892173
2025-10-15,rolling_hedge_all_60,60,0.5028706448756387,1,0.0121547778928494
2025-10-16,rolling_hedge_all_60,60,0.4794552129931921,1,0.0010270409819512
2025-10-17,rolling_hedge_all_60,60,0.5212901114707224,0,-0.0195272083239279
2025-10-20,rolling_hedge_all_60,60,0.5627024831037166,1,0.0062863385814979
2025-10-21,rolling_hedge_all_60,60,0.5062209416717147,1,0.0135715455888658
2025-10-22,rolling_hedge_all_60,60,0.4961287271755996,0,-0.0006572476490757
2025-10-23,rolling_hedge_all_60,60,0.47264189868595735,1,0.002210662999603
2025-10-24,rolling_hedge_all_60,60,0.5267637005479618,1,0.0071134838020503
2025-10-27,rolling_hedge_all_60,60,0.5272922502518481,1,0.0118048903479017
2025-10-28,rolling_hedge_all_60,60,0.5296425600326234,0,-0.00218191643868
2025-10-29,rolling_hedge_all_60,60,0.513783865575913,1,0.0070474978336221
2025-10-30,rolling_hedge_all_60,60,0.4910313950905399,0,-0.0073275833092442
2025-10-31,rolling_hedge_all_60,60,0.541235304381614,0,-0.0080541252466513
2025-11-03,rolling_hedge_all_60,60,0.5509533545571043,1,0.005494855605481
2025-11-04,rolling_hedge_all_60,60,0.5492948151805399,0,-0.0041078621237006
2025-11-05,rolling_hedge_all_60,60,0.5252906020856993,1,0.0022882763587366
2025-11-06,rolling_hedge_all_60,60,0.5059692871110214,1,0.0097025935391288
2025-11-07,rolling_hedge_all_60,60,0.5411444989574694,0,-0.0025460606423538
2025-11-10,rolling_hedge_all_60,60,0.5382635221362808,1,0.0052634659777124
2025-11-11,rolling_hedge_all_60,60,0.5416375362478948,0,-0.0039414253282925
2025-11-12,rolling_hedge_all_60,60,0.5081601690930654,0,-0.0006540490331915
2025-11-13,rolling_hedge_all_60,60,0.46943389228023596,1,0.0073399931002415
2025-11-14,rolling_hedge_all_60,60,0.5477271739588611,0,-0.009680851301439
2025-11-17,rolling_hedge_all_60,60,0.5659937617451274,0,-0.0046252442054764
2025-11-18,rolling_hedge_all_60,60,0.5454306130000169,0,-0.0081122145197611
2025-11-19,rolling_hedge_all_60,60,0.5282223827808534,1,0.0017587129135316
2025-11-20,rolling_hedge_all_60,60,0.4562098170165126,0,-0.0039756842479189
2025-11-21,rolling_hedge_all_60,60,0.5333819296930848,0,-0.0244616516041129
2025-11-24,rolling_hedge_all_60,60,0.5781559247896023,1,0.0004889317584255
2025-11-25,rolling_hedge_all_60,60,0.5067486706683959,1,0.0086679771453355
2025-11-26,rolling_hedge_all_60,60,0.4708182649558029,0,-0.0015087765628266
2025-11-27,rolling_hedge_all_60,60,0.44587899384704344,1,0.0028660643489026
2025-11-28,rolling_hedge_all_60,60,0.5234421088969907,1,0.0034415764210855
2025-12-01,rolling_hedge_all_60,60,0.5159777913943904,1,0.006534492140608
2025-12-02,rolling_hedge_all_60,60,0.5132321471534389,0,-0.0041629982171718
2025-12-03,rolling_hedge_all_60,60,0.49520975376655263,0,-0.0050573259389098
2025-12-04,rolling_hedge_all_60,60,0.45086862358696733,0,-0.0005691077875192
2025-12-05,rolling_hedge_all_60,60,0.4890012200524274,1,0.0069701864882876
2025-12-08,rolling_hedge_all_60,60,0.48787367350698735,1,0.0054499222098549
2025-12-09,rolling_hedge_all_60,60,0.5137376281156746,0,-0.0037094063879464
2025-12-10,rolling_hedge_all_60,60,0.48275609445649764,0,-0.0023087221404559
2025-12-11,rolling_hedge_all_60,60,0.44509600270896893,0,-0.0069678317834449
2025-12-12,rolling_hedge_all_60,60,0.4964462984192222,1,0.0041380542470306
2025-12-15,rolling_hedge_all_60,60,0.4999360854697424,0,-0.0055086382132112
2025-12-16,rolling_hedge_all_60,60,0.5321910691194058,0,-0.0111452638251918
2025-12-17,rolling_hedge_all_60,60,0.5044190367611425,1,0.011887120203555
2025-12-18,rolling_hedge_all_60,60,0.4619785652780951,1,0.0015743055150043
2025-12-19,rolling_hedge_all_60,60,0.5085166804767612,1,0.0036314893491875
2025-12-22,rolling_hedge_all_60,60,0.5380922822504359,1,0.006918483424017
2025-12-23,rolling_hedge_all_60,60,0.5222710072730579,1,0.0006675407238132
2025-12-24,rolling_hedge_all_60,60,0.5125192493089034,1,0.005349008247238
2025-12-25,rolling_hedge_all_60,60,0.48112563635494443,1,0.0047384549957154
2025-12-26,rolling_hedge_all_60,60,0.5196860283560548,1,0.0010248455597139
2025-12-29,rolling_hedge_all_60,60,0.536128477778048,1,0.0004039176734544
2025-12-30,rolling_hedge_all_60,60,0.5495414256667173,0,-4.135899608603832e-05
2025-12-31,rolling_hedge_all_60,60,0.506003018695851,1,0.0009391906819371
2026-01-05,rolling_hedge_all_60,60,0.54674267305276,1,0.013751373197206
2026-01-06,rolling_hedge_all_60,60,0.5620145127034095,1,0.0149748335805113
2026-01-07,rolling_hedge_all_60,60,0.5721810895853529,1,0.0005154680829755
2026-01-08,rolling_hedge_all_60,60,0.5099133969022818,0,-0.0006835917422705
2026-01-09,rolling_hedge_all_60,60,0.5548559687369735,1,0.0091714897382524
2026-01-12,rolling_hedge_all_60,60,0.5588184836709686,1,0.0108874664901152
2026-01-13,rolling_hedge_all_60,60,0.5851354809563593,0,-0.0063688288466077
2026-01-14,rolling_hedge_all_60,60,0.560198197556943,0,-0.0030603376519386
2026-01-15,rolling_hedge_all_60,60,0.5268979341140235,0,-0.0032699214486925
2026-01-16,rolling_hedge_all_60,60,0.5602271062587032,0,-0.0025988419494135
2026-01-19,rolling_hedge_all_60,60,0.5689813030909319,1,0.0029466739055656
2026-01-20,rolling_hedge_all_60,60,0.5802036442279023,0,-8.531842489056807e-05
2026-01-21,rolling_hedge_all_60,60,0.5372854251678892,1,0.0008000196419284
2026-01-22,rolling_hedge_all_60,60,0.5042765727690047,1,0.0013689779302104
2026-01-23,rolling_hedge_all_60,60,0.553560623238996,1,0.0032959974540189
2026-01-26,rolling_hedge_all_60,60,0.5547860824133768,0,-0.0008604591113892
2026-01-27,rolling_hedge_all_60,60,0.5656503666770928,1,0.0017661983180103
2026-01-28,rolling_hedge_all_60,60,0.5612799990982784,1,0.002737744643354
2026-01-29,rolling_hedge_all_60,60,0.5007605184446653,1,0.0016252982845115
2026-01-30,rolling_hedge_all_60,60,0.5583307633781422,0,-0.009628942865354
2026-02-02,rolling_hedge_all_60,60,0.5965719516292963,0,-0.0248186718239279
2026-02-03,rolling_hedge_all_60,60,0.57821188862431,1,0.0129470340006563
2026-02-04,rolling_hedge_all_60,60,0.5083922439664188,1,0.0084725220749222
2026-02-05,rolling_hedge_all_60,60,0.49757578614903164,0,-0.0064075342949957
2026-02-06,rolling_hedge_all_60,60,0.5463777580673844,0,-0.002535380381887
2026-02-09,rolling_hedge_all_60,60,0.5376209611879794,1,0.0141448348244273
2026-02-10,rolling_hedge_all_60,60,0.5367817466076741,1,0.0012813205629755
2026-02-11,rolling_hedge_all_60,60,0.5049752274510503,1,0.0008749209434322
2026-02-12,rolling_hedge_all_60,60,0.49114865916777956,1,0.0004920153388747
2026-02-13,rolling_hedge_all_60,60,0.5593991717211569,0,-0.0125652573355994
2026-02-24,rolling_hedge_all_60,60,0.557456858868008,1,0.0086563861057848
2026-02-25,rolling_hedge_all_60,60,0.5010825188686161,1,0.0072429044576334
2026-02-26,rolling_hedge_all_60,60,0.49032378653697994,0,-0.0001446748444925
2026-02-27,rolling_hedge_all_60,60,0.5591992171924081,1,0.0039190851561181
2026-03-02,rolling_hedge_all_60,60,0.5400783506858545,1,0.0047344604050754
2026-03-03,rolling_hedge_all_60,60,0.5197550237021646,0,-0.0143248527049381
2026-03-04,rolling_hedge_all_60,60,0.5379383659129482,0,-0.0097514332923567
2026-03-05,rolling_hedge_all_60,60,0.5023701881485512,1,0.0063914675267986
2026-03-06,rolling_hedge_all_60,60,0.506486499699223,1,0.0038035159217313
2026-03-09,rolling_hedge_all_60,60,0.5055698456758977,0,-0.0066902769365361
2026-03-10,rolling_hedge_all_60,60,0.5424624335211298,1,0.0064775636002716
2026-03-11,rolling_hedge_all_60,60,0.5074549459079524,1,0.002496884654358
2026-03-12,rolling_hedge_all_60,60,0.47091080100922134,0,-0.0010475553855596
2026-03-13,rolling_hedge_all_60,60,0.5276168403197679,0,-0.0081504384850656
2026-03-16,rolling_hedge_all_60,60,0.5677117584336325,0,-0.0026036217274345
2026-03-17,rolling_hedge_all_60,60,0.5275337744513331,0,-0.0085387582115684
2026-03-18,rolling_hedge_all_60,60,0.5060042082689348,1,0.0032289630354473
2026-03-19,rolling_hedge_all_60,60,0.4636601516684953,0,-0.0138892990964275
2026-03-20,rolling_hedge_all_60,60,0.5405188011125377,0,-0.0123545133072028
2026-03-23,rolling_hedge_all_60,60,0.5300378409308035,0,-0.0363325939783976
2026-03-24,rolling_hedge_all_60,60,0.5703035979525306,1,0.017831616483749
2026-03-25,rolling_hedge_all_60,60,0.46627500260296006,1,0.0130261150960508
2026-03-26,rolling_hedge_all_60,60,0.4490729238833724,0,-0.0108737949020281
2026-03-27,rolling_hedge_all_60,60,0.5217519055557522,1,0.0063356821297766
2026-03-30,rolling_hedge_all_60,60,0.5045432859716259,1,0.0024434528341803
2026-03-31,rolling_hedge_all_60,60,0.49384562071511784,0,-0.0080101200855302
2026-04-01,rolling_hedge_all_60,60,0.49472175206000046,1,0.0145665531220153
2026-04-02,rolling_hedge_all_60,60,0.4543176619052721,0,-0.0074120842273319
2026-04-03,rolling_hedge_all_60,60,0.5240361216410484,0,-0.0099987625293898
2026-04-07,rolling_hedge_all_60,60,0.49831522604028106,1,0.0025947804913124
2026-04-08,rolling_hedge_all_60,60,0.4578431259198724,1,0.0269482142788288
2026-04-09,rolling_hedge_all_60,60,0.4450466437645255,0,-0.0072157733245423
2026-04-10,rolling_hedge_all_60,60,0.5053275131706625,1,0.0050562620724119
2026-04-13,rolling_hedge_all_60,60,0.5044572468211066,1,0.0005852655080935
2026-04-14,rolling_hedge_all_60,60,0.510986333610866,1,0.0095443014743674
2026-04-15,rolling_hedge_all_60,60,0.46255249443475066,1,0.0001450345773359
2026-04-16,rolling_hedge_all_60,60,0.4455277748192424,1,0.0070363849910981
2026-04-17,rolling_hedge_all_60,60,0.5226746348866508,0,-0.0010163857057999
2026-04-20,rolling_hedge_all_60,60,0.5230133525841181,1,0.0075780743812361
2026-04-21,rolling_hedge_all_60,60,0.5157374221357522,1,0.0007226624747345
2026-04-22,rolling_hedge_all_60,60,0.4982703776579276,1,0.0051849695856405
2026-04-23,rolling_hedge_all_60,60,0.49151187661793533,0,-0.0031678477095203
2026-04-24,rolling_hedge_all_60,60,0.5430996674018972,0,-0.0032614670494105
2026-04-27,rolling_hedge_all_60,60,0.5443599236488736,1,0.0015794504767272
2026-04-28,rolling_hedge_all_60,60,0.5393823147169282,0,-0.0018860379840757
2026-04-29,rolling_hedge_all_60,60,0.5098784201763887,1,0.0070800613047936
2026-04-30,rolling_hedge_all_60,60,0.506612286564082,1,0.0011308543318415
2026-05-06,rolling_hedge_all_60,60,0.5120729984981234,1,0.0116763481178623
2026-05-07,rolling_hedge_all_60,60,0.5161668305037297,1,0.0047877805111036
2026-05-08,rolling_hedge_all_60,60,0.5645218485419103,0,-3.349208581993057e-05
2026-05-11,rolling_hedge_all_60,60,0.5636435805741824,1,0.0107821812307891
2026-05-12,rolling_hedge_all_60,60,0.5756632977799991,0,-0.0024927686749959
2026-05-13,rolling_hedge_all_60,60,0.5427390086157394,1,0.0066634412855273
2026-05-14,rolling_hedge_all_60,60,0.5262335454381626,0,-0.0152393406641067
2026-05-15,rolling_hedge_all_60,60,0.573606192757951,0,-0.0101794721677159
2026-05-18,rolling_hedge_all_60,60,0.5565900576780582,0,-0.0009336485636538
2026-05-19,rolling_hedge_all_60,60,0.5362931319646094,1,0.0091999860584266
2026-05-20,rolling_hedge_all_60,60,0.5219681806592615,0,-0.0017635047336177
2026-05-21,rolling_hedge_all_60,60,0.486813822397108,0,-0.0203998620916658
2026-05-22,rolling_hedge_all_60,60,0.5627944641003972,1,0.008736958514224
2026-05-25,rolling_hedge_all_60,60,0.5302255410163802,1,0.009645019329427
2026-05-26,rolling_hedge_all_60,60,0.503185605406559,0,-0.0017329031739149
2026-05-27,rolling_hedge_all_60,60,0.5026636910088288,0,-0.0124587099882205
2026-05-28,rolling_hedge_all_60,60,0.5034690129786704,1,0.0011991517753873
2026-05-29,rolling_hedge_all_60,60,0.5117649514953003,0,-0.0073358551479079
2026-06-01,rolling_hedge_all_60,60,0.5084814862317354,0,-0.0026616237797614
2026-06-02,rolling_hedge_all_60,60,0.525380187787049,1,0.0042787364394958
2026-06-03,rolling_hedge_all_60,60,0.4982040815931227,1,0.002177123419242
2026-06-04,rolling_hedge_all_60,60,0.46766532706843106,0,-0.0064136059632113
2026-06-05,rolling_hedge_all_60,60,0.5089261097250565,0,-0.0074042931345974
2026-06-08,rolling_hedge_all_60,60,0.5197206155743699,0,-0.0169817485555159
2026-06-09,rolling_hedge_all_60,60,0.5504997806753381,1,0.0128034029931265
2026-06-10,rolling_hedge_all_60,60,0.4791405012610832,0,-0.0041907406700845
2026-06-11,rolling_hedge_all_60,60,0.4329084646871624,0,-0.0015553840428766
2026-06-12,rolling_hedge_all_60,60,0.4880718436298089,1,0.0111607305214553
2026-06-15,rolling_hedge_all_60,60,0.5065311321812367,1,0.0161128092604438
2026-06-16,rolling_hedge_all_60,60,0.530936660439062,0,-0.0011180352264094
2026-06-17,rolling_hedge_all_60,60,0.4923174312545378,1,0.0039551386009211
2026-06-18,rolling_hedge_all_60,60,0.45693401909617304,0,-0.0042830268962891
2026-06-22,rolling_hedge_all_60,60,0.5269837495427322,1,0.017752435471525
2026-06-23,rolling_hedge_all_60,60,0.5483006847445703,0,-0.0136544980815963
2026-06-24,rolling_hedge_all_60,60,0.516869283670518,1,0.001110745273305
2026-06-25,rolling_hedge_all_60,60,0.45174946525974646,1,0.0023031940397191
2026-06-26,rolling_hedge_all_60,60,0.509505866802711,0,-0.0225751593155904
2026-06-29,rolling_hedge_all_60,60,0.5391420769839224,1,0.0115803156732918
2026-06-30,rolling_hedge_all_60,60,0.5315337867453775,1,0.0050308033919324
2026-07-01,rolling_hedge_all_60,60,0.47271639621497685,1,0.0044079750937682
2026-07-02,rolling_hedge_all_60,60,0.46531749116166576,0,-0.0203141926518165
2026-07-03,rolling_hedge_all_60,60,0.5534292895054364,1,0.0036583150156965
2026-07-06,rolling_hedge_all_60,60,0.4995825143225959,0,-0.0005947607145339
2026-07-07,rolling_hedge_all_60,60,0.4993189850717927,0,-0.012620637537309
2026-07-08,rolling_hedge_all_60,60,0.5006989495293316,0,-0.0048505915065152
2026-07-09,rolling_hedge_all_60,60,0.4475552394071417,1,0.0165474655491981
2026-07-10,rolling_hedge_all_60,60,0.5210983253489089,0,-0.0100148937667159
2026-07-13,rolling_hedge_all_60,60,0.5359995380147433,0,-0.0206117770000314
2026-07-14,rolling_hedge_all_60,60,0.5454004231675246,1,0.0136266752925677
2026-07-15,rolling_hedge_all_60,60,0.47696472899572123,0,-0.0029109234241615
2026-07-16,rolling_hedge_all_60,60,0.434715975870275,0,-0.0184966647099361
2026-07-17,rolling_hedge_all_60,60,0.5327474828480749,0,-0.0304599227336195
2026-07-20,rolling_hedge_all_60,60,0.5500103109900917,1,0.0085347176192265
2026-07-21,rolling_hedge_all_60,60,0.474997620088836,1,0.0179349210450965
2026-07-22,rolling_hedge_all_60,60,0.49672386996370066,1,0.0006901518411681
2026-07-23,rolling_hedge_all_60,60,0.4400570378192016,1,0.0025195020266177
2026-07-24,rolling_hedge_all_60,60,0.5035156249262085,0,-0.0161420169382969
2026-07-27,rolling_hedge_all_60,60,0.5201440789255173,1,0.0115481681863396
2026-07-28,rolling_hedge_all_60,60,0.4904131920127051,0,-0.0116451910130123
2026-07-29,rolling_hedge_all_60,60,0.4789160531420108,1,0.0039739701545769
2026-07-30,rolling_hedge_all_60,60,0.431548672964604,0,-0.0062103154028411
2026-07-31,rolling_hedge_all_60,60,0.49464243593795143,1,0.0072460511268583
2026-08-03,rolling_hedge_all_60,60,0.4840005216265686,0,-0.0058970393986632
2026-08-04,rolling_hedge_all_60,60,0.5096372056949032,1,0.0033131539456376
2026-08-05,rolling_hedge_all_60,60,0.47667073595238596,1,0.0146888575812635
2026-08-06,rolling_hedge_all_60,60,0.47314360438720526,1,0.0056522871368054
2026-08-07,rolling_hedge_all_60,60,0.5060507100637,1,0.0101747226916955
2026-08-10,rolling_hedge_all_60,60,0.5305532777171085,1,0.0067402920327905
2026-08-11,rolling_hedge_all_60,60,0.5370899278462866,0,-0.0081936795144651
2026-08-12,rolling_hedge_all_60,60,0.5131360607127214,1,0.0031981958738647
2026-08-13,rolling_hedge_all_60,60,0.44496099488968555,0,-0.0049940772929111
2026-08-14,rolling_hedge_all_60,60,0.5075443253067153,1,5.373106202877232e-05
2026-08-17,rolling_hedge_all_60,60,0.5261420208526839,1,0.0141266905277481
2025-01-02,rolling_hedge_all_120,120,0.5120952961884669,0,-0.0266134568583756
2025-01-03,rolling_hedge_all_120,120,0.5649769544642732,0,-0.0156720441395579
2025-01-06,rolling_hedge_all_120,120,0.519444649294238,0,-0.0014034246426046
2025-01-07,rolling_hedge_all_120,120,0.4804396355394369,1,0.0070849845786755
2025-01-08,rolling_hedge_all_120,120,0.47161728566382594,1,0.0001622469844975
2025-01-09,rolling_hedge_all_120,120,0.4614135495438284,0,-0.0058123911821305
2025-01-10,rolling_hedge_all_120,120,0.5326630795405571,0,-0.0133490357611167
2025-01-13,rolling_hedge_all_120,120,0.51334408013636,0,-0.0024519302994074
2025-01-14,rolling_hedge_all_120,120,0.48891025255639187,1,0.0253689387503934
2025-01-15,rolling_hedge_all_120,120,0.5075212963574,0,-0.0042651206131554
2025-01-16,rolling_hedge_all_120,120,0.46848083080865394,1,0.0027625276678844
2025-01-17,rolling_hedge_all_120,120,0.5073845618583538,1,0.0017889192690305
2025-01-20,rolling_hedge_all_120,120,0.4946983775176864,1,0.0007887542217785
2025-01-21,rolling_hedge_all_120,120,0.4924517741195501,0,-0.0005409357356017
2025-01-22,rolling_hedge_all_120,120,0.48983872876361007,0,-0.0089430686206815
2025-01-23,rolling_hedge_all_120,120,0.47828620563364194,1,0.0051468373400249
2025-01-24,rolling_hedge_all_120,120,0.49544746183610683,1,0.0069538264930202
2025-01-27,rolling_hedge_all_120,120,0.5177076052888208,0,-0.0006225738833791
2025-02-05,rolling_hedge_all_120,120,0.4940824782940007,0,-0.0064951065972108
2025-02-06,rolling_hedge_all_120,120,0.4895461367156473,1,0.0127484604370724
2025-02-07,rolling_hedge_all_120,120,0.5688350415808086,1,0.0100921557398676
2025-02-10,rolling_hedge_all_120,120,0.5917668989561374,1,0.0056007460800377
2025-02-11,rolling_hedge_all_120,120,0.5907757130204709,0,-0.00123804621678
2025-02-12,rolling_hedge_all_120,120,0.5557459134225666,1,0.0085375266307963
2025-02-13,rolling_hedge_all_120,120,0.5393056413498512,0,-0.0041543337063727
2025-02-14,rolling_hedge_all_120,120,0.5683064116138171,1,0.0042733901418252
2025-02-17,rolling_hedge_all_120,120,0.5800751909366623,1,0.0027208697221521
2025-02-18,rolling_hedge_all_120,120,0.5950186145392238,0,-0.0093386732939392
2025-02-19,rolling_hedge_all_120,120,0.5590628551685155,1,0.0081359823203011
2025-02-20,rolling_hedge_all_120,120,0.5257433962780101,0,-0.0002255680151715
2025-02-21,rolling_hedge_all_120,120,0.5585902414258188,1,0.0084547402801076
2025-02-24,rolling_hedge_all_120,120,0.5883584751370415,0,-0.0018007684265072
2025-02-25,rolling_hedge_all_120,120,0.5874227587356124,0,-0.0080011194689163
2025-02-26,rolling_hedge_all_120,120,0.5557198235520242,1,0.0102132670260965
2025-02-27,rolling_hedge_all_120,120,0.5145356662433304,1,0.0023217464929734
2025-02-28,rolling_hedge_all_120,120,0.5730634011440129,0,-0.0198240173881115
2025-03-03,rolling_hedge_all_120,120,0.5794330857798355,0,-0.0011960623891676
2025-03-04,rolling_hedge_all_120,120,0.5125429997972095,1,0.0021963113425838
2025-03-05,rolling_hedge_all_120,120,0.48623333116702727,1,0.0053411186417224
2025-03-06,rolling_hedge_all_120,120,0.454297253114021,1,0.0117095780476454
2025-03-07,rolling_hedge_all_120,120,0.5305556760171182,0,-0.0025293558483072
2025-03-10,rolling_hedge_all_120,120,0.5383481538652227,0,-0.0018926354154991
2025-03-11,rolling_hedge_all_120,120,0.5178821849464381,1,0.0040595182110907
2025-03-12,rolling_hedge_all_120,120,0.48671539110806367,0,-0.0023385805431519
2025-03-13,rolling_hedge_all_120,120,0.46243978514461875,0,-0.0039131961455833
2025-03-14,rolling_hedge_all_120,120,0.5295121263432556,1,0.0181119107853
2025-03-17,rolling_hedge_all_120,120,0.538750499961353,1,0.0019204213873005
2025-03-18,rolling_hedge_all_120,120,0.5143820576710381,1,0.0010595047647068
2025-03-19,rolling_hedge_all_120,120,0.519086022325039,0,-0.0009709136997672
2025-03-20,rolling_hedge_all_120,120,0.44788113139516206,0,-0.0051018129953955
2025-03-21,rolling_hedge_all_120,120,0.5130500588489585,0,-0.0129415291755696
2025-03-24,rolling_hedge_all_120,120,0.5505077632142885,1,0.0015445055041396
2025-03-25,rolling_hedge_all_120,120,0.510994248733463,0,-1.5430138859295894e-05
2025-03-26,rolling_hedge_all_120,120,0.4732964784833202,0,-0.0003795279254213
2025-03-27,rolling_hedge_all_120,120,0.4611618305988706,1,0.0014996896426124
2025-03-28,rolling_hedge_all_120,120,0.4954759277173352,0,-0.0066519471365534
2025-03-31,rolling_hedge_all_120,120,0.5392431778534054,0,-0.0046432630612474
2025-04-01,rolling_hedge_all_120,120,0.5377559771071317,1,0.0038039467033761
2025-04-02,rolling_hedge_all_120,120,0.5046132856554482,1,0.0005053106899193
2025-04-03,rolling_hedge_all_120,120,0.4722377704007208,0,-0.0024234902139531
2025-04-07,rolling_hedge_all_120,120,0.524350096094046,0,-0.073438483690045
2025-04-08,rolling_hedge_all_120,120,0.6538118375847431,1,0.0158152100901123
2025-04-09,rolling_hedge_all_120,120,0.43490436477755373,1,0.013117265062474
2025-04-10,rolling_hedge_all_120,120,0.43481954738225004,1,0.0115563839701771
2025-04-11,rolling_hedge_all_120,120,0.47223886447503477,1,0.0045256322204911
2025-04-14,rolling_hedge_all_120,120,0.5086075637293016,1,0.0075908822945396
2025-04-15,rolling_hedge_all_120,120,0.49224002002699574,1,0.0014876756462531
2025-04-16,rolling_hedge_all_120,120,0.48100112354075697,1,0.0025528956177229
2025-04-17,rolling_hedge_all_120,120,0.4239599461036396,1,0.0013238689574248
2025-04-18,rolling_hedge_all_120,120,0.5048873209638667,0,-0.0011008001911996
2025-04-21,rolling_hedge_all_120,120,0.4992142116065821,1,0.0044874005487178
2025-04-22,rolling_hedge_all_120,120,0.48635787828461663,1,0.0025286850655368
2025-04-23,rolling_hedge_all_120,120,0.45544512332152215,0,-0.001030985008896
2025-04-24,rolling_hedge_all_120,120,0.4446692605691932,1,0.0002830399031656
2025-04-25,rolling_hedge_all_120,120,0.4767243890524896,0,-0.0006757068233045
2025-04-28,rolling_hedge_all_120,120,0.4806136691051697,0,-0.002016655235413
2025-04-29,rolling_hedge_all_120,120,0.4898113040981465,0,-0.0005352122527113
2025-04-30,rolling_hedge_all_120,120,0.4614288527876083,0,-0.0023196836905607
2025-05-06,rolling_hedge_all_120,120,0.5113624100538926,1,0.0113091337044388
2025-05-07,rolling_hedge_all_120,120,0.48790662995909906,1,0.0080066608084039
2025-05-08,rolling_hedge_all_120,120,0.4527097460124939,1,0.0027914852370787
2025-05-09,rolling_hedge_all_120,120,0.5667866567497872,0,-0.0029824021269716
2025-05-12,rolling_hedge_all_120,120,0.5584070132903007,1,0.008152605671037
2025-05-13,rolling_hedge_all_120,120,0.5481121576016577,1,0.0016698102987464
2025-05-14,rolling_hedge_all_120,120,0.5237538620053355,1,0.0086157367200108
2025-05-15,rolling_hedge_all_120,120,0.5239294943138878,0,-0.00679416959366
2025-05-16,rolling_hedge_all_120,120,0.5545542424350534,0,-0.0039514070694662
2025-05-19,rolling_hedge_all_120,120,0.5347343857465265,1,3.593210554431181e-05
2025-05-20,rolling_hedge_all_120,120,0.5370297547051128,1,0.0038291558069987
2025-05-21,rolling_hedge_all_120,120,0.5225697483089938,1,0.0020991114274371
2025-05-22,rolling_hedge_all_120,120,0.49171675874543574,0,-0.002180026178026
2025-05-23,rolling_hedge_all_120,120,0.549876684875415,0,-0.0094127872731376
2025-05-26,rolling_hedge_all_120,120,0.539193028108045,0,-0.0004578344341668
2025-05-27,rolling_hedge_all_120,120,0.5125440626886439,0,-0.0018381523580907
2025-05-28,rolling_hedge_all_120,120,0.48010410724630825,0,-0.0002260014182712
2025-05-29,rolling_hedge_all_120,120,0.45567684513273404,1,0.0070402630951769
2025-05-30,rolling_hedge_all_120,120,0.5304036178594214,0,-0.004744836099643
2025-06-03,rolling_hedge_all_120,120,0.5493599090453571,1,0.0043283215140192
2025-06-04,rolling_hedge_all_120,120,0.5163043995089758,1,0.0042317375257883
2025-06-05,rolling_hedge_all_120,120,0.4830028970285273,1,0.0023387219311161
2025-06-06,rolling_hedge_all_120,120,0.526560674154886,1,0.0003720340332833
2025-06-09,rolling_hedge_all_120,120,0.5350638455415537,1,0.004257747629645
2025-06-10,rolling_hedge_all_120,120,0.5322491213016173,0,-0.0043991185291248
2025-06-11,rolling_hedge_all_120,120,0.5216973970643433,1,0.0051701480966763
2025-06-12,rolling_hedge_all_120,120,0.5028330168413109,1,0.0001005197635963
2025-06-13,rolling_hedge_all_120,120,0.5187248864897049,0,-0.0075417511839273
2025-06-16,rolling_hedge_all_120,120,0.5325646003810987,1,0.0034743896646605
2025-06-17,rolling_hedge_all_120,120,0.5424121760842388,0,-0.0003907069582724
2025-06-18,rolling_hedge_all_120,120,0.4854131292684198,1,0.0004144765683464
2025-06-19,rolling_hedge_all_120,120,0.4668280147880427,0,-0.0078791693482872
2025-06-20,rolling_hedge_all_120,120,0.5340762183892667,0,-0.0006582179989459
2025-06-23,rolling_hedge_all_120,120,0.508585248126231,1,0.0064546659940265
2025-06-24,rolling_hedge_all_120,120,0.5329819206725388,1,0.0115283320055523
2025-06-25,rolling_hedge_all_120,120,0.5211274182521781,1,0.0103515032307519
2025-06-26,rolling_hedge_all_120,120,0.4865798983312637,0,-0.0021762316498908
2025-06-27,rolling_hedge_all_120,120,0.5488018256160898,0,-0.0070251791165487
2025-06-30,rolling_hedge_all_120,120,0.5483430069557449,1,0.0058988495797738
2025-07-01,rolling_hedge_all_120,120,0.5489788080259953,1,0.0038674078061191
2025-07-02,rolling_hedge_all_120,120,0.5231479419159106,0,-0.0008546027225242
2025-07-03,rolling_hedge_all_120,120,0.48585345861853324,1,0.0018406317949097
2025-07-04,rolling_hedge_all_120,120,0.541399334336362,1,0.0032266722832954
2025-07-07,rolling_hedge_all_120,120,0.5591829285120521,1,0.0002326975142548
2025-07-08,rolling_hedge_all_120,120,0.5345937586341217,1,0.0070103972587238
2025-07-09,rolling_hedge_all_120,120,0.5294325389832691,0,-0.0012651984646064
2025-07-10,rolling_hedge_all_120,120,0.5041211341479954,1,0.0047614548889938
2025-07-11,rolling_hedge_all_120,120,0.5577192283996166,1,0.0001410384188653
2025-07-14,rolling_hedge_all_120,120,0.5489910899370902,1,0.0026987243093439
2025-07-15,rolling_hedge_all_120,120,0.5628612924972026,0,-0.0041626298069411
2025-07-16,rolling_hedge_all_120,120,0.5385823396015146,0,-0.0003486448926233
2025-07-17,rolling_hedge_all_120,120,0.504396077315183,1,0.00372426669848
2025-07-18,rolling_hedge_all_120,120,0.5465359150598263,1,0.0050207203882137
2025-07-21,rolling_hedge_all_120,120,0.5462495014542693,1,0.0071603117061249
2025-07-22,rolling_hedge_all_120,120,0.5727807155122231,1,0.0061998021793974
2025-07-23,rolling_hedge_all_120,120,0.5592034006535755,1,0.0001220036176725
2025-07-24,rolling_hedge_all_120,120,0.5113589784393293,1,0.0065402152473077
2025-07-25,rolling_hedge_all_120,120,0.5703622715233353,0,-0.0033480072118603
2025-07-28,rolling_hedge_all_120,120,0.5514834990984845,1,0.001191544541699
2025-07-29,rolling_hedge_all_120,120,0.5653521425405471,1,0.0032724308402287
2025-07-30,rolling_hedge_all_120,120,0.5263638001707643,1,0.0016638451111461
2025-07-31,rolling_hedge_all_120,120,0.5110780300380515,0,-0.0117567276421246
2025-08-01,rolling_hedge_all_120,120,0.582685426090058,0,-0.0037098316134968
2025-08-04,rolling_hedge_all_120,120,0.5434102003874166,1,0.0065610435196878
2025-08-05,rolling_hedge_all_120,120,0.5327429752490898,1,0.009569088236599
2025-08-06,rolling_hedge_all_120,120,0.536402174240769,1,0.0045325655310513
2025-08-07,rolling_hedge_all_120,120,0.4802716566571681,1,0.0015608166769629
2025-08-08,rolling_hedge_all_120,120,0.5360417540398305,0,-0.0012470921103495
2025-08-11,rolling_hedge_all_120,120,0.5484831210782207,1,0.0034163858879245
2025-08-12,rolling_hedge_all_120,120,0.5399044658105021,1,0.0050365355127706
2025-08-13,rolling_hedge_all_120,120,0.5114370150458065,1,0.0047865227754684
2025-08-14,rolling_hedge_all_120,120,0.4961464885219391,0,-0.0046211922741222
2025-08-15,rolling_hedge_all_120,120,0.5493159842027203,1,0.0082717773056884
2025-08-18,rolling_hedge_all_120,120,0.5452980227420772,1,0.0084549462219867
2025-08-19,rolling_hedge_all_120,120,0.55484797691296,0,-0.0001982281780684
2025-08-20,rolling_hedge_all_120,120,0.5298997165273828,1,0.0104424450163229
2025-08-21,rolling_hedge_all_120,120,0.5319397692185112,1,0.0012981219847008
2025-08-22,rolling_hedge_all_120,120,0.5574873579737426,1,0.0144944484353235
2025-08-25,rolling_hedge_all_120,120,0.5792417397753808,1,0.0151088973455986
2025-08-26,rolling_hedge_all_120,120,0.5883724029970654,0,-0.0039087827103055
2025-08-27,rolling_hedge_all_120,120,0.544832343744305,0,-0.017586680943092
2025-08-28,rolling_hedge_all_120,120,0.5401408783307301,1,0.0113797413396135
2025-08-29,rolling_hedge_all_120,120,0.5572371254430267,1,0.0037282784849712
2025-09-01,rolling_hedge_all_120,120,0.5537646095871612,1,0.0045628131377291
2025-09-02,rolling_hedge_all_120,120,0.5574739887103046,0,-0.0044889344167121
2025-09-03,rolling_hedge_all_120,120,0.536552646178597,0,-0.0115537748439465
2025-09-04,rolling_hedge_all_120,120,0.49101353758368954,0,-0.0125030253907308
2025-09-05,rolling_hedge_all_120,120,0.5584292762087207,1,0.0123843695331444
2025-09-08,rolling_hedge_all_120,120,0.5177898447616095,1,0.0037578878398871
2025-09-09,rolling_hedge_all_120,120,0.5139207752045745,0,-0.0051083909679027
2025-09-10,rolling_hedge_all_120,120,0.4960264397423281,1,0.0012946209536857
2025-09-11,rolling_hedge_all_120,120,0.4533507580169357,1,0.0165488831838449
2025-09-12,rolling_hedge_all_120,120,0.5183542742322366,0,-0.0012156449975989
2025-09-15,rolling_hedge_all_120,120,0.5174948712075682,0,-0.0026078657613113
2025-09-16,rolling_hedge_all_120,120,0.5016451806086009,1,0.0003525446418395
2025-09-17,rolling_hedge_all_120,120,0.4864321693143051,1,0.0037484479649081
2025-09-18,rolling_hedge_all_120,120,0.4414890905904946,0,-0.0115276236017419
2025-09-19,rolling_hedge_all_120,120,0.5451867667289153,0,-0.0030187991823901
2025-09-22,rolling_hedge_all_120,120,0.5012646826506845,1,0.00222167598713
2025-09-23,rolling_hedge_all_120,120,0.4931656160771514,0,-0.0017612292403232
2025-09-24,rolling_hedge_all_120,120,0.47725276964144053,1,0.0083229696326343
2025-09-25,rolling_hedge_all_120,120,0.47801822267989236,0,-8.822822670073727e-05
2025-09-26,rolling_hedge_all_120,120,0.49373539960926394,0,-0.0065388074954934
2025-09-29,rolling_hedge_all_120,120,0.5148356879218815,1,0.0089929589201551
2025-09-30,rolling_hedge_all_120,120,0.5127746295181288,1,0.0052413805244848
2025-10-09,rolling_hedge_all_120,120,0.46539687554226533,1,0.0131851507310361
2025-10-10,rolling_hedge_all_120,120,0.5539005431175308,0,-0.0093910175263068
2025-10-13,rolling_hedge_all_120,120,0.5687078306080303,0,-0.0019312152748196
2025-10-14,rolling_hedge_all_120,120,0.5510614154983751,0,-0.0062406446892173
2025-10-15,rolling_hedge_all_120,120,0.5025127936011352,1,0.0121547778928494
2025-10-16,rolling_hedge_all_120,120,0.47945568680233164,1,0.0010270409819512
2025-10-17,rolling_hedge_all_120,120,0.5212363393218425,0,-0.0195272083239279
2025-10-20,rolling_hedge_all_120,120,0.5629316285291088,1,0.0062863385814979
2025-10-21,rolling_hedge_all_120,120,0.5063663911073879,1,0.0135715455888658
2025-10-22,rolling_hedge_all_120,120,0.49645796299559636,0,-0.0006572476490757
2025-10-23,rolling_hedge_all_120,120,0.47287570491592656,1,0.002210662999603
2025-10-24,rolling_hedge_all_120,120,0.5268593326756243,1,0.0071134838020503
2025-10-27,rolling_hedge_all_120,120,0.5271039196490385,1,0.0118048903479017
2025-10-28,rolling_hedge_all_120,120,0.5297678883266161,0,-0.00218191643868
2025-10-29,rolling_hedge_all_120,120,0.5139144882244285,1,0.0070474978336221
2025-10-30,rolling_hedge_all_120,120,0.490988232994905,0,-0.0073275833092442
2025-10-31,rolling_hedge_all_120,120,0.5414316970580222,0,-0.0080541252466513
2025-11-03,rolling_hedge_all_120,120,0.5507328721261296,1,0.005494855605481
2025-11-04,rolling_hedge_all_120,120,0.5496496412260015,0,-0.0041078621237006
2025-11-05,rolling_hedge_all_120,120,0.5254633908158589,1,0.0022882763587366
2025-11-06,rolling_hedge_all_120,120,0.5062513459894876,1,0.0097025935391288
2025-11-07,rolling_hedge_all_120,120,0.5417440545604706,0,-0.0025460606423538
2025-11-10,rolling_hedge_all_120,120,0.538019841556199,1,0.0052634659777124
2025-11-11,rolling_hedge_all_120,120,0.5407079911744196,0,-0.0039414253282925
2025-11-12,rolling_hedge_all_120,120,0.5071364606273474,0,-0.0006540490331915
2025-11-13,rolling_hedge_all_120,120,0.46887402836574404,1,0.0073399931002415
2025-11-14,rolling_hedge_all_120,120,0.5476471188505561,0,-0.009680851301439
2025-11-17,rolling_hedge_all_120,120,0.5659242893401852,0,-0.0046252442054764
2025-11-18,rolling_hedge_all_120,120,0.5453747301432534,0,-0.0081122145197611
2025-11-19,rolling_hedge_all_120,120,0.5279364865856568,1,0.0017587129135316
2025-11-20,rolling_hedge_all_120,120,0.4563848524092892,0,-0.0039756842479189
2025-11-21,rolling_hedge_all_120,120,0.5333055993576474,0,-0.0244616516041129
2025-11-24,rolling_hedge_all_120,120,0.5777624565872425,1,0.0004889317584255
2025-11-25,rolling_hedge_all_120,120,0.5062017603713418,1,0.0086679771453355
2025-11-26,rolling_hedge_all_120,120,0.4707020714693775,0,-0.0015087765628266
2025-11-27,rolling_hedge_all_120,120,0.44545553683678624,1,0.0028660643489026
2025-11-28,rolling_hedge_all_120,120,0.5229814706210624,1,0.0034415764210855
2025-12-01,rolling_hedge_all_120,120,0.5159879719344742,1,0.006534492140608
2025-12-02,rolling_hedge_all_120,120,0.5125311208400181,0,-0.0041629982171718
2025-12-03,rolling_hedge_all_120,120,0.49462005822932303,0,-0.0050573259389098
2025-12-04,rolling_hedge_all_120,120,0.4510852910544214,0,-0.0005691077875192
2025-12-05,rolling_hedge_all_120,120,0.4887968489339887,1,0.0069701864882876
2025-12-08,rolling_hedge_all_120,120,0.48771072744901056,1,0.0054499222098549
2025-12-09,rolling_hedge_all_120,120,0.5134677427897195,0,-0.0037094063879464
2025-12-10,rolling_hedge_all_120,120,0.4823880556073673,0,-0.0023087221404559
2025-12-11,rolling_hedge_all_120,120,0.44455353243647044,0,-0.0069678317834449
2025-12-12,rolling_hedge_all_120,120,0.4962508373531421,1,0.0041380542470306
2025-12-15,rolling_hedge_all_120,120,0.5000352138311102,0,-0.0055086382132112
2025-12-16,rolling_hedge_all_120,120,0.531623051854662,0,-0.0111452638251918
2025-12-17,rolling_hedge_all_120,120,0.5040115317367742,1,0.011887120203555
2025-12-18,rolling_hedge_all_120,120,0.4618810583464191,1,0.0015743055150043
2025-12-19,rolling_hedge_all_120,120,0.5081776221047044,1,0.0036314893491875
2025-12-22,rolling_hedge_all_120,120,0.5381653646925207,1,0.006918483424017
2025-12-23,rolling_hedge_all_120,120,0.5222188050317549,1,0.0006675407238132
2025-12-24,rolling_hedge_all_120,120,0.5121400902749051,1,0.005349008247238
2025-12-25,rolling_hedge_all_120,120,0.48096446163945106,1,0.0047384549957154
2025-12-26,rolling_hedge_all_120,120,0.5194321765384788,1,0.0010248455597139
2025-12-29,rolling_hedge_all_120,120,0.5358828257780902,1,0.0004039176734544
2025-12-30,rolling_hedge_all_120,120,0.5497257683809632,0,-4.135899608603832e-05
2025-12-31,rolling_hedge_all_120,120,0.5061366887639611,1,0.0009391906819371
2026-01-05,rolling_hedge_all_120,120,0.5470509286620396,1,0.013751373197206
2026-01-06,rolling_hedge_all_120,120,0.5618526665156897,1,0.0149748335805113
2026-01-07,rolling_hedge_all_120,120,0.5720370018295018,1,0.0005154680829755
2026-01-08,rolling_hedge_all_120,120,0.5098306666496756,0,-0.0006835917422705
2026-01-09,rolling_hedge_all_120,120,0.5547977443536756,1,0.0091714897382524
2026-01-12,rolling_hedge_all_120,120,0.5584509049302734,1,0.0108874664901152
2026-01-13,rolling_hedge_all_120,120,0.5851884674706792,0,-0.0063688288466077
2026-01-14,rolling_hedge_all_120,120,0.5598023391138793,0,-0.0030603376519386
2026-01-15,rolling_hedge_all_120,120,0.5267313909513397,0,-0.0032699214486925
2026-01-16,rolling_hedge_all_120,120,0.5602959416265587,0,-0.0025988419494135
2026-01-19,rolling_hedge_all_120,120,0.5688331850130488,1,0.0029466739055656
2026-01-20,rolling_hedge_all_120,120,0.5800668355997872,0,-8.531842489056807e-05
2026-01-21,rolling_hedge_all_120,120,0.5373148194037782,1,0.0008000196419284
2026-01-22,rolling_hedge_all_120,120,0.5041788717975421,1,0.0013689779302104
2026-01-23,rolling_hedge_all_120,120,0.5535646380707653,1,0.0032959974540189
2026-01-26,rolling_hedge_all_120,120,0.5546780517626612,0,-0.0008604591113892
2026-01-27,rolling_hedge_all_120,120,0.5655956029652348,1,0.0017661983180103
2026-01-28,rolling_hedge_all_120,120,0.5609302796111296,1,0.002737744643354
2026-01-29,rolling_hedge_all_120,120,0.5008801154631792,1,0.0016252982845115
2026-01-30,rolling_hedge_all_120,120,0.5582013809286154,0,-0.009628942865354
2026-02-02,rolling_hedge_all_120,120,0.5965370344954872,0,-0.0248186718239279
2026-02-03,rolling_hedge_all_120,120,0.5778384997742645,1,0.0129470340006563
2026-02-04,rolling_hedge_all_120,120,0.5085511198569688,1,0.0084725220749222
2026-02-05,rolling_hedge_all_120,120,0.49740109614844374,0,-0.0064075342949957
2026-02-06,rolling_hedge_all_120,120,0.5464071734147024,0,-0.002535380381887
2026-02-09,rolling_hedge_all_120,120,0.5374568391798652,1,0.0141448348244273
2026-02-10,rolling_hedge_all_120,120,0.5366930683145196,1,0.0012813205629755
2026-02-11,rolling_hedge_all_120,120,0.5049097013174878,1,0.0008749209434322
2026-02-12,rolling_hedge_all_120,120,0.49087903453511483,1,0.0004920153388747
2026-02-13,rolling_hedge_all_120,120,0.5594633966545086,0,-0.0125652573355994
2026-02-24,rolling_hedge_all_120,120,0.557283294030013,1,0.0086563861057848
2026-02-25,rolling_hedge_all_120,120,0.5009764575989338,1,0.0072429044576334
2026-02-26,rolling_hedge_all_120,120,0.48992701242625203,0,-0.0001446748444925
2026-02-27,rolling_hedge_all_120,120,0.5591006249417125,1,0.0039190851561181
2026-03-02,rolling_hedge_all_120,120,0.5400138965808182,1,0.0047344604050754
2026-03-03,rolling_hedge_all_120,120,0.5196170455630615,0,-0.0143248527049381
2026-03-04,rolling_hedge_all_120,120,0.5379542847675167,0,-0.0097514332923567
2026-03-05,rolling_hedge_all_120,120,0.5019293182901958,1,0.0063914675267986
2026-03-06,rolling_hedge_all_120,120,0.5067574295585952,1,0.0038035159217313
2026-03-09,rolling_hedge_all_120,120,0.5055458234557734,0,-0.0066902769365361
2026-03-10,rolling_hedge_all_120,120,0.5425277391140126,1,0.0064775636002716
2026-03-11,rolling_hedge_all_120,120,0.5077485313059601,1,0.002496884654358
2026-03-12,rolling_hedge_all_120,120,0.4712623771868153,0,-0.0010475553855596
2026-03-13,rolling_hedge_all_120,120,0.5274014157886645,0,-0.0081504384850656
2026-03-16,rolling_hedge_all_120,120,0.5675688466954778,0,-0.0026036217274345
2026-03-17,rolling_hedge_all_120,120,0.5276995766502549,0,-0.0085387582115684
2026-03-18,rolling_hedge_all_120,120,0.5063609125407218,1,0.0032289630354473
2026-03-19,rolling_hedge_all_120,120,0.4636079678066696,0,-0.0138892990964275
2026-03-20,rolling_hedge_all_120,120,0.540688178553225,0,-0.0123545133072028
2026-03-23,rolling_hedge_all_120,120,0.5305851437250845,0,-0.0363325939783976
2026-03-24,rolling_hedge_all_120,120,0.5707694711153566,1,0.017831616483749
2026-03-25,rolling_hedge_all_120,120,0.46604491042286617,1,0.0130261150960508
2026-03-26,rolling_hedge_all_120,120,0.44885364826812835,0,-0.0108737949020281
2026-03-27,rolling_hedge_all_120,120,0.5218054939288527,1,0.0063356821297766
2026-03-30,rolling_hedge_all_120,120,0.5047509227093139,1,0.0024434528341803
2026-03-31,rolling_hedge_all_120,120,0.4938000662237502,0,-0.0080101200855302
2026-04-01,rolling_hedge_all_120,120,0.49482006321556726,1,0.0145665531220153
2026-04-02,rolling_hedge_all_120,120,0.45421060529631485,0,-0.0074120842273319
2026-04-03,rolling_hedge_all_120,120,0.5239977552668719,0,-0.0099987625293898
2026-04-07,rolling_hedge_all_120,120,0.4984247235672885,1,0.0025947804913124
2026-04-08,rolling_hedge_all_120,120,0.45767689813764506,1,0.0269482142788288
2026-04-09,rolling_hedge_all_120,120,0.44523014089724194,0,-0.0072157733245423
2026-04-10,rolling_hedge_all_120,120,0.5050362694353849,1,0.0050562620724119
2026-04-13,rolling_hedge_all_120,120,0.5045134836175895,1,0.0005852655080935
2026-04-14,rolling_hedge_all_120,120,0.511153044568068,1,0.0095443014743674
2026-04-15,rolling_hedge_all_120,120,0.4621881524378621,1,0.0001450345773359
2026-04-16,rolling_hedge_all_120,120,0.4455687121079074,1,0.0070363849910981
2026-04-17,rolling_hedge_all_120,120,0.5224464546474364,0,-0.0010163857057999
2026-04-20,rolling_hedge_all_120,120,0.5231735094301386,1,0.0075780743812361
2026-04-21,rolling_hedge_all_120,120,0.5154021667797466,1,0.0007226624747345
2026-04-22,rolling_hedge_all_120,120,0.49814053293582433,1,0.0051849695856405
2026-04-23,rolling_hedge_all_120,120,0.49113535964414395,0,-0.0031678477095203
2026-04-24,rolling_hedge_all_120,120,0.5428846055163983,0,-0.0032614670494105
2026-04-27,rolling_hedge_all_120,120,0.5444940684458104,1,0.0015794504767272
2026-04-28,rolling_hedge_all_120,120,0.5391352415329916,0,-0.0018860379840757
2026-04-29,rolling_hedge_all_120,120,0.5094140043141502,1,0.0070800613047936
2026-04-30,rolling_hedge_all_120,120,0.5064999621927819,1,0.0011308543318415
2026-05-06,rolling_hedge_all_120,120,0.5118384394113791,1,0.0116763481178623
2026-05-07,rolling_hedge_all_120,120,0.5166245863218584,1,0.0047877805111036
2026-05-08,rolling_hedge_all_120,120,0.5648237366447642,0,-3.349208581993057e-05
2026-05-11,rolling_hedge_all_120,120,0.5637388744458659,1,0.0107821812307891
2026-05-12,rolling_hedge_all_120,120,0.5757847633797384,0,-0.0024927686749959
2026-05-13,rolling_hedge_all_120,120,0.5430683941982082,1,0.0066634412855273
2026-05-14,rolling_hedge_all_120,120,0.5265485487207759,0,-0.0152393406641067
2026-05-15,rolling_hedge_all_120,120,0.5736244401653016,0,-0.0101794721677159
2026-05-18,rolling_hedge_all_120,120,0.5566461615532242,0,-0.0009336485636538
2026-05-19,rolling_hedge_all_120,120,0.5363939110636711,1,0.0091999860584266
2026-05-20,rolling_hedge_all_120,120,0.5222157580443728,0,-0.0017635047336177
2026-05-21,rolling_hedge_all_120,120,0.4867040349964278,0,-0.0203998620916658
2026-05-22,rolling_hedge_all_120,120,0.5629247979307397,1,0.008736958514224
2026-05-25,rolling_hedge_all_120,120,0.5302992167158946,1,0.009645019329427
2026-05-26,rolling_hedge_all_120,120,0.5032196346500493,0,-0.0017329031739149
2026-05-27,rolling_hedge_all_120,120,0.5028667573568806,0,-0.0124587099882205
2026-05-28,rolling_hedge_all_120,120,0.5034695154653994,1,0.0011991517753873
2026-05-29,rolling_hedge_all_120,120,0.5116255282349631,0,-0.0073358551479079
2026-06-01,rolling_hedge_all_120,120,0.508649743774169,0,-0.0026616237797614
2026-06-02,rolling_hedge_all_120,120,0.5256095190784807,1,0.0042787364394958
2026-06-03,rolling_hedge_all_120,120,0.4980912479586048,1,0.002177123419242
2026-06-04,rolling_hedge_all_120,120,0.46770990463249057,0,-0.0064136059632113
2026-06-05,rolling_hedge_all_120,120,0.5089280636967535,0,-0.0074042931345974
2026-06-08,rolling_hedge_all_120,120,0.5198014555326749,0,-0.0169817485555159
2026-06-09,rolling_hedge_all_120,120,0.5504768354453192,1,0.0128034029931265
2026-06-10,rolling_hedge_all_120,120,0.4791486331342215,0,-0.0041907406700845
2026-06-11,rolling_hedge_all_120,120,0.43287448577143744,0,-0.0015553840428766
2026-06-12,rolling_hedge_all_120,120,0.48794794463461155,1,0.0111607305214553
2026-06-15,rolling_hedge_all_120,120,0.5065034254389177,1,0.0161128092604438
2026-06-16,rolling_hedge_all_120,120,0.5306340758358925,0,-0.0011180352264094
2026-06-17,rolling_hedge_all_120,120,0.49210159124485375,1,0.0039551386009211
2026-06-18,rolling_hedge_all_120,120,0.4569088704554784,0,-0.0042830268962891
2026-06-22,rolling_hedge_all_120,120,0.527270356927694,1,0.017752435471525
2026-06-23,rolling_hedge_all_120,120,0.5482218738748398,0,-0.0136544980815963
2026-06-24,rolling_hedge_all_120,120,0.5168654367236243,1,0.001110745273305
2026-06-25,rolling_hedge_all_120,120,0.4517105896372793,1,0.0023031940397191
2026-06-26,rolling_hedge_all_120,120,0.509457340230403,0,-0.0225751593155904
2026-06-29,rolling_hedge_all_120,120,0.5389258214505909,1,0.0115803156732918
2026-06-30,rolling_hedge_all_120,120,0.5316962658816728,1,0.0050308033919324
2026-07-01,rolling_hedge_all_120,120,0.4725726125158029,1,0.0044079750937682
2026-07-02,rolling_hedge_all_120,120,0.4652441590040824,0,-0.0203141926518165
2026-07-03,rolling_hedge_all_120,120,0.553520991785079,1,0.0036583150156965
2026-07-06,rolling_hedge_all_120,120,0.49954328257748226,0,-0.0005947607145339
2026-07-07,rolling_hedge_all_120,120,0.49940852203341335,0,-0.012620637537309
2026-07-08,rolling_hedge_all_120,120,0.5008530763147493,0,-0.0048505915065152
2026-07-09,rolling_hedge_all_120,120,0.44765920152480165,1,0.0165474655491981
2026-07-10,rolling_hedge_all_120,120,0.5207706151809428,0,-0.0100148937667159
2026-07-13,rolling_hedge_all_120,120,0.535976590984311,0,-0.0206117770000314
2026-07-14,rolling_hedge_all_120,120,0.5454326688288718,1,0.0136266752925677
2026-07-15,rolling_hedge_all_120,120,0.47710136163321326,0,-0.0029109234241615
2026-07-16,rolling_hedge_all_120,120,0.43478440886032726,0,-0.0184966647099361
2026-07-17,rolling_hedge_all_120,120,0.5327864195270751,0,-0.0304599227336195
2026-07-20,rolling_hedge_all_120,120,0.5499496080204025,1,0.0085347176192265
2026-07-21,rolling_hedge_all_120,120,0.474830689001596,1,0.0179349210450965
2026-07-22,rolling_hedge_all_120,120,0.4966198204894446,1,0.0006901518411681
2026-07-23,rolling_hedge_all_120,120,0.4404804867676169,1,0.0025195020266177
2026-07-24,rolling_hedge_all_120,120,0.5034746807470412,0,-0.0161420169382969
2026-07-27,rolling_hedge_all_120,120,0.5200066046192323,1,0.0115481681863396
2026-07-28,rolling_hedge_all_120,120,0.49028763300938377,0,-0.0116451910130123
2026-07-29,rolling_hedge_all_120,120,0.4789743266118377,1,0.0039739701545769
2026-07-30,rolling_hedge_all_120,120,0.431766758279493,0,-0.0062103154028411
2026-07-31,rolling_hedge_all_120,120,0.4948092723055503,1,0.0072460511268583
2026-08-03,rolling_hedge_all_120,120,0.4837605297640798,0,-0.0058970393986632
2026-08-04,rolling_hedge_all_120,120,0.5096229098933742,1,0.0033131539456376
2026-08-05,rolling_hedge_all_120,120,0.4767203240306667,1,0.0146888575812635
2026-08-06,rolling_hedge_all_120,120,0.47331250652020224,1,0.0056522871368054
2026-08-07,rolling_hedge_all_120,120,0.5065937714913128,1,0.0101747226916955
2026-08-10,rolling_hedge_all_120,120,0.5306980753643612,1,0.0067402920327905
2026-08-11,rolling_hedge_all_120,120,0.5370655816302449,0,-0.0081936795144651
2026-08-12,rolling_hedge_all_120,120,0.5131553232994738,1,0.0031981958738647
2026-08-13,rolling_hedge_all_120,120,0.44518671818550004,0,-0.0049940772929111
2026-08-14,rolling_hedge_all_120,120,0.5074438934347378,1,5.373106202877232e-05
2026-08-17,rolling_hedge_all_120,120,0.5261192373465035,1,0.0141266905277481
2025-01-02,rolling_hedge_traditional_20,20,0.5133009309309888,0,-0.0266134568583756
2025-01-03,rolling_hedge_traditional_20,20,0.5704721214128847,0,-0.0156720441395579
2025-01-06,rolling_hedge_traditional_20,20,0.5249158554956026,0,-0.0014034246426046
2025-01-07,rolling_hedge_traditional_20,20,0.48100490972145943,1,0.0070849845786755
2025-01-08,rolling_hedge_traditional_20,20,0.47382036618112955,1,0.0001622469844975
2025-01-09,rolling_hedge_traditional_20,20,0.4532386924817464,0,-0.0058123911821305
2025-01-10,rolling_hedge_traditional_20,20,0.5272658329015216,0,-0.0133490357611167
2025-01-13,rolling_hedge_traditional_20,20,0.5140276791064349,0,-0.0024519302994074
2025-01-14,rolling_hedge_traditional_20,20,0.48458189957026937,1,0.0253689387503934
2025-01-15,rolling_hedge_traditional_20,20,0.49996747515103757,0,-0.0042651206131554
2025-01-16,rolling_hedge_traditional_20,20,0.4718009761421106,1,0.0027625276678844
2025-01-17,rolling_hedge_traditional_20,20,0.501821463734677,1,0.0017889192690305
2025-01-20,rolling_hedge_traditional_20,20,0.49660178508157904,1,0.0007887542217785
2025-01-21,rolling_hedge_traditional_20,20,0.483814793344644,0,-0.0005409357356017
2025-01-22,rolling_hedge_traditional_20,20,0.48650821357567203,0,-0.0089430686206815
2025-01-23,rolling_hedge_traditional_20,20,0.47523243225862477,1,0.0051468373400249
2025-01-24,rolling_hedge_traditional_20,20,0.4959160189600397,1,0.0069538264930202
2025-01-27,rolling_hedge_traditional_20,20,0.5106133725206234,0,-0.0006225738833791
2025-02-05,rolling_hedge_traditional_20,20,0.49192266580632604,0,-0.0064951065972108
2025-02-06,rolling_hedge_traditional_20,20,0.48584808003822727,1,0.0127484604370724
2025-02-07,rolling_hedge_traditional_20,20,0.5657284354550659,1,0.0100921557398676
2025-02-10,rolling_hedge_traditional_20,20,0.5959362291473038,1,0.0056007460800377
2025-02-11,rolling_hedge_traditional_20,20,0.5906987733728856,0,-0.00123804621678
2025-02-12,rolling_hedge_traditional_20,20,0.5603978808755813,1,0.0085375266307963
2025-02-13,rolling_hedge_traditional_20,20,0.5350881099397842,0,-0.0041543337063727
2025-02-14,rolling_hedge_traditional_20,20,0.5664701602256726,1,0.0042733901418252
2025-02-17,rolling_hedge_traditional_20,20,0.5804721847884993,1,0.0027208697221521
2025-02-18,rolling_hedge_traditional_20,20,0.5977899831261623,0,-0.0093386732939392
2025-02-19,rolling_hedge_traditional_20,20,0.5557910814277487,1,0.0081359823203011
2025-02-20,rolling_hedge_traditional_20,20,0.5281480986011005,0,-0.0002255680151715
2025-02-21,rolling_hedge_traditional_20,20,0.5613598890732415,1,0.0084547402801076
2025-02-24,rolling_hedge_traditional_20,20,0.591443296691518,0,-0.0018007684265072
2025-02-25,rolling_hedge_traditional_20,20,0.5839190123775142,0,-0.0080011194689163
2025-02-26,rolling_hedge_traditional_20,20,0.5598457310232224,1,0.0102132670260965
2025-02-27,rolling_hedge_traditional_20,20,0.5198625893060468,1,0.0023217464929734
2025-02-28,rolling_hedge_traditional_20,20,0.573239629401384,0,-0.0198240173881115
2025-03-03,rolling_hedge_traditional_20,20,0.5832140188718684,0,-0.0011960623891676
2025-03-04,rolling_hedge_traditional_20,20,0.5190494848456724,1,0.0021963113425838
2025-03-05,rolling_hedge_traditional_20,20,0.4802641649672815,1,0.0053411186417224
2025-03-06,rolling_hedge_traditional_20,20,0.45427701130972975,1,0.0117095780476454
2025-03-07,rolling_hedge_traditional_20,20,0.5286350724902309,0,-0.0025293558483072
2025-03-10,rolling_hedge_traditional_20,20,0.535292600517501,0,-0.0018926354154991
2025-03-11,rolling_hedge_traditional_20,20,0.5162859011786115,1,0.0040595182110907
2025-03-12,rolling_hedge_traditional_20,20,0.4853695405999039,0,-0.0023385805431519
2025-03-13,rolling_hedge_traditional_20,20,0.4614355715789634,0,-0.0039131961455833
2025-03-14,rolling_hedge_traditional_20,20,0.5252205226530051,1,0.0181119107853
2025-03-17,rolling_hedge_traditional_20,20,0.5398626285801751,1,0.0019204213873005
2025-03-18,rolling_hedge_traditional_20,20,0.5119037628883262,1,0.0010595047647068
2025-03-19,rolling_hedge_traditional_20,20,0.5183002234371901,0,-0.0009709136997672
2025-03-20,rolling_hedge_traditional_20,20,0.4504710587873671,0,-0.0051018129953955
2025-03-21,rolling_hedge_traditional_20,20,0.5207678441339822,0,-0.0129415291755696
2025-03-24,rolling_hedge_traditional_20,20,0.5451402469864343,1,0.0015445055041396
2025-03-25,rolling_hedge_traditional_20,20,0.5108863129195501,0,-1.5430138859295894e-05
2025-03-26,rolling_hedge_traditional_20,20,0.47410253189611784,0,-0.0003795279254213
2025-03-27,rolling_hedge_traditional_20,20,0.4534132603007427,1,0.0014996896426124
2025-03-28,rolling_hedge_traditional_20,20,0.4924223877945531,0,-0.0066519471365534
2025-03-31,rolling_hedge_traditional_20,20,0.5416397896295878,0,-0.0046432630612474
2025-04-01,rolling_hedge_traditional_20,20,0.5435045842261569,1,0.0038039467033761
2025-04-02,rolling_hedge_traditional_20,20,0.5047077177866642,1,0.0005053106899193
2025-04-03,rolling_hedge_traditional_20,20,0.4731241760692051,0,-0.0024234902139531
2025-04-07,rolling_hedge_traditional_20,20,0.5237910826004039,0,-0.073438483690045
2025-04-08,rolling_hedge_traditional_20,20,0.6584281451929568,1,0.0158152100901123
2025-04-09,rolling_hedge_traditional_20,20,0.4311100355247495,1,0.013117265062474
2025-04-10,rolling_hedge_traditional_20,20,0.44007280102518087,1,0.0115563839701771
2025-04-11,rolling_hedge_traditional_20,20,0.47495045759531385,1,0.0045256322204911
2025-04-14,rolling_hedge_traditional_20,20,0.5007138461901889,1,0.0075908822945396
2025-04-15,rolling_hedge_traditional_20,20,0.4916078185052845,1,0.0014876756462531
2025-04-16,rolling_hedge_traditional_20,20,0.4817414188753618,1,0.0025528956177229
2025-04-17,rolling_hedge_traditional_20,20,0.4252445511350858,1,0.0013238689574248
2025-04-18,rolling_hedge_traditional_20,20,0.5110162859517186,0,-0.0011008001911996
2025-04-21,rolling_hedge_traditional_20,20,0.49723681623528593,1,0.0044874005487178
2025-04-22,rolling_hedge_traditional_20,20,0.48889166957214725,1,0.0025286850655368
2025-04-23,rolling_hedge_traditional_20,20,0.4600081059997024,0,-0.001030985008896
2025-04-24,rolling_hedge_traditional_20,20,0.4442417729920909,1,0.0002830399031656
2025-04-25,rolling_hedge_traditional_20,20,0.4725468553175686,0,-0.0006757068233045
2025-04-28,rolling_hedge_traditional_20,20,0.47758378782275474,0,-0.002016655235413
2025-04-29,rolling_hedge_traditional_20,20,0.49164744974528407,0,-0.0005352122527113
2025-04-30,rolling_hedge_traditional_20,20,0.4592029943387551,0,-0.0023196836905607
2025-05-06,rolling_hedge_traditional_20,20,0.513970436757376,1,0.0113091337044388
2025-05-07,rolling_hedge_traditional_20,20,0.48653953682227424,1,0.0080066608084039
2025-05-08,rolling_hedge_traditional_20,20,0.45273969378038265,1,0.0027914852370787
2025-05-09,rolling_hedge_traditional_20,20,0.5690578048786029,0,-0.0029824021269716
2025-05-12,rolling_hedge_traditional_20,20,0.5622226154068979,1,0.008152605671037
2025-05-13,rolling_hedge_traditional_20,20,0.5485454385711939,1,0.0016698102987464
2025-05-14,rolling_hedge_traditional_20,20,0.5260869741333462,1,0.0086157367200108
2025-05-15,rolling_hedge_traditional_20,20,0.5247977142439835,0,-0.00679416959366
2025-05-16,rolling_hedge_traditional_20,20,0.5495438466194711,0,-0.0039514070694662
2025-05-19,rolling_hedge_traditional_20,20,0.5402414159167741,1,3.593210554431181e-05
2025-05-20,rolling_hedge_traditional_20,20,0.5390880269173155,1,0.0038291558069987
2025-05-21,rolling_hedge_traditional_20,20,0.5268549714208004,1,0.0020991114274371
2025-05-22,rolling_hedge_traditional_20,20,0.49269471704453327,0,-0.002180026178026
2025-05-23,rolling_hedge_traditional_20,20,0.5485422746214177,0,-0.0094127872731376
2025-05-26,rolling_hedge_traditional_20,20,0.5366683706233721,0,-0.0004578344341668
2025-05-27,rolling_hedge_traditional_20,20,0.5130741636764781,0,-0.0018381523580907
2025-05-28,rolling_hedge_traditional_20,20,0.4784245346493834,0,-0.0002260014182712
2025-05-29,rolling_hedge_traditional_20,20,0.4558992524882154,1,0.0070402630951769
2025-05-30,rolling_hedge_traditional_20,20,0.5317792411388544,0,-0.004744836099643
2025-06-03,rolling_hedge_traditional_20,20,0.5468732034550446,1,0.0043283215140192
2025-06-04,rolling_hedge_traditional_20,20,0.5177866416273448,1,0.0042317375257883
2025-06-05,rolling_hedge_traditional_20,20,0.48098002518464145,1,0.0023387219311161
2025-06-06,rolling_hedge_traditional_20,20,0.5200333275523117,1,0.0003720340332833
2025-06-09,rolling_hedge_traditional_20,20,0.537428806560896,1,0.004257747629645
2025-06-10,rolling_hedge_traditional_20,20,0.5237861961774859,0,-0.0043991185291248
2025-06-11,rolling_hedge_traditional_20,20,0.5235763849043097,1,0.0051701480966763
2025-06-12,rolling_hedge_traditional_20,20,0.5077869894586107,1,0.0001005197635963
2025-06-13,rolling_hedge_traditional_20,20,0.5146954164368647,0,-0.0075417511839273
2025-06-16,rolling_hedge_traditional_20,20,0.5307370414060693,1,0.0034743896646605
2025-06-17,rolling_hedge_traditional_20,20,0.5446049204478561,0,-0.0003907069582724
2025-06-18,rolling_hedge_traditional_20,20,0.4851629730376647,1,0.0004144765683464
2025-06-19,rolling_hedge_traditional_20,20,0.47331081878018894,0,-0.0078791693482872
2025-06-20,rolling_hedge_traditional_20,20,0.5419331901355982,0,-0.0006582179989459
2025-06-23,rolling_hedge_traditional_20,20,0.5056397775016575,1,0.0064546659940265
2025-06-24,rolling_hedge_traditional_20,20,0.5358635768385441,1,0.0115283320055523
2025-06-25,rolling_hedge_traditional_20,20,0.518115596463336,1,0.0103515032307519
2025-06-26,rolling_hedge_traditional_20,20,0.48932015799073975,0,-0.0021762316498908
2025-06-27,rolling_hedge_traditional_20,20,0.544237762422844,0,-0.0070251791165487
2025-06-30,rolling_hedge_traditional_20,20,0.5447102049691969,1,0.0058988495797738
2025-07-01,rolling_hedge_traditional_20,20,0.5490448601782711,1,0.0038674078061191
2025-07-02,rolling_hedge_traditional_20,20,0.520054502870726,0,-0.0008546027225242
2025-07-03,rolling_hedge_traditional_20,20,0.4818884317261062,1,0.0018406317949097
2025-07-04,rolling_hedge_traditional_20,20,0.5421762488684795,1,0.0032266722832954
2025-07-07,rolling_hedge_traditional_20,20,0.5639384600142753,1,0.0002326975142548
2025-07-08,rolling_hedge_traditional_20,20,0.535593598374962,1,0.0070103972587238
2025-07-09,rolling_hedge_traditional_20,20,0.5304027395962466,0,-0.0012651984646064
2025-07-10,rolling_hedge_traditional_20,20,0.5090420745671275,1,0.0047614548889938
2025-07-11,rolling_hedge_traditional_20,20,0.558152163007019,1,0.0001410384188653
2025-07-14,rolling_hedge_traditional_20,20,0.5475493457424816,1,0.0026987243093439
2025-07-15,rolling_hedge_traditional_20,20,0.5715550557207902,0,-0.0041626298069411
2025-07-16,rolling_hedge_traditional_20,20,0.5401068847985261,0,-0.0003486448926233
2025-07-17,rolling_hedge_traditional_20,20,0.5095458492834332,1,0.00372426669848
2025-07-18,rolling_hedge_traditional_20,20,0.5476713396583776,1,0.0050207203882137
2025-07-21,rolling_hedge_traditional_20,20,0.5479339866729667,1,0.0071603117061249
2025-07-22,rolling_hedge_traditional_20,20,0.576897550597573,1,0.0061998021793974
2025-07-23,rolling_hedge_traditional_20,20,0.5596381933394743,1,0.0001220036176725
2025-07-24,rolling_hedge_traditional_20,20,0.5137922163128281,1,0.0065402152473077
2025-07-25,rolling_hedge_traditional_20,20,0.5709532259342146,0,-0.0033480072118603
2025-07-28,rolling_hedge_traditional_20,20,0.5474311072004516,1,0.001191544541699
2025-07-29,rolling_hedge_traditional_20,20,0.5631178566808827,1,0.0032724308402287
2025-07-30,rolling_hedge_traditional_20,20,0.5277915474980064,1,0.0016638451111461
2025-07-31,rolling_hedge_traditional_20,20,0.5075522231562585,0,-0.0117567276421246
2025-08-01,rolling_hedge_traditional_20,20,0.5907459365723524,0,-0.0037098316134968
2025-08-04,rolling_hedge_traditional_20,20,0.5450854993075144,1,0.0065610435196878
2025-08-05,rolling_hedge_traditional_20,20,0.5316553107282438,1,0.009569088236599
2025-08-06,rolling_hedge_traditional_20,20,0.537515343156585,1,0.0045325655310513
2025-08-07,rolling_hedge_traditional_20,20,0.48280461993471263,1,0.0015608166769629
2025-08-08,rolling_hedge_traditional_20,20,0.5316573565947441,0,-0.0012470921103495
2025-08-11,rolling_hedge_traditional_20,20,0.5521936205366621,1,0.0034163858879245
2025-08-12,rolling_hedge_traditional_20,20,0.5401081169053494,1,0.0050365355127706
2025-08-13,rolling_hedge_traditional_20,20,0.5130571667513495,1,0.0047865227754684
2025-08-14,rolling_hedge_traditional_20,20,0.4955194840369108,0,-0.0046211922741222
2025-08-15,rolling_hedge_traditional_20,20,0.5466657490509101,1,0.0082717773056884
2025-08-18,rolling_hedge_traditional_20,20,0.5474865860245948,1,0.0084549462219867
2025-08-19,rolling_hedge_traditional_20,20,0.5508879894341762,0,-0.0001982281780684
2025-08-20,rolling_hedge_traditional_20,20,0.5315300448771547,1,0.0104424450163229
2025-08-21,rolling_hedge_traditional_20,20,0.5341251892360352,1,0.0012981219847008
2025-08-22,rolling_hedge_traditional_20,20,0.5578302759220645,1,0.0144944484353235
2025-08-25,rolling_hedge_traditional_20,20,0.5731326728895115,1,0.0151088973455986
2025-08-26,rolling_hedge_traditional_20,20,0.5935712963071345,0,-0.0039087827103055
2025-08-27,rolling_hedge_traditional_20,20,0.5484347458912592,0,-0.017586680943092
2025-08-28,rolling_hedge_traditional_20,20,0.5387395962495979,1,0.0113797413396135
2025-08-29,rolling_hedge_traditional_20,20,0.5596846831108809,1,0.0037282784849712
2025-09-01,rolling_hedge_traditional_20,20,0.5528285726683588,1,0.0045628131377291
2025-09-02,rolling_hedge_traditional_20,20,0.5548009915507411,0,-0.0044889344167121
2025-09-03,rolling_hedge_traditional_20,20,0.5353985600705964,0,-0.0115537748439465
2025-09-04,rolling_hedge_traditional_20,20,0.4907676592474301,0,-0.0125030253907308
2025-09-05,rolling_hedge_traditional_20,20,0.5547764033188559,1,0.0123843695331444
2025-09-08,rolling_hedge_traditional_20,20,0.5141311413056199,1,0.0037578878398871
2025-09-09,rolling_hedge_traditional_20,20,0.515092892449574,0,-0.0051083909679027
2025-09-10,rolling_hedge_traditional_20,20,0.4913045825980511,1,0.0012946209536857
2025-09-11,rolling_hedge_traditional_20,20,0.45618509318916967,1,0.0165488831838449
2025-09-12,rolling_hedge_traditional_20,20,0.5161059046988643,0,-0.0012156449975989
2025-09-15,rolling_hedge_traditional_20,20,0.5190220180591414,0,-0.0026078657613113
2025-09-16,rolling_hedge_traditional_20,20,0.5026723212377772,1,0.0003525446418395
2025-09-17,rolling_hedge_traditional_20,20,0.4788752616611017,1,0.0037484479649081
2025-09-18,rolling_hedge_traditional_20,20,0.43771615631985816,0,-0.0115276236017419
2025-09-19,rolling_hedge_traditional_20,20,0.5438701474403814,0,-0.0030187991823901
2025-09-22,rolling_hedge_traditional_20,20,0.5020523010736144,1,0.00222167598713
2025-09-23,rolling_hedge_traditional_20,20,0.4887305943007758,0,-0.0017612292403232
2025-09-24,rolling_hedge_traditional_20,20,0.476998791531635,1,0.0083229696326343
2025-09-25,rolling_hedge_traditional_20,20,0.47598135382248263,0,-8.822822670073727e-05
2025-09-26,rolling_hedge_traditional_20,20,0.4930688177454983,0,-0.0065388074954934
2025-09-29,rolling_hedge_traditional_20,20,0.5120115827155621,1,0.0089929589201551
2025-09-30,rolling_hedge_traditional_20,20,0.5194781723888939,1,0.0052413805244848
2025-10-09,rolling_hedge_traditional_20,20,0.4616034157966596,1,0.0131851507310361
2025-10-10,rolling_hedge_traditional_20,20,0.5543102377167793,0,-0.0093910175263068
2025-10-13,rolling_hedge_traditional_20,20,0.5697875984378376,0,-0.0019312152748196
2025-10-14,rolling_hedge_traditional_20,20,0.5502043127540359,0,-0.0062406446892173
2025-10-15,rolling_hedge_traditional_20,20,0.49883929665700577,1,0.0121547778928494
2025-10-16,rolling_hedge_traditional_20,20,0.4763019980769691,1,0.0010270409819512
2025-10-17,rolling_hedge_traditional_20,20,0.5192865224129132,0,-0.0195272083239279
2025-10-20,rolling_hedge_traditional_20,20,0.5664521758836603,1,0.0062863385814979
2025-10-21,rolling_hedge_traditional_20,20,0.5060665356708719,1,0.0135715455888658
2025-10-22,rolling_hedge_traditional_20,20,0.5051501734503231,0,-0.0006572476490757
2025-10-23,rolling_hedge_traditional_20,20,0.4710213534330827,1,0.002210662999603
2025-10-24,rolling_hedge_traditional_20,20,0.5280889317998569,1,0.0071134838020503
2025-10-27,rolling_hedge_traditional_20,20,0.5233470386945339,1,0.0118048903479017
2025-10-28,rolling_hedge_traditional_20,20,0.5310563773860789,0,-0.00218191643868
2025-10-29,rolling_hedge_traditional_20,20,0.518620430691749,1,0.0070474978336221
2025-10-30,rolling_hedge_traditional_20,20,0.4945968293394667,0,-0.0073275833092442
2025-10-31,rolling_hedge_traditional_20,20,0.5406233396466318,0,-0.0080541252466513
2025-11-03,rolling_hedge_traditional_20,20,0.5461517908009367,1,0.005494855605481
2025-11-04,rolling_hedge_traditional_20,20,0.5552083906665789,0,-0.0041078621237006
2025-11-05,rolling_hedge_traditional_20,20,0.5207033216487555,1,0.0022882763587366
2025-11-06,rolling_hedge_traditional_20,20,0.49781311918660237,1,0.0097025935391288
2025-11-07,rolling_hedge_traditional_20,20,0.5422912305855373,0,-0.0025460606423538
2025-11-10,rolling_hedge_traditional_20,20,0.5374000944235299,1,0.0052634659777124
2025-11-11,rolling_hedge_traditional_20,20,0.5443378692853625,0,-0.0039414253282925
2025-11-12,rolling_hedge_traditional_20,20,0.5090313410755418,0,-0.0006540490331915
2025-11-13,rolling_hedge_traditional_20,20,0.468483185927247,1,0.0073399931002415
2025-11-14,rolling_hedge_traditional_20,20,0.5464538013012612,0,-0.009680851301439
2025-11-17,rolling_hedge_traditional_20,20,0.5629172979458578,0,-0.0046252442054764
2025-11-18,rolling_hedge_traditional_20,20,0.5486962423025796,0,-0.0081122145197611
2025-11-19,rolling_hedge_traditional_20,20,0.5237416740798236,1,0.0017587129135316
2025-11-20,rolling_hedge_traditional_20,20,0.45864617205744085,0,-0.0039756842479189
2025-11-21,rolling_hedge_traditional_20,20,0.5335007436668038,0,-0.0244616516041129
2025-11-24,rolling_hedge_traditional_20,20,0.5720629268016671,1,0.0004889317584255
2025-11-25,rolling_hedge_traditional_20,20,0.5060157480714002,1,0.0086679771453355
2025-11-26,rolling_hedge_traditional_20,20,0.46891911590820207,0,-0.0015087765628266
2025-11-27,rolling_hedge_traditional_20,20,0.4417039887006514,1,0.0028660643489026
2025-11-28,rolling_hedge_traditional_20,20,0.5194344290254247,1,0.0034415764210855
2025-12-01,rolling_hedge_traditional_20,20,0.5155006138385242,1,0.006534492140608
2025-12-02,rolling_hedge_traditional_20,20,0.5119914970457594,0,-0.0041629982171718
2025-12-03,rolling_hedge_traditional_20,20,0.49172412231386564,0,-0.0050573259389098
2025-12-04,rolling_hedge_traditional_20,20,0.452976925053453,0,-0.0005691077875192
2025-12-05,rolling_hedge_traditional_20,20,0.48851170055679943,1,0.0069701864882876
2025-12-08,rolling_hedge_traditional_20,20,0.48977586631690256,1,0.0054499222098549
2025-12-09,rolling_hedge_traditional_20,20,0.5127170375357548,0,-0.0037094063879464
2025-12-10,rolling_hedge_traditional_20,20,0.4807387503810866,0,-0.0023087221404559
2025-12-11,rolling_hedge_traditional_20,20,0.4396922567757255,0,-0.0069678317834449
2025-12-12,rolling_hedge_traditional_20,20,0.4974866675414666,1,0.0041380542470306
2025-12-15,rolling_hedge_traditional_20,20,0.4964283830181811,0,-0.0055086382132112
2025-12-16,rolling_hedge_traditional_20,20,0.5332002430608369,0,-0.0111452638251918
2025-12-17,rolling_hedge_traditional_20,20,0.5030164106182002,1,0.011887120203555
2025-12-18,rolling_hedge_traditional_20,20,0.457961741288605,1,0.0015743055150043
2025-12-19,rolling_hedge_traditional_20,20,0.5105909370695414,1,0.0036314893491875
2025-12-22,rolling_hedge_traditional_20,20,0.5402099685326415,1,0.006918483424017
2025-12-23,rolling_hedge_traditional_20,20,0.515479265456489,1,0.0006675407238132
2025-12-24,rolling_hedge_traditional_20,20,0.5121076397882133,1,0.005349008247238
2025-12-25,rolling_hedge_traditional_20,20,0.48317677537948256,1,0.0047384549957154
2025-12-26,rolling_hedge_traditional_20,20,0.5143938105728938,1,0.0010248455597139
2025-12-29,rolling_hedge_traditional_20,20,0.5366304232290795,1,0.0004039176734544
2025-12-30,rolling_hedge_traditional_20,20,0.5552774399548837,0,-4.135899608603832e-05
2025-12-31,rolling_hedge_traditional_20,20,0.5114742267940863,1,0.0009391906819371
2026-01-05,rolling_hedge_traditional_20,20,0.5467448223376192,1,0.013751373197206
2026-01-06,rolling_hedge_traditional_20,20,0.5540425356400651,1,0.0149748335805113
2026-01-07,rolling_hedge_traditional_20,20,0.5737612084147715,1,0.0005154680829755
2026-01-08,rolling_hedge_traditional_20,20,0.5075372166593968,0,-0.0006835917422705
2026-01-09,rolling_hedge_traditional_20,20,0.5488715373190649,1,0.0091714897382524
2026-01-12,rolling_hedge_traditional_20,20,0.5588305676835443,1,0.0108874664901152
2026-01-13,rolling_hedge_traditional_20,20,0.5837763314382216,0,-0.0063688288466077
2026-01-14,rolling_hedge_traditional_20,20,0.5581954096068846,0,-0.0030603376519386
2026-01-15,rolling_hedge_traditional_20,20,0.5275463820118502,0,-0.0032699214486925
2026-01-16,rolling_hedge_traditional_20,20,0.5623709026366273,0,-0.0025988419494135
2026-01-19,rolling_hedge_traditional_20,20,0.5639336395622935,1,0.0029466739055656
2026-01-20,rolling_hedge_traditional_20,20,0.5746576453967518,0,-8.531842489056807e-05
2026-01-21,rolling_hedge_traditional_20,20,0.5335347819314914,1,0.0008000196419284
2026-01-22,rolling_hedge_traditional_20,20,0.5035018617316477,1,0.0013689779302104
2026-01-23,rolling_hedge_traditional_20,20,0.5523008250391283,1,0.0032959974540189
2026-01-26,rolling_hedge_traditional_20,20,0.548512290388969,0,-0.0008604591113892
2026-01-27,rolling_hedge_traditional_20,20,0.5591099831324828,1,0.0017661983180103
2026-01-28,rolling_hedge_traditional_20,20,0.5595425485537759,1,0.002737744643354
2026-01-29,rolling_hedge_traditional_20,20,0.5003074716449855,1,0.0016252982845115
2026-01-30,rolling_hedge_traditional_20,20,0.5579984105871096,0,-0.009628942865354
2026-02-02,rolling_hedge_traditional_20,20,0.6007275646767829,0,-0.0248186718239279
2026-02-03,rolling_hedge_traditional_20,20,0.5838337163928682,1,0.0129470340006563
2026-02-04,rolling_hedge_traditional_20,20,0.5124235361668902,1,0.0084725220749222
2026-02-05,rolling_hedge_traditional_20,20,0.4993367492005951,0,-0.0064075342949957
2026-02-06,rolling_hedge_traditional_20,20,0.5510063227588644,0,-0.002535380381887
2026-02-09,rolling_hedge_traditional_20,20,0.5415511805434168,1,0.0141448348244273
2026-02-10,rolling_hedge_traditional_20,20,0.5383875075854228,1,0.0012813205629755
2026-02-11,rolling_hedge_traditional_20,20,0.5033073121366717,1,0.0008749209434322
2026-02-12,rolling_hedge_traditional_20,20,0.4973771767313845,1,0.0004920153388747
2026-02-13,rolling_hedge_traditional_20,20,0.5574924462759125,0,-0.0125652573355994
2026-02-24,rolling_hedge_traditional_20,20,0.5610361061962198,1,0.0086563861057848
2026-02-25,rolling_hedge_traditional_20,20,0.499596369849327,1,0.0072429044576334
2026-02-26,rolling_hedge_traditional_20,20,0.4934432599665485,0,-0.0001446748444925
2026-02-27,rolling_hedge_traditional_20,20,0.5564443543031745,1,0.0039190851561181
2026-03-02,rolling_hedge_traditional_20,20,0.5373549311956509,1,0.0047344604050754
2026-03-03,rolling_hedge_traditional_20,20,0.5214400610583382,0,-0.0143248527049381
2026-03-04,rolling_hedge_traditional_20,20,0.5419993325072767,0,-0.0097514332923567
2026-03-05,rolling_hedge_traditional_20,20,0.5054456394494651,1,0.0063914675267986
2026-03-06,rolling_hedge_traditional_20,20,0.5032359875176072,1,0.0038035159217313
2026-03-09,rolling_hedge_traditional_20,20,0.5111419413981487,0,-0.0066902769365361
2026-03-10,rolling_hedge_traditional_20,20,0.5392208842559805,1,0.0064775636002716
2026-03-11,rolling_hedge_traditional_20,20,0.49982925463948075,1,0.002496884654358
2026-03-12,rolling_hedge_traditional_20,20,0.4665543384623344,0,-0.0010475553855596
2026-03-13,rolling_hedge_traditional_20,20,0.529284271968826,0,-0.0081504384850656
2026-03-16,rolling_hedge_traditional_20,20,0.5731835392006157,0,-0.0026036217274345
2026-03-17,rolling_hedge_traditional_20,20,0.5281856929271118,0,-0.0085387582115684
2026-03-18,rolling_hedge_traditional_20,20,0.511846156177669,1,0.0032289630354473
2026-03-19,rolling_hedge_traditional_20,20,0.4663519972757889,0,-0.0138892990964275
2026-03-20,rolling_hedge_traditional_20,20,0.5432347992046518,0,-0.0123545133072028
2026-03-23,rolling_hedge_traditional_20,20,0.5226311879551953,0,-0.0363325939783976
2026-03-24,rolling_hedge_traditional_20,20,0.5717615427621496,1,0.017831616483749
2026-03-25,rolling_hedge_traditional_20,20,0.46643380970915393,1,0.0130261150960508
2026-03-26,rolling_hedge_traditional_20,20,0.46010671283810634,0,-0.0108737949020281
2026-03-27,rolling_hedge_traditional_20,20,0.5187826890579483,1,0.0063356821297766
2026-03-30,rolling_hedge_traditional_20,20,0.5025887099777064,1,0.0024434528341803
2026-03-31,rolling_hedge_traditional_20,20,0.4944434885418728,0,-0.0080101200855302
2026-04-01,rolling_hedge_traditional_20,20,0.4910245759165784,1,0.0145665531220153
2026-04-02,rolling_hedge_traditional_20,20,0.4553770443304826,0,-0.0074120842273319
2026-04-03,rolling_hedge_traditional_20,20,0.5239638258153569,0,-0.0099987625293898
2026-04-07,rolling_hedge_traditional_20,20,0.5038922587775747,1,0.0025947804913124
2026-04-08,rolling_hedge_traditional_20,20,0.4582613174334086,1,0.0269482142788288
2026-04-09,rolling_hedge_traditional_20,20,0.44736565239814213,0,-0.0072157733245423
2026-04-10,rolling_hedge_traditional_20,20,0.5041619831555575,1,0.0050562620724119
2026-04-13,rolling_hedge_traditional_20,20,0.5058909202450595,1,0.0005852655080935
2026-04-14,rolling_hedge_traditional_20,20,0.5097099091419774,1,0.0095443014743674
2026-04-15,rolling_hedge_traditional_20,20,0.46685007775915843,1,0.0001450345773359
2026-04-16,rolling_hedge_traditional_20,20,0.4460618956156784,1,0.0070363849910981
2026-04-17,rolling_hedge_traditional_20,20,0.5267093766403407,0,-0.0010163857057999
2026-04-20,rolling_hedge_traditional_20,20,0.525632405015984,1,0.0075780743812361
2026-04-21,rolling_hedge_traditional_20,20,0.5216697649174954,1,0.0007226624747345
2026-04-22,rolling_hedge_traditional_20,20,0.4970983597361711,1,0.0051849695856405
2026-04-23,rolling_hedge_traditional_20,20,0.4959527916963776,0,-0.0031678477095203
2026-04-24,rolling_hedge_traditional_20,20,0.5498224763297684,0,-0.0032614670494105
2026-04-27,rolling_hedge_traditional_20,20,0.5445130030903846,1,0.0015794504767272
2026-04-28,rolling_hedge_traditional_20,20,0.5399204086951805,0,-0.0018860379840757
2026-04-29,rolling_hedge_traditional_20,20,0.5117173310569452,1,0.0070800613047936
2026-04-30,rolling_hedge_traditional_20,20,0.5032166583226141,1,0.0011308543318415
2026-05-06,rolling_hedge_traditional_20,20,0.5162821812692205,1,0.0116763481178623
2026-05-07,rolling_hedge_traditional_20,20,0.5153013581076034,1,0.0047877805111036
2026-05-08,rolling_hedge_traditional_20,20,0.5640194270031333,0,-3.349208581993057e-05
2026-05-11,rolling_hedge_traditional_20,20,0.5604588775971838,1,0.0107821812307891
2026-05-12,rolling_hedge_traditional_20,20,0.5744915983075227,0,-0.0024927686749959
2026-05-13,rolling_hedge_traditional_20,20,0.547643916088916,1,0.0066634412855273
2026-05-14,rolling_hedge_traditional_20,20,0.5263967165477996,0,-0.0152393406641067
2026-05-15,rolling_hedge_traditional_20,20,0.5740373962425982,0,-0.0101794721677159
2026-05-18,rolling_hedge_traditional_20,20,0.5607303541274711,0,-0.0009336485636538
2026-05-19,rolling_hedge_traditional_20,20,0.5328934368406345,1,0.0091999860584266
2026-05-20,rolling_hedge_traditional_20,20,0.5195934407921542,0,-0.0017635047336177
2026-05-21,rolling_hedge_traditional_20,20,0.4867566717759919,0,-0.0203998620916658
2026-05-22,rolling_hedge_traditional_20,20,0.5658357720554597,1,0.008736958514224
2026-05-25,rolling_hedge_traditional_20,20,0.5279878235966016,1,0.009645019329427
2026-05-26,rolling_hedge_traditional_20,20,0.5007541000770742,0,-0.0017329031739149
2026-05-27,rolling_hedge_traditional_20,20,0.5150262526263253,0,-0.0124587099882205
2026-05-28,rolling_hedge_traditional_20,20,0.5021877566327246,1,0.0011991517753873
2026-05-29,rolling_hedge_traditional_20,20,0.5132809707331218,0,-0.0073358551479079
2026-06-01,rolling_hedge_traditional_20,20,0.5099894939471293,0,-0.0026616237797614
2026-06-02,rolling_hedge_traditional_20,20,0.5326104690312125,1,0.0042787364394958
2026-06-03,rolling_hedge_traditional_20,20,0.49837094941795945,1,0.002177123419242
2026-06-04,rolling_hedge_traditional_20,20,0.466917121662924,0,-0.0064136059632113
2026-06-05,rolling_hedge_traditional_20,20,0.50852123772652,0,-0.0074042931345974
2026-06-08,rolling_hedge_traditional_20,20,0.5179101362777485,0,-0.0169817485555159
2026-06-09,rolling_hedge_traditional_20,20,0.546923479412219,1,0.0128034029931265
2026-06-10,rolling_hedge_traditional_20,20,0.48157392823292544,0,-0.0041907406700845
2026-06-11,rolling_hedge_traditional_20,20,0.42781900706905673,0,-0.0015553840428766
2026-06-12,rolling_hedge_traditional_20,20,0.4852874637813931,1,0.0111607305214553
2026-06-15,rolling_hedge_traditional_20,20,0.5077279532540971,1,0.0161128092604438
2026-06-16,rolling_hedge_traditional_20,20,0.5314684665702942,0,-0.0011180352264094
2026-06-17,rolling_hedge_traditional_20,20,0.49326497853484125,1,0.0039551386009211
2026-06-18,rolling_hedge_traditional_20,20,0.46230351261330016,0,-0.0042830268962891
2026-06-22,rolling_hedge_traditional_20,20,0.5243715148307181,1,0.017752435471525
2026-06-23,rolling_hedge_traditional_20,20,0.5455815532589688,0,-0.0136544980815963
2026-06-24,rolling_hedge_traditional_20,20,0.5231798221296529,1,0.001110745273305
2026-06-25,rolling_hedge_traditional_20,20,0.45237411964365154,1,0.0023031940397191
2026-06-26,rolling_hedge_traditional_20,20,0.5089072902112902,0,-0.0225751593155904
2026-06-29,rolling_hedge_traditional_20,20,0.5437685634658125,1,0.0115803156732918
2026-06-30,rolling_hedge_traditional_20,20,0.5311046140810439,1,0.0050308033919324
2026-07-01,rolling_hedge_traditional_20,20,0.4735742707329991,1,0.0044079750937682
2026-07-02,rolling_hedge_traditional_20,20,0.46841931750748617,0,-0.0203141926518165
2026-07-03,rolling_hedge_traditional_20,20,0.5513961017422934,1,0.0036583150156965
2026-07-06,rolling_hedge_traditional_20,20,0.5046736647560102,0,-0.0005947607145339
2026-07-07,rolling_hedge_traditional_20,20,0.4966915598203749,0,-0.012620637537309
2026-07-08,rolling_hedge_traditional_20,20,0.5004907164348383,0,-0.0048505915065152
2026-07-09,rolling_hedge_traditional_20,20,0.4400510413855877,1,0.0165474655491981
2026-07-10,rolling_hedge_traditional_20,20,0.5199305473901844,0,-0.0100148937667159
2026-07-13,rolling_hedge_traditional_20,20,0.5326475324609456,0,-0.0206117770000314
2026-07-14,rolling_hedge_traditional_20,20,0.5425493243682912,1,0.0136266752925677
2026-07-15,rolling_hedge_traditional_20,20,0.47683880070569723,0,-0.0029109234241615
2026-07-16,rolling_hedge_traditional_20,20,0.4348519980800353,0,-0.0184966647099361
2026-07-17,rolling_hedge_traditional_20,20,0.5326902486731788,0,-0.0304599227336195
2026-07-20,rolling_hedge_traditional_20,20,0.5550137746217729,1,0.0085347176192265
2026-07-21,rolling_hedge_traditional_20,20,0.47976496082142533,1,0.0179349210450965
2026-07-22,rolling_hedge_traditional_20,20,0.500804148554302,1,0.0006901518411681
2026-07-23,rolling_hedge_traditional_20,20,0.4348226453977126,1,0.0025195020266177
2026-07-24,rolling_hedge_traditional_20,20,0.5008778346803685,0,-0.0161420169382969
2026-07-27,rolling_hedge_traditional_20,20,0.5215305500608161,1,0.0115481681863396
2026-07-28,rolling_hedge_traditional_20,20,0.49069364374792,0,-0.0116451910130123
2026-07-29,rolling_hedge_traditional_20,20,0.4759850265827381,1,0.0039739701545769
2026-07-30,rolling_hedge_traditional_20,20,0.42845129085053796,0,-0.0062103154028411
2026-07-31,rolling_hedge_traditional_20,20,0.49050410895994406,1,0.0072460511268583
2026-08-03,rolling_hedge_traditional_20,20,0.48841883823947757,0,-0.0058970393986632
2026-08-04,rolling_hedge_traditional_20,20,0.5146497621217523,1,0.0033131539456376
2026-08-05,rolling_hedge_traditional_20,20,0.478829947002796,1,0.0146888575812635
2026-08-06,rolling_hedge_traditional_20,20,0.47300998117262083,1,0.0056522871368054
2026-08-07,rolling_hedge_traditional_20,20,0.5033083417577447,1,0.0101747226916955
2026-08-10,rolling_hedge_traditional_20,20,0.5271504095876384,1,0.0067402920327905
2026-08-11,rolling_hedge_traditional_20,20,0.5413235630652292,0,-0.0081936795144651
2026-08-12,rolling_hedge_traditional_20,20,0.5110057966188081,1,0.0031981958738647
2026-08-13,rolling_hedge_traditional_20,20,0.4449003558875927,0,-0.0049940772929111
2026-08-14,rolling_hedge_traditional_20,20,0.5099020167599355,1,5.373106202877232e-05
2026-08-17,rolling_hedge_traditional_20,20,0.529859610170865,1,0.0141266905277481
2025-01-02,rolling_hedge_traditional_60,60,0.5133009309309888,0,-0.0266134568583756
2025-01-03,rolling_hedge_traditional_60,60,0.5704721214128847,0,-0.0156720441395579
2025-01-06,rolling_hedge_traditional_60,60,0.5249158554956026,0,-0.0014034246426046
2025-01-07,rolling_hedge_traditional_60,60,0.48100490972145943,1,0.0070849845786755
2025-01-08,rolling_hedge_traditional_60,60,0.47382036618112955,1,0.0001622469844975
2025-01-09,rolling_hedge_traditional_60,60,0.4532386924817464,0,-0.0058123911821305
2025-01-10,rolling_hedge_traditional_60,60,0.5272658329015216,0,-0.0133490357611167
2025-01-13,rolling_hedge_traditional_60,60,0.5140276791064349,0,-0.0024519302994074
2025-01-14,rolling_hedge_traditional_60,60,0.48458189957026937,1,0.0253689387503934
2025-01-15,rolling_hedge_traditional_60,60,0.49996747515103757,0,-0.0042651206131554
2025-01-16,rolling_hedge_traditional_60,60,0.4718009761421106,1,0.0027625276678844
2025-01-17,rolling_hedge_traditional_60,60,0.501821463734677,1,0.0017889192690305
2025-01-20,rolling_hedge_traditional_60,60,0.49660178508157904,1,0.0007887542217785
2025-01-21,rolling_hedge_traditional_60,60,0.483814793344644,0,-0.0005409357356017
2025-01-22,rolling_hedge_traditional_60,60,0.48650821357567203,0,-0.0089430686206815
2025-01-23,rolling_hedge_traditional_60,60,0.47523243225862477,1,0.0051468373400249
2025-01-24,rolling_hedge_traditional_60,60,0.4959160189600397,1,0.0069538264930202
2025-01-27,rolling_hedge_traditional_60,60,0.5106133725206234,0,-0.0006225738833791
2025-02-05,rolling_hedge_traditional_60,60,0.49192266580632604,0,-0.0064951065972108
2025-02-06,rolling_hedge_traditional_60,60,0.48584808003822727,1,0.0127484604370724
2025-02-07,rolling_hedge_traditional_60,60,0.5657284354550659,1,0.0100921557398676
2025-02-10,rolling_hedge_traditional_60,60,0.5959487567146518,1,0.0056007460800377
2025-02-11,rolling_hedge_traditional_60,60,0.5906885612129655,0,-0.00123804621678
2025-02-12,rolling_hedge_traditional_60,60,0.5604057907518417,1,0.0085375266307963
2025-02-13,rolling_hedge_traditional_60,60,0.5349699290638747,0,-0.0041543337063727
2025-02-14,rolling_hedge_traditional_60,60,0.5664000138469217,1,0.0042733901418252
2025-02-17,rolling_hedge_traditional_60,60,0.5804160859834198,1,0.0027208697221521
2025-02-18,rolling_hedge_traditional_60,60,0.5974685148191023,0,-0.0093386732939392
2025-02-19,rolling_hedge_traditional_60,60,0.5559320446021947,1,0.0081359823203011
2025-02-20,rolling_hedge_traditional_60,60,0.5281108541826423,0,-0.0002255680151715
2025-02-21,rolling_hedge_traditional_60,60,0.561580411077668,1,0.0084547402801076
2025-02-24,rolling_hedge_traditional_60,60,0.5915032856279153,0,-0.0018007684265072
2025-02-25,rolling_hedge_traditional_60,60,0.5840922786366602,0,-0.0080011194689163
2025-02-26,rolling_hedge_traditional_60,60,0.5597202485491997,1,0.0102132670260965
2025-02-27,rolling_hedge_traditional_60,60,0.5202767835038452,1,0.0023217464929734
2025-02-28,rolling_hedge_traditional_60,60,0.5732615762975151,0,-0.0198240173881115
2025-03-03,rolling_hedge_traditional_60,60,0.5829599418766074,0,-0.0011960623891676
2025-03-04,rolling_hedge_traditional_60,60,0.5190558890479459,1,0.0021963113425838
2025-03-05,rolling_hedge_traditional_60,60,0.47995003873921854,1,0.0053411186417224
2025-03-06,rolling_hedge_traditional_60,60,0.45429464180902945,1,0.0117095780476454
2025-03-07,rolling_hedge_traditional_60,60,0.5285817888333062,0,-0.0025293558483072
2025-03-10,rolling_hedge_traditional_60,60,0.5356545978687901,0,-0.0018926354154991
2025-03-11,rolling_hedge_traditional_60,60,0.5163355146770555,1,0.0040595182110907
2025-03-12,rolling_hedge_traditional_60,60,0.4854630774751535,0,-0.0023385805431519
2025-03-13,rolling_hedge_traditional_60,60,0.46169508565133355,0,-0.0039131961455833
2025-03-14,rolling_hedge_traditional_60,60,0.5253312712501081,1,0.0181119107853
2025-03-17,rolling_hedge_traditional_60,60,0.5395435066599612,1,0.0019204213873005
2025-03-18,rolling_hedge_traditional_60,60,0.5119374321609298,1,0.0010595047647068
2025-03-19,rolling_hedge_traditional_60,60,0.5183879923940962,0,-0.0009709136997672
2025-03-20,rolling_hedge_traditional_60,60,0.45022633433044024,0,-0.0051018129953955
2025-03-21,rolling_hedge_traditional_60,60,0.520741898978872,0,-0.0129415291755696
2025-03-24,rolling_hedge_traditional_60,60,0.5451292736749058,1,0.0015445055041396
2025-03-25,rolling_hedge_traditional_60,60,0.5111238025892756,0,-1.5430138859295894e-05
2025-03-26,rolling_hedge_traditional_60,60,0.4742788652752311,0,-0.0003795279254213
2025-03-27,rolling_hedge_traditional_60,60,0.45368384642459303,1,0.0014996896426124
2025-03-28,rolling_hedge_traditional_60,60,0.4922317754491953,0,-0.0066519471365534
2025-03-31,rolling_hedge_traditional_60,60,0.5414830872779007,0,-0.0046432630612474
2025-04-01,rolling_hedge_traditional_60,60,0.5432419656728398,1,0.0038039467033761
2025-04-02,rolling_hedge_traditional_60,60,0.5044125304690349,1,0.0005053106899193
2025-04-03,rolling_hedge_traditional_60,60,0.472858984673682,0,-0.0024234902139531
2025-04-07,rolling_hedge_traditional_60,60,0.5238914641440224,0,-0.073438483690045
2025-04-08,rolling_hedge_traditional_60,60,0.6582480338218046,1,0.0158152100901123
2025-04-09,rolling_hedge_traditional_60,60,0.4311670010838242,1,0.013117265062474
2025-04-10,rolling_hedge_traditional_60,60,0.43975618314952847,1,0.0115563839701771
2025-04-11,rolling_hedge_traditional_60,60,0.47491828985153545,1,0.0045256322204911
2025-04-14,rolling_hedge_traditional_60,60,0.5008035712312615,1,0.0075908822945396
2025-04-15,rolling_hedge_traditional_60,60,0.49138775693132963,1,0.0014876756462531
2025-04-16,rolling_hedge_traditional_60,60,0.4817975875501512,1,0.0025528956177229
2025-04-17,rolling_hedge_traditional_60,60,0.4258405402607187,1,0.0013238689574248
2025-04-18,rolling_hedge_traditional_60,60,0.5110815864417415,0,-0.0011008001911996
2025-04-21,rolling_hedge_traditional_60,60,0.49721262512325703,1,0.0044874005487178
2025-04-22,rolling_hedge_traditional_60,60,0.488420224003891,1,0.0025286850655368
2025-04-23,rolling_hedge_traditional_60,60,0.4594432801211984,0,-0.001030985008896
2025-04-24,rolling_hedge_traditional_60,60,0.4437851607714797,1,0.0002830399031656
2025-04-25,rolling_hedge_traditional_60,60,0.4724721289256133,0,-0.0006757068233045
2025-04-28,rolling_hedge_traditional_60,60,0.47718479778022715,0,-0.002016655235413
2025-04-29,rolling_hedge_traditional_60,60,0.49150776466099405,0,-0.0005352122527113
2025-04-30,rolling_hedge_traditional_60,60,0.4592771541686856,0,-0.0023196836905607
2025-05-06,rolling_hedge_traditional_60,60,0.5136803332072,1,0.0113091337044388
2025-05-07,rolling_hedge_traditional_60,60,0.485885669683914,1,0.0080066608084039
2025-05-08,rolling_hedge_traditional_60,60,0.45297791670305565,1,0.0027914852370787
2025-05-09,rolling_hedge_traditional_60,60,0.5684563719850356,0,-0.0029824021269716
2025-05-12,rolling_hedge_traditional_60,60,0.5619390806592054,1,0.008152605671037
2025-05-13,rolling_hedge_traditional_60,60,0.5493544608608583,1,0.0016698102987464
2025-05-14,rolling_hedge_traditional_60,60,0.526368814702197,1,0.0086157367200108
2025-05-15,rolling_hedge_traditional_60,60,0.5239315108908836,0,-0.00679416959366
2025-05-16,rolling_hedge_traditional_60,60,0.5499072097808988,0,-0.0039514070694662
2025-05-19,rolling_hedge_traditional_60,60,0.5407300408666338,1,3.593210554431181e-05
2025-05-20,rolling_hedge_traditional_60,60,0.5391585387849838,1,0.0038291558069987
2025-05-21,rolling_hedge_traditional_60,60,0.5266706511254371,1,0.0020991114274371
2025-05-22,rolling_hedge_traditional_60,60,0.4928229188377639,0,-0.002180026178026
2025-05-23,rolling_hedge_traditional_60,60,0.5484118226925441,0,-0.0094127872731376
2025-05-26,rolling_hedge_traditional_60,60,0.5370428738915104,0,-0.0004578344341668
2025-05-27,rolling_hedge_traditional_60,60,0.5127687995841789,0,-0.0018381523580907
2025-05-28,rolling_hedge_traditional_60,60,0.4784679608284286,0,-0.0002260014182712
2025-05-29,rolling_hedge_traditional_60,60,0.45605046205949673,1,0.0070402630951769
2025-05-30,rolling_hedge_traditional_60,60,0.5319549127793057,0,-0.004744836099643
2025-06-03,rolling_hedge_traditional_60,60,0.5470224076602053,1,0.0043283215140192
2025-06-04,rolling_hedge_traditional_60,60,0.5177101684785865,1,0.0042317375257883
2025-06-05,rolling_hedge_traditional_60,60,0.4810297950593002,1,0.0023387219311161
2025-06-06,rolling_hedge_traditional_60,60,0.5200776398033957,1,0.0003720340332833
2025-06-09,rolling_hedge_traditional_60,60,0.5374166202902693,1,0.004257747629645
2025-06-10,rolling_hedge_traditional_60,60,0.523794900499408,0,-0.0043991185291248
2025-06-11,rolling_hedge_traditional_60,60,0.5236628220050104,1,0.0051701480966763
2025-06-12,rolling_hedge_traditional_60,60,0.5076140002006476,1,0.0001005197635963
2025-06-13,rolling_hedge_traditional_60,60,0.5148682847316828,0,-0.0075417511839273
2025-06-16,rolling_hedge_traditional_60,60,0.5309559476752987,1,0.0034743896646605
2025-06-17,rolling_hedge_traditional_60,60,0.5446651334686822,0,-0.0003907069582724
2025-06-18,rolling_hedge_traditional_60,60,0.48438608866148924,1,0.0004144765683464
2025-06-19,rolling_hedge_traditional_60,60,0.4732155191866485,0,-0.0078791693482872
2025-06-20,rolling_hedge_traditional_60,60,0.5415876048582151,0,-0.0006582179989459
2025-06-23,rolling_hedge_traditional_60,60,0.5058814482878794,1,0.0064546659940265
2025-06-24,rolling_hedge_traditional_60,60,0.5357645730144062,1,0.0115283320055523
2025-06-25,rolling_hedge_traditional_60,60,0.5182377883239647,1,0.0103515032307519
2025-06-26,rolling_hedge_traditional_60,60,0.4894220879746284,0,-0.0021762316498908
2025-06-27,rolling_hedge_traditional_60,60,0.5444093835897239,0,-0.0070251791165487
2025-06-30,rolling_hedge_traditional_60,60,0.544320646207722,1,0.0058988495797738
2025-07-01,rolling_hedge_traditional_60,60,0.5486520834707712,1,0.0038674078061191
2025-07-02,rolling_hedge_traditional_60,60,0.519939269437466,0,-0.0008546027225242
2025-07-03,rolling_hedge_traditional_60,60,0.4817286572234286,1,0.0018406317949097
2025-07-04,rolling_hedge_traditional_60,60,0.5418670912742738,1,0.0032266722832954
2025-07-07,rolling_hedge_traditional_60,60,0.5636489893174681,1,0.0002326975142548
2025-07-08,rolling_hedge_traditional_60,60,0.5360877846296488,1,0.0070103972587238
2025-07-09,rolling_hedge_traditional_60,60,0.529693418644202,0,-0.0012651984646064
2025-07-10,rolling_hedge_traditional_60,60,0.5088562928852189,1,0.0047614548889938
2025-07-11,rolling_hedge_traditional_60,60,0.5581776857058711,1,0.0001410384188653
2025-07-14,rolling_hedge_traditional_60,60,0.5471672125377552,1,0.0026987243093439
2025-07-15,rolling_hedge_traditional_60,60,0.5719050746840516,0,-0.0041626298069411
2025-07-16,rolling_hedge_traditional_60,60,0.540216507336457,0,-0.0003486448926233
2025-07-17,rolling_hedge_traditional_60,60,0.5088873071292508,1,0.00372426669848
2025-07-18,rolling_hedge_traditional_60,60,0.5481716795250132,1,0.0050207203882137
2025-07-21,rolling_hedge_traditional_60,60,0.5470813447685441,1,0.0071603117061249
2025-07-22,rolling_hedge_traditional_60,60,0.576346008034309,1,0.0061998021793974
2025-07-23,rolling_hedge_traditional_60,60,0.5592585550683236,1,0.0001220036176725
2025-07-24,rolling_hedge_traditional_60,60,0.5134105355673284,1,0.0065402152473077
2025-07-25,rolling_hedge_traditional_60,60,0.5705538244833395,0,-0.0033480072118603
2025-07-28,rolling_hedge_traditional_60,60,0.5468892662612284,1,0.001191544541699
2025-07-29,rolling_hedge_traditional_60,60,0.5632508566905249,1,0.0032724308402287
2025-07-30,rolling_hedge_traditional_60,60,0.5277454113725805,1,0.0016638451111461
2025-07-31,rolling_hedge_traditional_60,60,0.5070752659579902,0,-0.0117567276421246
2025-08-01,rolling_hedge_traditional_60,60,0.5906849662537191,0,-0.0037098316134968
2025-08-04,rolling_hedge_traditional_60,60,0.5447970818940029,1,0.0065610435196878
2025-08-05,rolling_hedge_traditional_60,60,0.5314158283334314,1,0.009569088236599
2025-08-06,rolling_hedge_traditional_60,60,0.5374441922400501,1,0.0045325655310513
2025-08-07,rolling_hedge_traditional_60,60,0.48241134220219084,1,0.0015608166769629
2025-08-08,rolling_hedge_traditional_60,60,0.5315108427243832,0,-0.0012470921103495
2025-08-11,rolling_hedge_traditional_60,60,0.5519671243251744,1,0.0034163858879245
2025-08-12,rolling_hedge_traditional_60,60,0.5400664041042629,1,0.0050365355127706
2025-08-13,rolling_hedge_traditional_60,60,0.5128537136576244,1,0.0047865227754684
2025-08-14,rolling_hedge_traditional_60,60,0.4956592230668619,0,-0.0046211922741222
2025-08-15,rolling_hedge_traditional_60,60,0.5468629226840935,1,0.0082717773056884
2025-08-18,rolling_hedge_traditional_60,60,0.5472595009844834,1,0.0084549462219867
2025-08-19,rolling_hedge_traditional_60,60,0.5508484214428356,0,-0.0001982281780684
2025-08-20,rolling_hedge_traditional_60,60,0.5316473301012841,1,0.0104424450163229
2025-08-21,rolling_hedge_traditional_60,60,0.5341964117315228,1,0.0012981219847008
2025-08-22,rolling_hedge_traditional_60,60,0.5581660764005671,1,0.0144944484353235
2025-08-25,rolling_hedge_traditional_60,60,0.5733029664603833,1,0.0151088973455986
2025-08-26,rolling_hedge_traditional_60,60,0.5932997693624433,0,-0.0039087827103055
2025-08-27,rolling_hedge_traditional_60,60,0.5486861261156373,0,-0.017586680943092
2025-08-28,rolling_hedge_traditional_60,60,0.5385357425645554,1,0.0113797413396135
2025-08-29,rolling_hedge_traditional_60,60,0.5599291005013614,1,0.0037282784849712
2025-09-01,rolling_hedge_traditional_60,60,0.552909179933348,1,0.0045628131377291
2025-09-02,rolling_hedge_traditional_60,60,0.554914874914972,0,-0.0044889344167121
2025-09-03,rolling_hedge_traditional_60,60,0.5354854759643919,0,-0.0115537748439465
2025-09-04,rolling_hedge_traditional_60,60,0.49093579742569315,0,-0.0125030253907308
2025-09-05,rolling_hedge_traditional_60,60,0.5554722679779138,1,0.0123843695331444
2025-09-08,rolling_hedge_traditional_60,60,0.5140150562700819,1,0.0037578878398871
2025-09-09,rolling_hedge_traditional_60,60,0.5144849377621036,0,-0.0051083909679027
2025-09-10,rolling_hedge_traditional_60,60,0.49081825028886966,1,0.0012946209536857
2025-09-11,rolling_hedge_traditional_60,60,0.4552726051179867,1,0.0165488831838449
2025-09-12,rolling_hedge_traditional_60,60,0.5151179978112135,0,-0.0012156449975989
2025-09-15,rolling_hedge_traditional_60,60,0.518639561301428,0,-0.0026078657613113
2025-09-16,rolling_hedge_traditional_60,60,0.5022671206604771,1,0.0003525446418395
2025-09-17,rolling_hedge_traditional_60,60,0.4787719585992529,1,0.0037484479649081
2025-09-18,rolling_hedge_traditional_60,60,0.43751545618903065,0,-0.0115276236017419
2025-09-19,rolling_hedge_traditional_60,60,0.5435468283228093,0,-0.0030187991823901
2025-09-22,rolling_hedge_traditional_60,60,0.5022318978675798,1,0.00222167598713
2025-09-23,rolling_hedge_traditional_60,60,0.48834811702621106,0,-0.0017612292403232
2025-09-24,rolling_hedge_traditional_60,60,0.4766216789648625,1,0.0083229696326343
2025-09-25,rolling_hedge_traditional_60,60,0.4754645056656909,0,-8.822822670073727e-05
2025-09-26,rolling_hedge_traditional_60,60,0.4928291979057512,0,-0.0065388074954934
2025-09-29,rolling_hedge_traditional_60,60,0.5116494595216386,1,0.0089929589201551
2025-09-30,rolling_hedge_traditional_60,60,0.518876382610588,1,0.0052413805244848
2025-10-09,rolling_hedge_traditional_60,60,0.46183753319439524,1,0.0131851507310361
2025-10-10,rolling_hedge_traditional_60,60,0.5547587400277916,0,-0.0093910175263068
2025-10-13,rolling_hedge_traditional_60,60,0.569755838420138,0,-0.0019312152748196
2025-10-14,rolling_hedge_traditional_60,60,0.5499730794958492,0,-0.0062406446892173
2025-10-15,rolling_hedge_traditional_60,60,0.4988370289160032,1,0.0121547778928494
2025-10-16,rolling_hedge_traditional_60,60,0.4760416521846181,1,0.0010270409819512
2025-10-17,rolling_hedge_traditional_60,60,0.5197797378199964,0,-0.0195272083239279
2025-10-20,rolling_hedge_traditional_60,60,0.5667108691362152,1,0.0062863385814979
2025-10-21,rolling_hedge_traditional_60,60,0.5065022327004773,1,0.0135715455888658
2025-10-22,rolling_hedge_traditional_60,60,0.5053873660609702,0,-0.0006572476490757
2025-10-23,rolling_hedge_traditional_60,60,0.471287746430749,1,0.002210662999603
2025-10-24,rolling_hedge_traditional_60,60,0.5282199994818441,1,0.0071134838020503
2025-10-27,rolling_hedge_traditional_60,60,0.5234273237797631,1,0.0118048903479017
2025-10-28,rolling_hedge_traditional_60,60,0.5310334044635254,0,-0.00218191643868
2025-10-29,rolling_hedge_traditional_60,60,0.5186770661822482,1,0.0070474978336221
2025-10-30,rolling_hedge_traditional_60,60,0.49454459827527125,0,-0.0073275833092442
2025-10-31,rolling_hedge_traditional_60,60,0.5409090839113934,0,-0.0080541252466513
2025-11-03,rolling_hedge_traditional_60,60,0.5463041568236346,1,0.005494855605481
2025-11-04,rolling_hedge_traditional_60,60,0.5554181594763061,0,-0.0041078621237006
2025-11-05,rolling_hedge_traditional_60,60,0.5210000939745217,1,0.0022882763587366
2025-11-06,rolling_hedge_traditional_60,60,0.4980794006154646,1,0.0097025935391288
2025-11-07,rolling_hedge_traditional_60,60,0.5418818461564741,0,-0.0025460606423538
2025-11-10,rolling_hedge_traditional_60,60,0.5372563348649196,1,0.0052634659777124
2025-11-11,rolling_hedge_traditional_60,60,0.544931220226901,0,-0.0039414253282925
2025-11-12,rolling_hedge_traditional_60,60,0.5095983718727133,0,-0.0006540490331915
2025-11-13,rolling_hedge_traditional_60,60,0.468942920849453,1,0.0073399931002415
2025-11-14,rolling_hedge_traditional_60,60,0.5463443298944012,0,-0.009680851301439
2025-11-17,rolling_hedge_traditional_60,60,0.5625104479028438,0,-0.0046252442054764
2025-11-18,rolling_hedge_traditional_60,60,0.5484838806489108,0,-0.0081122145197611
2025-11-19,rolling_hedge_traditional_60,60,0.5240047300410448,1,0.0017587129135316
2025-11-20,rolling_hedge_traditional_60,60,0.4584436690643955,0,-0.0039756842479189
2025-11-21,rolling_hedge_traditional_60,60,0.5334423100184922,0,-0.0244616516041129
2025-11-24,rolling_hedge_traditional_60,60,0.5721395024169292,1,0.0004889317584255
2025-11-25,rolling_hedge_traditional_60,60,0.5060905476378761,1,0.0086679771453355
2025-11-26,rolling_hedge_traditional_60,60,0.4690539062465878,0,-0.0015087765628266
2025-11-27,rolling_hedge_traditional_60,60,0.4417042169029996,1,0.0028660643489026
2025-11-28,rolling_hedge_traditional_60,60,0.5194753068637613,1,0.0034415764210855
2025-12-01,rolling_hedge_traditional_60,60,0.5158049915431536,1,0.006534492140608
2025-12-02,rolling_hedge_traditional_60,60,0.5121842083572336,0,-0.0041629982171718
2025-12-03,rolling_hedge_traditional_60,60,0.4919487450055512,0,-0.0050573259389098
2025-12-04,rolling_hedge_traditional_60,60,0.4530209945870153,0,-0.0005691077875192
2025-12-05,rolling_hedge_traditional_60,60,0.4889802989819993,1,0.0069701864882876
2025-12-08,rolling_hedge_traditional_60,60,0.4897400838188854,1,0.0054499222098549
2025-12-09,rolling_hedge_traditional_60,60,0.5125986221501382,0,-0.0037094063879464
2025-12-10,rolling_hedge_traditional_60,60,0.4809101398102259,0,-0.0023087221404559
2025-12-11,rolling_hedge_traditional_60,60,0.43981429619254075,0,-0.0069678317834449
2025-12-12,rolling_hedge_traditional_60,60,0.49785897271142243,1,0.0041380542470306
2025-12-15,rolling_hedge_traditional_60,60,0.49595248713889817,0,-0.0055086382132112
2025-12-16,rolling_hedge_traditional_60,60,0.5329350536195878,0,-0.0111452638251918
2025-12-17,rolling_hedge_traditional_60,60,0.5026369109500095,1,0.011887120203555
2025-12-18,rolling_hedge_traditional_60,60,0.4580758699521851,1,0.0015743055150043
2025-12-19,rolling_hedge_traditional_60,60,0.5102666134006926,1,0.0036314893491875
2025-12-22,rolling_hedge_traditional_60,60,0.539905029097097,1,0.006918483424017
2025-12-23,rolling_hedge_traditional_60,60,0.515481250516268,1,0.0006675407238132
2025-12-24,rolling_hedge_traditional_60,60,0.511898232167909,1,0.005349008247238
2025-12-25,rolling_hedge_traditional_60,60,0.4836209954430634,1,0.0047384549957154
2025-12-26,rolling_hedge_traditional_60,60,0.5141501298587873,1,0.0010248455597139
2025-12-29,rolling_hedge_traditional_60,60,0.5369982248260271,1,0.0004039176734544
2025-12-30,rolling_hedge_traditional_60,60,0.5549528433346942,0,-4.135899608603832e-05
2025-12-31,rolling_hedge_traditional_60,60,0.5115835115329129,1,0.0009391906819371
2026-01-05,rolling_hedge_traditional_60,60,0.5469434945815634,1,0.013751373197206
2026-01-06,rolling_hedge_traditional_60,60,0.5540994626809578,1,0.0149748335805113
2026-01-07,rolling_hedge_traditional_60,60,0.5736730815731794,1,0.0005154680829755
2026-01-08,rolling_hedge_traditional_60,60,0.5075917759227782,0,-0.0006835917422705
2026-01-09,rolling_hedge_traditional_60,60,0.5488591052511304,1,0.0091714897382524
2026-01-12,rolling_hedge_traditional_60,60,0.5587811743799446,1,0.0108874664901152
2026-01-13,rolling_hedge_traditional_60,60,0.5839053546417016,0,-0.0063688288466077
2026-01-14,rolling_hedge_traditional_60,60,0.5580753360028556,0,-0.0030603376519386
2026-01-15,rolling_hedge_traditional_60,60,0.5275698864397235,0,-0.0032699214486925
2026-01-16,rolling_hedge_traditional_60,60,0.5625152828279816,0,-0.0025988419494135
2026-01-19,rolling_hedge_traditional_60,60,0.563984655278694,1,0.0029466739055656
2026-01-20,rolling_hedge_traditional_60,60,0.5747375962088763,0,-8.531842489056807e-05
2026-01-21,rolling_hedge_traditional_60,60,0.5337557353221826,1,0.0008000196419284
2026-01-22,rolling_hedge_traditional_60,60,0.5036790016804622,1,0.0013689779302104
2026-01-23,rolling_hedge_traditional_60,60,0.5524994200545725,1,0.0032959974540189
2026-01-26,rolling_hedge_traditional_60,60,0.5488164675288432,0,-0.0008604591113892
2026-01-27,rolling_hedge_traditional_60,60,0.5591717353627077,1,0.0017661983180103
2026-01-28,rolling_hedge_traditional_60,60,0.5599014793598566,1,0.002737744643354
2026-01-29,rolling_hedge_traditional_60,60,0.5004537850777367,1,0.0016252982845115
2026-01-30,rolling_hedge_traditional_60,60,0.5580799315708306,0,-0.009628942865354
2026-02-02,rolling_hedge_traditional_60,60,0.6006967596755458,0,-0.0248186718239279
2026-02-03,rolling_hedge_traditional_60,60,0.5836848572344604,1,0.0129470340006563
2026-02-04,rolling_hedge_traditional_60,60,0.5122076612269078,1,0.0084725220749222
2026-02-05,rolling_hedge_traditional_60,60,0.49970249456301974,0,-0.0064075342949957
2026-02-06,rolling_hedge_traditional_60,60,0.5511037506401923,0,-0.002535380381887
2026-02-09,rolling_hedge_traditional_60,60,0.5416771885329483,1,0.0141448348244273
2026-02-10,rolling_hedge_traditional_60,60,0.5382075308823616,1,0.0012813205629755
2026-02-11,rolling_hedge_traditional_60,60,0.5031654059185486,1,0.0008749209434322
2026-02-12,rolling_hedge_traditional_60,60,0.49713587045894114,1,0.0004920153388747
2026-02-13,rolling_hedge_traditional_60,60,0.5576264445661956,0,-0.0125652573355994
2026-02-24,rolling_hedge_traditional_60,60,0.5613698484482944,1,0.0086563861057848
2026-02-25,rolling_hedge_traditional_60,60,0.49950614440656027,1,0.0072429044576334
2026-02-26,rolling_hedge_traditional_60,60,0.49318057377502944,0,-0.0001446748444925
2026-02-27,rolling_hedge_traditional_60,60,0.5564301440849344,1,0.0039190851561181
2026-03-02,rolling_hedge_traditional_60,60,0.5371301176092182,1,0.0047344604050754
2026-03-03,rolling_hedge_traditional_60,60,0.521277976014744,0,-0.0143248527049381
2026-03-04,rolling_hedge_traditional_60,60,0.5421173635189508,0,-0.0097514332923567
2026-03-05,rolling_hedge_traditional_60,60,0.5054466156327422,1,0.0063914675267986
2026-03-06,rolling_hedge_traditional_60,60,0.5031531044348848,1,0.0038035159217313
2026-03-09,rolling_hedge_traditional_60,60,0.5116146301271653,0,-0.0066902769365361
2026-03-10,rolling_hedge_traditional_60,60,0.5392573257123479,1,0.0064775636002716
2026-03-11,rolling_hedge_traditional_60,60,0.4997830646325815,1,0.002496884654358
2026-03-12,rolling_hedge_traditional_60,60,0.4666212637560171,0,-0.0010475553855596
2026-03-13,rolling_hedge_traditional_60,60,0.5290573224225561,0,-0.0081504384850656
2026-03-16,rolling_hedge_traditional_60,60,0.5732653381536548,0,-0.0026036217274345
2026-03-17,rolling_hedge_traditional_60,60,0.5281159837459712,0,-0.0085387582115684
2026-03-18,rolling_hedge_traditional_60,60,0.5122044904322591,1,0.0032289630354473
2026-03-19,rolling_hedge_traditional_60,60,0.46637954149137634,0,-0.0138892990964275
2026-03-20,rolling_hedge_traditional_60,60,0.5432244095647946,0,-0.0123545133072028
2026-03-23,rolling_hedge_traditional_60,60,0.5223008882768794,0,-0.0363325939783976
2026-03-24,rolling_hedge_traditional_60,60,0.571658270802522,1,0.017831616483749
2026-03-25,rolling_hedge_traditional_60,60,0.4663508057841063,1,0.0130261150960508
2026-03-26,rolling_hedge_traditional_60,60,0.4601021419218757,0,-0.0108737949020281
2026-03-27,rolling_hedge_traditional_60,60,0.5188327483519415,1,0.0063356821297766
2026-03-30,rolling_hedge_traditional_60,60,0.5024740620806883,1,0.0024434528341803
2026-03-31,rolling_hedge_traditional_60,60,0.4945343596648782,0,-0.0080101200855302
2026-04-01,rolling_hedge_traditional_60,60,0.49075247440004305,1,0.0145665531220153
2026-04-02,rolling_hedge_traditional_60,60,0.45511112793040315,0,-0.0074120842273319
2026-04-03,rolling_hedge_traditional_60,60,0.5238063979697618,0,-0.0099987625293898
2026-04-07,rolling_hedge_traditional_60,60,0.5037638118603182,1,0.0025947804913124
2026-04-08,rolling_hedge_traditional_60,60,0.45843622834254605,1,0.0269482142788288
2026-04-09,rolling_hedge_traditional_60,60,0.44714385379016264,0,-0.0072157733245423
2026-04-10,rolling_hedge_traditional_60,60,0.5044885009413252,1,0.0050562620724119
2026-04-13,rolling_hedge_traditional_60,60,0.5057115646378869,1,0.0005852655080935
2026-04-14,rolling_hedge_traditional_60,60,0.5096279609020892,1,0.0095443014743674
2026-04-15,rolling_hedge_traditional_60,60,0.46676293481221254,1,0.0001450345773359
2026-04-16,rolling_hedge_traditional_60,60,0.4457106858010731,1,0.0070363849910981
2026-04-17,rolling_hedge_traditional_60,60,0.5265700588624601,0,-0.0010163857057999
2026-04-20,rolling_hedge_traditional_60,60,0.5250275082889166,1,0.0075780743812361
2026-04-21,rolling_hedge_traditional_60,60,0.5210344522207222,1,0.0007226624747345
2026-04-22,rolling_hedge_traditional_60,60,0.4977172764741043,1,0.0051849695856405
2026-04-23,rolling_hedge_traditional_60,60,0.4958415009561583,0,-0.0031678477095203
2026-04-24,rolling_hedge_traditional_60,60,0.5499099330523605,0,-0.0032614670494105
2026-04-27,rolling_hedge_traditional_60,60,0.5441875642226932,1,0.0015794504767272
2026-04-28,rolling_hedge_traditional_60,60,0.540310805937355,0,-0.0018860379840757
2026-04-29,rolling_hedge_traditional_60,60,0.5118355802818009,1,0.0070800613047936
2026-04-30,rolling_hedge_traditional_60,60,0.5032144488313101,1,0.0011308543318415
2026-05-06,rolling_hedge_traditional_60,60,0.5169036231127996,1,0.0116763481178623
2026-05-07,rolling_hedge_traditional_60,60,0.5149425793125333,1,0.0047877805111036
2026-05-08,rolling_hedge_traditional_60,60,0.5634548353921851,0,-3.349208581993057e-05
2026-05-11,rolling_hedge_traditional_60,60,0.56046770858477,1,0.0107821812307891
2026-05-12,rolling_hedge_traditional_60,60,0.5745601478875549,0,-0.0024927686749959
2026-05-13,rolling_hedge_traditional_60,60,0.5470452347906775,1,0.0066634412855273
2026-05-14,rolling_hedge_traditional_60,60,0.5257111743884281,0,-0.0152393406641067
2026-05-15,rolling_hedge_traditional_60,60,0.5736259696549812,0,-0.0101794721677159
2026-05-18,rolling_hedge_traditional_60,60,0.5601852628180164,0,-0.0009336485636538
2026-05-19,rolling_hedge_traditional_60,60,0.5327612929255918,1,0.0091999860584266
2026-05-20,rolling_hedge_traditional_60,60,0.519272226891058,0,-0.0017635047336177
2026-05-21,rolling_hedge_traditional_60,60,0.48659245310757643,0,-0.0203998620916658
2026-05-22,rolling_hedge_traditional_60,60,0.5653329016261863,1,0.008736958514224
2026-05-25,rolling_hedge_traditional_60,60,0.5275212996584295,1,0.009645019329427
2026-05-26,rolling_hedge_traditional_60,60,0.5000400161110803,0,-0.0017329031739149
2026-05-27,rolling_hedge_traditional_60,60,0.5145406436788855,0,-0.0124587099882205
2026-05-28,rolling_hedge_traditional_60,60,0.5023457785528794,1,0.0011991517753873
2026-05-29,rolling_hedge_traditional_60,60,0.5134503775646515,0,-0.0073358551479079
2026-06-01,rolling_hedge_traditional_60,60,0.5098060846882878,0,-0.0026616237797614
2026-06-02,rolling_hedge_traditional_60,60,0.5323006742574977,1,0.0042787364394958
2026-06-03,rolling_hedge_traditional_60,60,0.4989557787391112,1,0.002177123419242
2026-06-04,rolling_hedge_traditional_60,60,0.4670524623585073,0,-0.0064136059632113
2026-06-05,rolling_hedge_traditional_60,60,0.509576922138068,0,-0.0074042931345974
2026-06-08,rolling_hedge_traditional_60,60,0.5178148056517279,0,-0.0169817485555159
2026-06-09,rolling_hedge_traditional_60,60,0.5470458122346725,1,0.0128034029931265
2026-06-10,rolling_hedge_traditional_60,60,0.4812379622177954,0,-0.0041907406700845
2026-06-11,rolling_hedge_traditional_60,60,0.4279569862628464,0,-0.0015553840428766
2026-06-12,rolling_hedge_traditional_60,60,0.4856317990811884,1,0.0111607305214553
2026-06-15,rolling_hedge_traditional_60,60,0.5078430680927623,1,0.0161128092604438
2026-06-16,rolling_hedge_traditional_60,60,0.531943265809855,0,-0.0011180352264094
2026-06-17,rolling_hedge_traditional_60,60,0.4934686307899569,1,0.0039551386009211
2026-06-18,rolling_hedge_traditional_60,60,0.46211731529724276,0,-0.0042830268962891
2026-06-22,rolling_hedge_traditional_60,60,0.5244599262388131,1,0.017752435471525
2026-06-23,rolling_hedge_traditional_60,60,0.5455281583268934,0,-0.0136544980815963
2026-06-24,rolling_hedge_traditional_60,60,0.5233819974492846,1,0.001110745273305
2026-06-25,rolling_hedge_traditional_60,60,0.45247361008270204,1,0.0023031940397191
2026-06-26,rolling_hedge_traditional_60,60,0.5090627690221814,0,-0.0225751593155904
2026-06-29,rolling_hedge_traditional_60,60,0.5440426393589521,1,0.0115803156732918
2026-06-30,rolling_hedge_traditional_60,60,0.5309572336593339,1,0.0050308033919324
2026-07-01,rolling_hedge_traditional_60,60,0.473846140464545,1,0.0044079750937682
2026-07-02,rolling_hedge_traditional_60,60,0.46847495688500945,0,-0.0203141926518165
2026-07-03,rolling_hedge_traditional_60,60,0.5515351025487718,1,0.0036583150156965
2026-07-06,rolling_hedge_traditional_60,60,0.5046659792138953,0,-0.0005947607145339
2026-07-07,rolling_hedge_traditional_60,60,0.49685466066966394,0,-0.012620637537309
2026-07-08,rolling_hedge_traditional_60,60,0.5003945401264132,0,-0.0048505915065152
2026-07-09,rolling_hedge_traditional_60,60,0.44037353909170196,1,0.0165474655491981
2026-07-10,rolling_hedge_traditional_60,60,0.5204931919799787,0,-0.0100148937667159
2026-07-13,rolling_hedge_traditional_60,60,0.5328338430909755,0,-0.0206117770000314
2026-07-14,rolling_hedge_traditional_60,60,0.5428398598286869,1,0.0136266752925677
2026-07-15,rolling_hedge_traditional_60,60,0.47700895517655123,0,-0.0029109234241615
2026-07-16,rolling_hedge_traditional_60,60,0.4347328880462629,0,-0.0184966647099361
2026-07-17,rolling_hedge_traditional_60,60,0.5325702554616242,0,-0.0304599227336195
2026-07-20,rolling_hedge_traditional_60,60,0.5548456644691268,1,0.0085347176192265
2026-07-21,rolling_hedge_traditional_60,60,0.47963325151799374,1,0.0179349210450965
2026-07-22,rolling_hedge_traditional_60,60,0.5007526903186855,1,0.0006901518411681
2026-07-23,rolling_hedge_traditional_60,60,0.4351884900902276,1,0.0025195020266177
2026-07-24,rolling_hedge_traditional_60,60,0.50115539809957,0,-0.0161420169382969
2026-07-27,rolling_hedge_traditional_60,60,0.5216983593828665,1,0.0115481681863396
2026-07-28,rolling_hedge_traditional_60,60,0.4911881558954502,0,-0.0116451910130123
2026-07-29,rolling_hedge_traditional_60,60,0.4764289144238926,1,0.0039739701545769
2026-07-30,rolling_hedge_traditional_60,60,0.4296394528775207,0,-0.0062103154028411
2026-07-31,rolling_hedge_traditional_60,60,0.4909343216789158,1,0.0072460511268583
2026-08-03,rolling_hedge_traditional_60,60,0.4893763654097813,0,-0.0058970393986632
2026-08-04,rolling_hedge_traditional_60,60,0.5144585437591906,1,0.0033131539456376
2026-08-05,rolling_hedge_traditional_60,60,0.4787066783795912,1,0.0146888575812635
2026-08-06,rolling_hedge_traditional_60,60,0.4723983525487764,1,0.0056522871368054
2026-08-07,rolling_hedge_traditional_60,60,0.5027640667876643,1,0.0101747226916955
2026-08-10,rolling_hedge_traditional_60,60,0.5273741743846483,1,0.0067402920327905
2026-08-11,rolling_hedge_traditional_60,60,0.5415384941377289,0,-0.0081936795144651
2026-08-12,rolling_hedge_traditional_60,60,0.5113581982031874,1,0.0031981958738647
2026-08-13,rolling_hedge_traditional_60,60,0.44483343886709276,0,-0.0049940772929111
2026-08-14,rolling_hedge_traditional_60,60,0.5098812397383988,1,5.373106202877232e-05
2026-08-17,rolling_hedge_traditional_60,60,0.5297810347367063,1,0.0141266905277481
2025-01-02,rolling_hedge_traditional_120,120,0.5133009309309888,0,-0.0266134568583756
2025-01-03,rolling_hedge_traditional_120,120,0.5704721214128847,0,-0.0156720441395579
2025-01-06,rolling_hedge_traditional_120,120,0.5249158554956026,0,-0.0014034246426046
2025-01-07,rolling_hedge_traditional_120,120,0.48100490972145943,1,0.0070849845786755
2025-01-08,rolling_hedge_traditional_120,120,0.47382036618112955,1,0.0001622469844975
2025-01-09,rolling_hedge_traditional_120,120,0.4532386924817464,0,-0.0058123911821305
2025-01-10,rolling_hedge_traditional_120,120,0.5272658329015216,0,-0.0133490357611167
2025-01-13,rolling_hedge_traditional_120,120,0.5140276791064349,0,-0.0024519302994074
2025-01-14,rolling_hedge_traditional_120,120,0.48458189957026937,1,0.0253689387503934
2025-01-15,rolling_hedge_traditional_120,120,0.49996747515103757,0,-0.0042651206131554
2025-01-16,rolling_hedge_traditional_120,120,0.4718009761421106,1,0.0027625276678844
2025-01-17,rolling_hedge_traditional_120,120,0.501821463734677,1,0.0017889192690305
2025-01-20,rolling_hedge_traditional_120,120,0.49660178508157904,1,0.0007887542217785
2025-01-21,rolling_hedge_traditional_120,120,0.483814793344644,0,-0.0005409357356017
2025-01-22,rolling_hedge_traditional_120,120,0.48650821357567203,0,-0.0089430686206815
2025-01-23,rolling_hedge_traditional_120,120,0.47523243225862477,1,0.0051468373400249
2025-01-24,rolling_hedge_traditional_120,120,0.4959160189600397,1,0.0069538264930202
2025-01-27,rolling_hedge_traditional_120,120,0.5106133725206234,0,-0.0006225738833791
2025-02-05,rolling_hedge_traditional_120,120,0.49192266580632604,0,-0.0064951065972108
2025-02-06,rolling_hedge_traditional_120,120,0.48584808003822727,1,0.0127484604370724
2025-02-07,rolling_hedge_traditional_120,120,0.5657284354550659,1,0.0100921557398676
2025-02-10,rolling_hedge_traditional_120,120,0.5959487567146518,1,0.0056007460800377
2025-02-11,rolling_hedge_traditional_120,120,0.5906885612129655,0,-0.00123804621678
2025-02-12,rolling_hedge_traditional_120,120,0.5604057907518417,1,0.0085375266307963
2025-02-13,rolling_hedge_traditional_120,120,0.5349699290638747,0,-0.0041543337063727
2025-02-14,rolling_hedge_traditional_120,120,0.5664000138469217,1,0.0042733901418252
2025-02-17,rolling_hedge_traditional_120,120,0.5804160859834198,1,0.0027208697221521
2025-02-18,rolling_hedge_traditional_120,120,0.5974685148191023,0,-0.0093386732939392
2025-02-19,rolling_hedge_traditional_120,120,0.5559320446021947,1,0.0081359823203011
2025-02-20,rolling_hedge_traditional_120,120,0.5281108541826423,0,-0.0002255680151715
2025-02-21,rolling_hedge_traditional_120,120,0.561580411077668,1,0.0084547402801076
2025-02-24,rolling_hedge_traditional_120,120,0.5915032856279153,0,-0.0018007684265072
2025-02-25,rolling_hedge_traditional_120,120,0.5840922786366602,0,-0.0080011194689163
2025-02-26,rolling_hedge_traditional_120,120,0.5597202485491997,1,0.0102132670260965
2025-02-27,rolling_hedge_traditional_120,120,0.5202767835038452,1,0.0023217464929734
2025-02-28,rolling_hedge_traditional_120,120,0.5732615762975151,0,-0.0198240173881115
2025-03-03,rolling_hedge_traditional_120,120,0.5829599418766074,0,-0.0011960623891676
2025-03-04,rolling_hedge_traditional_120,120,0.5190558890479459,1,0.0021963113425838
2025-03-05,rolling_hedge_traditional_120,120,0.47995003873921854,1,0.0053411186417224
2025-03-06,rolling_hedge_traditional_120,120,0.45429464180902945,1,0.0117095780476454
2025-03-07,rolling_hedge_traditional_120,120,0.5285817888333062,0,-0.0025293558483072
2025-03-10,rolling_hedge_traditional_120,120,0.5356545978687901,0,-0.0018926354154991
2025-03-11,rolling_hedge_traditional_120,120,0.5163355146770555,1,0.0040595182110907
2025-03-12,rolling_hedge_traditional_120,120,0.4854630774751535,0,-0.0023385805431519
2025-03-13,rolling_hedge_traditional_120,120,0.46169508565133355,0,-0.0039131961455833
2025-03-14,rolling_hedge_traditional_120,120,0.5253312712501081,1,0.0181119107853
2025-03-17,rolling_hedge_traditional_120,120,0.5395435066599612,1,0.0019204213873005
2025-03-18,rolling_hedge_traditional_120,120,0.5119374321609298,1,0.0010595047647068
2025-03-19,rolling_hedge_traditional_120,120,0.5183879923940962,0,-0.0009709136997672
2025-03-20,rolling_hedge_traditional_120,120,0.45022633433044024,0,-0.0051018129953955
2025-03-21,rolling_hedge_traditional_120,120,0.520741898978872,0,-0.0129415291755696
2025-03-24,rolling_hedge_traditional_120,120,0.5451292736749058,1,0.0015445055041396
2025-03-25,rolling_hedge_traditional_120,120,0.5111238025892756,0,-1.5430138859295894e-05
2025-03-26,rolling_hedge_traditional_120,120,0.4742788652752311,0,-0.0003795279254213
2025-03-27,rolling_hedge_traditional_120,120,0.45368384642459303,1,0.0014996896426124
2025-03-28,rolling_hedge_traditional_120,120,0.4922317754491953,0,-0.0066519471365534
2025-03-31,rolling_hedge_traditional_120,120,0.5414830872779007,0,-0.0046432630612474
2025-04-01,rolling_hedge_traditional_120,120,0.5432419656728398,1,0.0038039467033761
2025-04-02,rolling_hedge_traditional_120,120,0.5044125304690349,1,0.0005053106899193
2025-04-03,rolling_hedge_traditional_120,120,0.472858984673682,0,-0.0024234902139531
2025-04-07,rolling_hedge_traditional_120,120,0.5238914641440224,0,-0.073438483690045
2025-04-08,rolling_hedge_traditional_120,120,0.6582650067705866,1,0.0158152100901123
2025-04-09,rolling_hedge_traditional_120,120,0.431197626565663,1,0.013117265062474
2025-04-10,rolling_hedge_traditional_120,120,0.43984037029576556,1,0.0115563839701771
2025-04-11,rolling_hedge_traditional_120,120,0.4749466153864809,1,0.0045256322204911
2025-04-14,rolling_hedge_traditional_120,120,0.5007999711461936,1,0.0075908822945396
2025-04-15,rolling_hedge_traditional_120,120,0.49148463370374323,1,0.0014876756462531
2025-04-16,rolling_hedge_traditional_120,120,0.4816528327408387,1,0.0025528956177229
2025-04-17,rolling_hedge_traditional_120,120,0.42579531244546887,1,0.0013238689574248
2025-04-18,rolling_hedge_traditional_120,120,0.511006461232694,0,-0.0011008001911996
2025-04-21,rolling_hedge_traditional_120,120,0.497164354146094,1,0.0044874005487178
2025-04-22,rolling_hedge_traditional_120,120,0.488500676755412,1,0.0025286850655368
2025-04-23,rolling_hedge_traditional_120,120,0.45960379166196386,0,-0.001030985008896
2025-04-24,rolling_hedge_traditional_120,120,0.4439050549467437,1,0.0002830399031656
2025-04-25,rolling_hedge_traditional_120,120,0.47258576463310725,0,-0.0006757068233045
2025-04-28,rolling_hedge_traditional_120,120,0.4772726569824032,0,-0.002016655235413
2025-04-29,rolling_hedge_traditional_120,120,0.4915890376181258,0,-0.0005352122527113
2025-04-30,rolling_hedge_traditional_120,120,0.459485133610487,0,-0.0023196836905607
2025-05-06,rolling_hedge_traditional_120,120,0.5137263399287004,1,0.0113091337044388
2025-05-07,rolling_hedge_traditional_120,120,0.48605492603539824,1,0.0080066608084039
2025-05-08,rolling_hedge_traditional_120,120,0.4529753528655843,1,0.0027914852370787
2025-05-09,rolling_hedge_traditional_120,120,0.568499060532034,0,-0.0029824021269716
2025-05-12,rolling_hedge_traditional_120,120,0.5620918752970829,1,0.008152605671037
2025-05-13,rolling_hedge_traditional_120,120,0.5492199547830732,1,0.0016698102987464
2025-05-14,rolling_hedge_traditional_120,120,0.5263290900789267,1,0.0086157367200108
2025-05-15,rolling_hedge_traditional_120,120,0.5242649817886889,0,-0.00679416959366
2025-05-16,rolling_hedge_traditional_120,120,0.5498487460545648,0,-0.0039514070694662
2025-05-19,rolling_hedge_traditional_120,120,0.5405359713305087,1,3.593210554431181e-05
2025-05-20,rolling_hedge_traditional_120,120,0.5390468553981684,1,0.0038291558069987
2025-05-21,rolling_hedge_traditional_120,120,0.5267012104717963,1,0.0020991114274371
2025-05-22,rolling_hedge_traditional_120,120,0.492747634929573,0,-0.002180026178026
2025-05-23,rolling_hedge_traditional_120,120,0.5484189205648954,0,-0.0094127872731376
2025-05-26,rolling_hedge_traditional_120,120,0.5370353675315409,0,-0.0004578344341668
2025-05-27,rolling_hedge_traditional_120,120,0.512943703019315,0,-0.0018381523580907
2025-05-28,rolling_hedge_traditional_120,120,0.4784766626633099,0,-0.0002260014182712
2025-05-29,rolling_hedge_traditional_120,120,0.4559976031570263,1,0.0070402630951769
2025-05-30,rolling_hedge_traditional_120,120,0.5318913254636581,0,-0.004744836099643
2025-06-03,rolling_hedge_traditional_120,120,0.5470379636535969,1,0.0043283215140192
2025-06-04,rolling_hedge_traditional_120,120,0.5176959693680634,1,0.0042317375257883
2025-06-05,rolling_hedge_traditional_120,120,0.4809862635511301,1,0.0023387219311161
2025-06-06,rolling_hedge_traditional_120,120,0.5200662390355488,1,0.0003720340332833
2025-06-09,rolling_hedge_traditional_120,120,0.5373049113840696,1,0.004257747629645
2025-06-10,rolling_hedge_traditional_120,120,0.5240141994721137,0,-0.0043991185291248
2025-06-11,rolling_hedge_traditional_120,120,0.5236151833577953,1,0.0051701480966763
2025-06-12,rolling_hedge_traditional_120,120,0.5073136315239828,1,0.0001005197635963
2025-06-13,rolling_hedge_traditional_120,120,0.5149734101301423,0,-0.0075417511839273
2025-06-16,rolling_hedge_traditional_120,120,0.5311718359708482,1,0.0034743896646605
2025-06-17,rolling_hedge_traditional_120,120,0.5445000804127687,0,-0.0003907069582724
2025-06-18,rolling_hedge_traditional_120,120,0.4845158209115131,1,0.0004144765683464
2025-06-19,rolling_hedge_traditional_120,120,0.4734314222618304,0,-0.0078791693482872
2025-06-20,rolling_hedge_traditional_120,120,0.5415008191207288,0,-0.0006582179989459
2025-06-23,rolling_hedge_traditional_120,120,0.5061411736390634,1,0.0064546659940265
2025-06-24,rolling_hedge_traditional_120,120,0.5356451906489891,1,0.0115283320055523
2025-06-25,rolling_hedge_traditional_120,120,0.5184523344451869,1,0.0103515032307519
2025-06-26,rolling_hedge_traditional_120,120,0.489670550847297,0,-0.0021762316498908
2025-06-27,rolling_hedge_traditional_120,120,0.5444227064587043,0,-0.0070251791165487
2025-06-30,rolling_hedge_traditional_120,120,0.5441524262000024,1,0.0058988495797738
2025-07-01,rolling_hedge_traditional_120,120,0.5484189006324649,1,0.0038674078061191
2025-07-02,rolling_hedge_traditional_120,120,0.5196635481057367,0,-0.0008546027225242
2025-07-03,rolling_hedge_traditional_120,120,0.4819385912547727,1,0.0018406317949097
2025-07-04,rolling_hedge_traditional_120,120,0.5415911465204285,1,0.0032266722832954
2025-07-07,rolling_hedge_traditional_120,120,0.5637523465966706,1,0.0002326975142548
2025-07-08,rolling_hedge_traditional_120,120,0.53670386920669,1,0.0070103972587238
2025-07-09,rolling_hedge_traditional_120,120,0.5297835770822051,0,-0.0012651984646064
2025-07-10,rolling_hedge_traditional_120,120,0.5082446290249951,1,0.0047614548889938
2025-07-11,rolling_hedge_traditional_120,120,0.5585026648887951,1,0.0001410384188653
2025-07-14,rolling_hedge_traditional_120,120,0.547551918924884,1,0.0026987243093439
2025-07-15,rolling_hedge_traditional_120,120,0.5718926174949819,0,-0.0041626298069411
2025-07-16,rolling_hedge_traditional_120,120,0.5399105740891132,0,-0.0003486448926233
2025-07-17,rolling_hedge_traditional_120,120,0.5089010688483555,1,0.00372426669848
2025-07-18,rolling_hedge_traditional_120,120,0.5480031764993759,1,0.0050207203882137
2025-07-21,rolling_hedge_traditional_120,120,0.5471394374729889,1,0.0071603117061249
2025-07-22,rolling_hedge_traditional_120,120,0.5760821272055296,1,0.0061998021793974
2025-07-23,rolling_hedge_traditional_120,120,0.5590571686493961,1,0.0001220036176725
2025-07-24,rolling_hedge_traditional_120,120,0.5130584721093809,1,0.0065402152473077
2025-07-25,rolling_hedge_traditional_120,120,0.5704415961075046,0,-0.0033480072118603
2025-07-28,rolling_hedge_traditional_120,120,0.5466154141700653,1,0.001191544541699
2025-07-29,rolling_hedge_traditional_120,120,0.5631543204982082,1,0.0032724308402287
2025-07-30,rolling_hedge_traditional_120,120,0.5275663628014372,1,0.0016638451111461
2025-07-31,rolling_hedge_traditional_120,120,0.5068223380295095,0,-0.0117567276421246
2025-08-01,rolling_hedge_traditional_120,120,0.5905537031731922,0,-0.0037098316134968
2025-08-04,rolling_hedge_traditional_120,120,0.5448311543296909,1,0.0065610435196878
2025-08-05,rolling_hedge_traditional_120,120,0.5313273421070024,1,0.009569088236599
2025-08-06,rolling_hedge_traditional_120,120,0.5374041939241799,1,0.0045325655310513
2025-08-07,rolling_hedge_traditional_120,120,0.48260007077050776,1,0.0015608166769629
2025-08-08,rolling_hedge_traditional_120,120,0.5315629626079657,0,-0.0012470921103495
2025-08-11,rolling_hedge_traditional_120,120,0.5518688520730859,1,0.0034163858879245
2025-08-12,rolling_hedge_traditional_120,120,0.540619237701987,1,0.0050365355127706
2025-08-13,rolling_hedge_traditional_120,120,0.5134387929700509,1,0.0047865227754684
2025-08-14,rolling_hedge_traditional_120,120,0.4954018799239527,0,-0.0046211922741222
2025-08-15,rolling_hedge_traditional_120,120,0.5465006007119131,1,0.0082717773056884
2025-08-18,rolling_hedge_traditional_120,120,0.5474029060091861,1,0.0084549462219867
2025-08-19,rolling_hedge_traditional_120,120,0.5511082092486065,0,-0.0001982281780684
2025-08-20,rolling_hedge_traditional_120,120,0.5320697122514402,1,0.0104424450163229
2025-08-21,rolling_hedge_traditional_120,120,0.5341925095821789,1,0.0012981219847008
2025-08-22,rolling_hedge_traditional_120,120,0.5577300611929147,1,0.0144944484353235
2025-08-25,rolling_hedge_traditional_120,120,0.5729548729166742,1,0.0151088973455986
2025-08-26,rolling_hedge_traditional_120,120,0.593441602599214,0,-0.0039087827103055
2025-08-27,rolling_hedge_traditional_120,120,0.5483634517285406,0,-0.017586680943092
2025-08-28,rolling_hedge_traditional_120,120,0.5389030538075039,1,0.0113797413396135
2025-08-29,rolling_hedge_traditional_120,120,0.559811616072491,1,0.0037282784849712
2025-09-01,rolling_hedge_traditional_120,120,0.5529086730377951,1,0.0045628131377291
2025-09-02,rolling_hedge_traditional_120,120,0.554849247413879,0,-0.0044889344167121
2025-09-03,rolling_hedge_traditional_120,120,0.5355413437945359,0,-0.0115537748439465
2025-09-04,rolling_hedge_traditional_120,120,0.49095778418746666,0,-0.0125030253907308
2025-09-05,rolling_hedge_traditional_120,120,0.5552623012761387,1,0.0123843695331444
2025-09-08,rolling_hedge_traditional_120,120,0.5143135542113912,1,0.0037578878398871
2025-09-09,rolling_hedge_traditional_120,120,0.5146398425442139,0,-0.0051083909679027
2025-09-10,rolling_hedge_traditional_120,120,0.4911164650769461,1,0.0012946209536857
2025-09-11,rolling_hedge_traditional_120,120,0.45570108901472284,1,0.0165488831838449
2025-09-12,rolling_hedge_traditional_120,120,0.5152327897052887,0,-0.0012156449975989
2025-09-15,rolling_hedge_traditional_120,120,0.5187774005311924,0,-0.0026078657613113
2025-09-16,rolling_hedge_traditional_120,120,0.5024255301442648,1,0.0003525446418395
2025-09-17,rolling_hedge_traditional_120,120,0.4787962567686691,1,0.0037484479649081
2025-09-18,rolling_hedge_traditional_120,120,0.43753894185842174,0,-0.0115276236017419
2025-09-19,rolling_hedge_traditional_120,120,0.5437288720272253,0,-0.0030187991823901
2025-09-22,rolling_hedge_traditional_120,120,0.5021016952662201,1,0.00222167598713
2025-09-23,rolling_hedge_traditional_120,120,0.4885237312889741,0,-0.0017612292403232
2025-09-24,rolling_hedge_traditional_120,120,0.47680242295144015,1,0.0083229696326343
2025-09-25,rolling_hedge_traditional_120,120,0.4756728129259551,0,-8.822822670073727e-05
2025-09-26,rolling_hedge_traditional_120,120,0.4928677903812946,0,-0.0065388074954934
2025-09-29,rolling_hedge_traditional_120,120,0.5119879788281125,1,0.0089929589201551
2025-09-30,rolling_hedge_traditional_120,120,0.5189027559429485,1,0.0052413805244848
2025-10-09,rolling_hedge_traditional_120,120,0.4616657494677425,1,0.0131851507310361
2025-10-10,rolling_hedge_traditional_120,120,0.5547297825531187,0,-0.0093910175263068
2025-10-13,rolling_hedge_traditional_120,120,0.5698387248508117,0,-0.0019312152748196
2025-10-14,rolling_hedge_traditional_120,120,0.549660856785304,0,-0.0062406446892173
2025-10-15,rolling_hedge_traditional_120,120,0.49851577784373224,1,0.0121547778928494
2025-10-16,rolling_hedge_traditional_120,120,0.476069973204981,1,0.0010270409819512
2025-10-17,rolling_hedge_traditional_120,120,0.5197271600651006,0,-0.0195272083239279
2025-10-20,rolling_hedge_traditional_120,120,0.5669017657952448,1,0.0062863385814979
2025-10-21,rolling_hedge_traditional_120,120,0.5066608455859815,1,0.0135715455888658
2025-10-22,rolling_hedge_traditional_120,120,0.5055886767557265,0,-0.0006572476490757
2025-10-23,rolling_hedge_traditional_120,120,0.47159234855001886,1,0.002210662999603
2025-10-24,rolling_hedge_traditional_120,120,0.5282840894937922,1,0.0071134838020503
2025-10-27,rolling_hedge_traditional_120,120,0.5233250325993002,1,0.0118048903479017
2025-10-28,rolling_hedge_traditional_120,120,0.5311385638376218,0,-0.00218191643868
2025-10-29,rolling_hedge_traditional_120,120,0.5187139768044726,1,0.0070474978336221
2025-10-30,rolling_hedge_traditional_120,120,0.49443840276259443,0,-0.0073275833092442
2025-10-31,rolling_hedge_traditional_120,120,0.541135919763145,0,-0.0080541252466513
2025-11-03,rolling_hedge_traditional_120,120,0.5461684046387998,1,0.005494855605481
2025-11-04,rolling_hedge_traditional_120,120,0.5557363316045385,0,-0.0041078621237006
2025-11-05,rolling_hedge_traditional_120,120,0.5212816102385538,1,0.0022882763587366
2025-11-06,rolling_hedge_traditional_120,120,0.4985287577095434,1,0.0097025935391288
2025-11-07,rolling_hedge_traditional_120,120,0.5425514364762818,0,-0.0025460606423538
2025-11-10,rolling_hedge_traditional_120,120,0.5369998856190098,1,0.0052634659777124
2025-11-11,rolling_hedge_traditional_120,120,0.5437775300830795,0,-0.0039414253282925
2025-11-12,rolling_hedge_traditional_120,120,0.508386566346125,0,-0.0006540490331915
2025-11-13,rolling_hedge_traditional_120,120,0.4683139838260611,1,0.0073399931002415
2025-11-14,rolling_hedge_traditional_120,120,0.5462883538182257,0,-0.009680851301439
2025-11-17,rolling_hedge_traditional_120,120,0.5625087209460374,0,-0.0046252442054764
2025-11-18,rolling_hedge_traditional_120,120,0.5483653736294141,0,-0.0081122145197611
2025-11-19,rolling_hedge_traditional_120,120,0.5237632251044562,1,0.0017587129135316
2025-11-20,rolling_hedge_traditional_120,120,0.45858845226228184,0,-0.0039756842479189
2025-11-21,rolling_hedge_traditional_120,120,0.5333535668303306,0,-0.0244616516041129
2025-11-24,rolling_hedge_traditional_120,120,0.5718725294764121,1,0.0004889317584255
2025-11-25,rolling_hedge_traditional_120,120,0.5054848104003002,1,0.0086679771453355
2025-11-26,rolling_hedge_traditional_120,120,0.46896874822088486,0,-0.0015087765628266
2025-11-27,rolling_hedge_traditional_120,120,0.4413046982657739,1,0.0028660643489026
2025-11-28,rolling_hedge_traditional_120,120,0.5190091274473381,1,0.0034415764210855
2025-12-01,rolling_hedge_traditional_120,120,0.5158210737781086,1,0.006534492140608
2025-12-02,rolling_hedge_traditional_120,120,0.511407004037393,0,-0.0041629982171718
2025-12-03,rolling_hedge_traditional_120,120,0.4913487838713463,0,-0.0050573259389098
2025-12-04,rolling_hedge_traditional_120,120,0.4532318300088924,0,-0.0005691077875192
2025-12-05,rolling_hedge_traditional_120,120,0.4887451203484194,1,0.0069701864882876
2025-12-08,rolling_hedge_traditional_120,120,0.48952800783459577,1,0.0054499222098549
2025-12-09,rolling_hedge_traditional_120,120,0.5122936150346037,0,-0.0037094063879464
2025-12-10,rolling_hedge_traditional_120,120,0.4804886876918031,0,-0.0023087221404559
2025-12-11,rolling_hedge_traditional_120,120,0.43919910290079006,0,-0.0069678317834449
2025-12-12,rolling_hedge_traditional_120,120,0.4976433215141951,1,0.0041380542470306
2025-12-15,rolling_hedge_traditional_120,120,0.4960799860037016,0,-0.0055086382132112
2025-12-16,rolling_hedge_traditional_120,120,0.5322755083898818,0,-0.0111452638251918
2025-12-17,rolling_hedge_traditional_120,120,0.502198502427313,1,0.011887120203555
2025-12-18,rolling_hedge_traditional_120,120,0.45801873946730287,1,0.0015743055150043
2025-12-19,rolling_hedge_traditional_120,120,0.5098655689303062,1,0.0036314893491875
2025-12-22,rolling_hedge_traditional_120,120,0.5399625049517178,1,0.006918483424017
2025-12-23,rolling_hedge_traditional_120,120,0.5154987412713335,1,0.0006675407238132
2025-12-24,rolling_hedge_traditional_120,120,0.5114756917715799,1,0.005349008247238
2025-12-25,rolling_hedge_traditional_120,120,0.48337186425710543,1,0.0047384549957154
2025-12-26,rolling_hedge_traditional_120,120,0.513972896904197,1,0.0010248455597139
2025-12-29,rolling_hedge_traditional_120,120,0.5366910689637995,1,0.0004039176734544
2025-12-30,rolling_hedge_traditional_120,120,0.5550016999447065,0,-4.135899608603832e-05
2025-12-31,rolling_hedge_traditional_120,120,0.5116011113968719,1,0.0009391906819371
2026-01-05,rolling_hedge_traditional_120,120,0.5472916945149245,1,0.013751373197206
2026-01-06,rolling_hedge_traditional_120,120,0.5541033842182987,1,0.0149748335805113
2026-01-07,rolling_hedge_traditional_120,120,0.5734755485657053,1,0.0005154680829755
2026-01-08,rolling_hedge_traditional_120,120,0.5075394015663958,0,-0.0006835917422705
2026-01-09,rolling_hedge_traditional_120,120,0.5489175499956531,1,0.0091714897382524
2026-01-12,rolling_hedge_traditional_120,120,0.5583594920905892,1,0.0108874664901152
2026-01-13,rolling_hedge_traditional_120,120,0.583995016126868,0,-0.0063688288466077
2026-01-14,rolling_hedge_traditional_120,120,0.5576643832844976,0,-0.0030603376519386
2026-01-15,rolling_hedge_traditional_120,120,0.5273621877902467,0,-0.0032699214486925
2026-01-16,rolling_hedge_traditional_120,120,0.5625401689034473,0,-0.0025988419494135
2026-01-19,rolling_hedge_traditional_120,120,0.5638635026403656,1,0.0029466739055656
2026-01-20,rolling_hedge_traditional_120,120,0.5746325771373438,0,-8.531842489056807e-05
2026-01-21,rolling_hedge_traditional_120,120,0.5338162161891631,1,0.0008000196419284
2026-01-22,rolling_hedge_traditional_120,120,0.5035684753662184,1,0.0013689779302104
2026-01-23,rolling_hedge_traditional_120,120,0.5525111122647696,1,0.0032959974540189
2026-01-26,rolling_hedge_traditional_120,120,0.5487839118086587,0,-0.0008604591113892
2026-01-27,rolling_hedge_traditional_120,120,0.5591552648687721,1,0.0017661983180103
2026-01-28,rolling_hedge_traditional_120,120,0.5595059588443919,1,0.002737744643354
2026-01-29,rolling_hedge_traditional_120,120,0.5005942086276596,1,0.0016252982845115
2026-01-30,rolling_hedge_traditional_120,120,0.5579306719799086,0,-0.009628942865354
2026-02-02,rolling_hedge_traditional_120,120,0.6006780320440489,0,-0.0248186718239279
2026-02-03,rolling_hedge_traditional_120,120,0.5833345064664482,1,0.0129470340006563
2026-02-04,rolling_hedge_traditional_120,120,0.5124669606029847,1,0.0084725220749222
2026-02-05,rolling_hedge_traditional_120,120,0.4995607966182577,0,-0.0064075342949957
2026-02-06,rolling_hedge_traditional_120,120,0.5513028123891354,0,-0.002535380381887
2026-02-09,rolling_hedge_traditional_120,120,0.5416324890861993,1,0.0141448348244273
2026-02-10,rolling_hedge_traditional_120,120,0.5381619140115251,1,0.0012813205629755
2026-02-11,rolling_hedge_traditional_120,120,0.503018613415569,1,0.0008749209434322
2026-02-12,rolling_hedge_traditional_120,120,0.4970081628196194,1,0.0004920153388747
2026-02-13,rolling_hedge_traditional_120,120,0.5576299084745424,0,-0.0125652573355994
2026-02-24,rolling_hedge_traditional_120,120,0.561367071923017,1,0.0086563861057848
2026-02-25,rolling_hedge_traditional_120,120,0.4992945796352603,1,0.0072429044576334
2026-02-26,rolling_hedge_traditional_120,120,0.4928907568706271,0,-0.0001446748444925
2026-02-27,rolling_hedge_traditional_120,120,0.5561387909850382,1,0.0039190851561181
2026-03-02,rolling_hedge_traditional_120,120,0.5368827567546023,1,0.0047344604050754
2026-03-03,rolling_hedge_traditional_120,120,0.5211942157888563,0,-0.0143248527049381
2026-03-04,rolling_hedge_traditional_120,120,0.5423478586563651,0,-0.0097514332923567
2026-03-05,rolling_hedge_traditional_120,120,0.505102204681027,1,0.0063914675267986
2026-03-06,rolling_hedge_traditional_120,120,0.5032751323926159,1,0.0038035159217313
2026-03-09,rolling_hedge_traditional_120,120,0.5119082582548655,0,-0.0066902769365361
2026-03-10,rolling_hedge_traditional_120,120,0.539174636387934,1,0.0064775636002716
2026-03-11,rolling_hedge_traditional_120,120,0.49972432919697585,1,0.002496884654358
2026-03-12,rolling_hedge_traditional_120,120,0.4668180639614912,0,-0.0010475553855596
2026-03-13,rolling_hedge_traditional_120,120,0.5288739359793643,0,-0.0081504384850656
2026-03-16,rolling_hedge_traditional_120,120,0.573319891473669,0,-0.0026036217274345
2026-03-17,rolling_hedge_traditional_120,120,0.5283272245482411,0,-0.0085387582115684
2026-03-18,rolling_hedge_traditional_120,120,0.51275429796021,1,0.0032289630354473
2026-03-19,rolling_hedge_traditional_120,120,0.4663883595739423,0,-0.0138892990964275
2026-03-20,rolling_hedge_traditional_120,120,0.54348126664295,0,-0.0123545133072028
2026-03-23,rolling_hedge_traditional_120,120,0.5227669753181299,0,-0.0363325939783976
2026-03-24,rolling_hedge_traditional_120,120,0.5722331242010504,1,0.017831616483749
2026-03-25,rolling_hedge_traditional_120,120,0.46608798214143565,1,0.0130261150960508
2026-03-26,rolling_hedge_traditional_120,120,0.4601520344573414,0,-0.0108737949020281
2026-03-27,rolling_hedge_traditional_120,120,0.5188277201739697,1,0.0063356821297766
2026-03-30,rolling_hedge_traditional_120,120,0.502648911702871,1,0.0024434528341803
2026-03-31,rolling_hedge_traditional_120,120,0.49450639617833086,0,-0.0080101200855302
2026-04-01,rolling_hedge_traditional_120,120,0.49073939438582276,1,0.0145665531220153
2026-04-02,rolling_hedge_traditional_120,120,0.4550188061229883,0,-0.0074120842273319
2026-04-03,rolling_hedge_traditional_120,120,0.5237528630991805,0,-0.0099987625293898
2026-04-07,rolling_hedge_traditional_120,120,0.5041334956884318,1,0.0025947804913124
2026-04-08,rolling_hedge_traditional_120,120,0.45827100889504757,1,0.0269482142788288
2026-04-09,rolling_hedge_traditional_120,120,0.4474432766752737,0,-0.0072157733245423
2026-04-10,rolling_hedge_traditional_120,120,0.5041113703796768,1,0.0050562620724119
2026-04-13,rolling_hedge_traditional_120,120,0.5058342959192812,1,0.0005852655080935
2026-04-14,rolling_hedge_traditional_120,120,0.5097606321846219,1,0.0095443014743674
2026-04-15,rolling_hedge_traditional_120,120,0.4665390205860825,1,0.0001450345773359
2026-04-16,rolling_hedge_traditional_120,120,0.44576661312315463,1,0.0070363849910981
2026-04-17,rolling_hedge_traditional_120,120,0.5264825144604811,0,-0.0010163857057999
2026-04-20,rolling_hedge_traditional_120,120,0.5253011776487435,1,0.0075780743812361
2026-04-21,rolling_hedge_traditional_120,120,0.5208901165740957,1,0.0007226624747345
2026-04-22,rolling_hedge_traditional_120,120,0.49754405013003955,1,0.0051849695856405
2026-04-23,rolling_hedge_traditional_120,120,0.49560827046857686,0,-0.0031678477095203
2026-04-24,rolling_hedge_traditional_120,120,0.5499134610960469,0,-0.0032614670494105
2026-04-27,rolling_hedge_traditional_120,120,0.5443369308302223,1,0.0015794504767272
2026-04-28,rolling_hedge_traditional_120,120,0.5400573311219449,0,-0.0018860379840757
2026-04-29,rolling_hedge_traditional_120,120,0.5113777849032741,1,0.0070800613047936
2026-04-30,rolling_hedge_traditional_120,120,0.5029898894564164,1,0.0011308543318415
2026-05-06,rolling_hedge_traditional_120,120,0.5167973754998798,1,0.0116763481178623
2026-05-07,rolling_hedge_traditional_120,120,0.5154283235449625,1,0.0047877805111036
2026-05-08,rolling_hedge_traditional_120,120,0.5637739356302455,0,-3.349208581993057e-05
2026-05-11,rolling_hedge_traditional_120,120,0.5605025201261068,1,0.0107821812307891
2026-05-12,rolling_hedge_traditional_120,120,0.5746753706916483,0,-0.0024927686749959
2026-05-13,rolling_hedge_traditional_120,120,0.5474877667251399,1,0.0066634412855273
2026-05-14,rolling_hedge_traditional_120,120,0.5260682802562199,0,-0.0152393406641067
2026-05-15,rolling_hedge_traditional_120,120,0.5736473017857607,0,-0.0101794721677159
2026-05-18,rolling_hedge_traditional_120,120,0.5603040477940581,0,-0.0009336485636538
2026-05-19,rolling_hedge_traditional_120,120,0.5328489083032034,1,0.0091999860584266
2026-05-20,rolling_hedge_traditional_120,120,0.5195402166069407,0,-0.0017635047336177
2026-05-21,rolling_hedge_traditional_120,120,0.48646259547034765,0,-0.0203998620916658
2026-05-22,rolling_hedge_traditional_120,120,0.5654866438973812,1,0.008736958514224
2026-05-25,rolling_hedge_traditional_120,120,0.5276152916860526,1,0.009645019329427
2026-05-26,rolling_hedge_traditional_120,120,0.5001139275087716,0,-0.0017329031739149
2026-05-27,rolling_hedge_traditional_120,120,0.5146774781540729,0,-0.0124587099882205
2026-05-28,rolling_hedge_traditional_120,120,0.5023608307342515,1,0.0011991517753873
2026-05-29,rolling_hedge_traditional_120,120,0.5132714805406304,0,-0.0073358551479079
2026-06-01,rolling_hedge_traditional_120,120,0.5099906677750893,0,-0.0026616237797614
2026-06-02,rolling_hedge_traditional_120,120,0.532502040372477,1,0.0042787364394958
2026-06-03,rolling_hedge_traditional_120,120,0.49882318492886857,1,0.002177123419242
2026-06-04,rolling_hedge_traditional_120,120,0.4671084947462638,0,-0.0064136059632113
2026-06-05,rolling_hedge_traditional_120,120,0.5095775035230217,0,-0.0074042931345974
2026-06-08,rolling_hedge_traditional_120,120,0.5178913094128297,0,-0.0169817485555159
2026-06-09,rolling_hedge_traditional_120,120,0.5469803718400785,1,0.0128034029931265
2026-06-10,rolling_hedge_traditional_120,120,0.4812901439899846,0,-0.0041907406700845
2026-06-11,rolling_hedge_traditional_120,120,0.4278394090019132,0,-0.0015553840428766
2026-06-12,rolling_hedge_traditional_120,120,0.4854393766835219,1,0.0111607305214553
2026-06-15,rolling_hedge_traditional_120,120,0.5078501397521678,1,0.0161128092604438
2026-06-16,rolling_hedge_traditional_120,120,0.5316335747612729,0,-0.0011180352264094
2026-06-17,rolling_hedge_traditional_120,120,0.4932539293213682,1,0.0039551386009211
2026-06-18,rolling_hedge_traditional_120,120,0.46227219185595214,0,-0.0042830268962891
2026-06-22,rolling_hedge_traditional_120,120,0.5246973398075739,1,0.017752435471525
2026-06-23,rolling_hedge_traditional_120,120,0.5453738363961413,0,-0.0136544980815963
2026-06-24,rolling_hedge_traditional_120,120,0.5235007847666645,1,0.001110745273305
2026-06-25,rolling_hedge_traditional_120,120,0.4524458572953179,1,0.0023031940397191
2026-06-26,rolling_hedge_traditional_120,120,0.5089915712372262,0,-0.0225751593155904
2026-06-29,rolling_hedge_traditional_120,120,0.5439704166010697,1,0.0115803156732918
2026-06-30,rolling_hedge_traditional_120,120,0.5311217254414511,1,0.0050308033919324
2026-07-01,rolling_hedge_traditional_120,120,0.47373049650900256,1,0.0044079750937682
2026-07-02,rolling_hedge_traditional_120,120,0.46852995319867985,0,-0.0203141926518165
2026-07-03,rolling_hedge_traditional_120,120,0.5515578458087866,1,0.0036583150156965
2026-07-06,rolling_hedge_traditional_120,120,0.504812299511723,0,-0.0005947607145339
2026-07-07,rolling_hedge_traditional_120,120,0.4968773241435388,0,-0.012620637537309
2026-07-08,rolling_hedge_traditional_120,120,0.5005612919555706,0,-0.0048505915065152
2026-07-09,rolling_hedge_traditional_120,120,0.4402805714532149,1,0.0165474655491981
2026-07-10,rolling_hedge_traditional_120,120,0.5201008147826266,0,-0.0100148937667159
2026-07-13,rolling_hedge_traditional_120,120,0.5327146956941908,0,-0.0206117770000314
2026-07-14,rolling_hedge_traditional_120,120,0.5428060187734547,1,0.0136266752925677
2026-07-15,rolling_hedge_traditional_120,120,0.4771666813646151,0,-0.0029109234241615
2026-07-16,rolling_hedge_traditional_120,120,0.43481177230420576,0,-0.0184966647099361
2026-07-17,rolling_hedge_traditional_120,120,0.5326096504877099,0,-0.0304599227336195
2026-07-20,rolling_hedge_traditional_120,120,0.5549016019147619,1,0.0085347176192265
2026-07-21,rolling_hedge_traditional_120,120,0.4795273946759067,1,0.0179349210450965
2026-07-22,rolling_hedge_traditional_120,120,0.500703284779533,1,0.0006901518411681
2026-07-23,rolling_hedge_traditional_120,120,0.435522452592722,1,0.0025195020266177
2026-07-24,rolling_hedge_traditional_120,120,0.5010240361771648,0,-0.0161420169382969
2026-07-27,rolling_hedge_traditional_120,120,0.5215972869190897,1,0.0115481681863396
2026-07-28,rolling_hedge_traditional_120,120,0.49107410929170936,0,-0.0116451910130123
2026-07-29,rolling_hedge_traditional_120,120,0.47639405802062734,1,0.0039739701545769
2026-07-30,rolling_hedge_traditional_120,120,0.429814688413824,0,-0.0062103154028411
2026-07-31,rolling_hedge_traditional_120,120,0.491005436697057,1,0.0072460511268583
2026-08-03,rolling_hedge_traditional_120,120,0.4892757756554655,0,-0.0058970393986632
2026-08-04,rolling_hedge_traditional_120,120,0.5145814567912298,1,0.0033131539456376
2026-08-05,rolling_hedge_traditional_120,120,0.47882387902502266,1,0.0146888575812635
2026-08-06,rolling_hedge_traditional_120,120,0.4725668152383542,1,0.0056522871368054
2026-08-07,rolling_hedge_traditional_120,120,0.5032824765037176,1,0.0101747226916955
2026-08-10,rolling_hedge_traditional_120,120,0.5274523160754425,1,0.0067402920327905
2026-08-11,rolling_hedge_traditional_120,120,0.5416057658806657,0,-0.0081936795144651
2026-08-12,rolling_hedge_traditional_120,120,0.5113289381934848,1,0.0031981958738647
2026-08-13,rolling_hedge_traditional_120,120,0.4450887167915799,0,-0.0049940772929111
2026-08-14,rolling_hedge_traditional_120,120,0.5098327569910125,1,5.373106202877232e-05
2026-08-17,rolling_hedge_traditional_120,120,0.5298833034461797,1,0.0141266905277481
