date,router_id,window,n_history,eta,weight_baseline,weight_cycle,weight_ziping,weight_qimen,weight_meihua,weight_liuyao_hash
2025-01-02,rolling_hedge_all_20,20,0,,0.16666666666666666,0.16666666666666666,0.16666666666666666,0.16666666666666666,0.16666666666666666,0.16666666666666666
2025-01-03,rolling_hedge_all_20,20,1,1.8930184728248454,0.17123817062918936,0.1535952704496368,0.17641284612056468,0.1681216511733729,0.16201905788253862,0.16861300374469754
2025-01-06,rolling_hedge_all_20,20,2,1.3385661990458504,0.1712834799469915,0.14977606563275506,0.17315442590147462,0.1618124584670295,0.16902068511682788,0.17495288493492137
2025-01-07,rolling_hedge_all_20,20,3,1.0929347248663588,0.16960929256056267,0.15677480250183007,0.1648430251715212,0.1623101470645958,0.1679417637544724,0.17852096894701786
2025-01-08,rolling_hedge_all_20,20,4,0.9465092364124227,0.1709447472818842,0.15233858828610672,0.16645713507134066,0.16190246242474823,0.17189325754301793,0.17646380939290227
2025-01-09,rolling_hedge_all_20,20,5,0.8465835975798386,0.1718079265024655,0.1526248515625201,0.17087994235836151,0.16467685867484022,0.1661779039584442,0.17383251694336846
2025-01-10,rolling_hedge_all_20,20,6,0.7728215553472558,0.171615671753374,0.15838536474530235,0.1710294364586746,0.16317360024521116,0.167455220743742,0.16834070605369597
2025-01-13,rolling_hedge_all_20,20,7,0.7154937294779748,0.1724864409685254,0.1631384494422424,0.17340509145854088,0.16472913263574673,0.1614299216328318,0.16481096386211283
2025-01-14,rolling_hedge_all_20,20,8,0.6692830995229252,0.17091012527776886,0.1663574497672868,0.1710284790753722,0.1630326088243337,0.16331834957710373,0.16535298747813473
2025-01-15,rolling_hedge_all_20,20,9,0.6310061576082818,0.1727556609668256,0.16412423861156875,0.17088792322939111,0.16303580428576261,0.16145479912394503,0.16774157378250684
2025-01-16,rolling_hedge_all_20,20,10,0.5986250026900071,0.17168731391706404,0.16742807504436016,0.17108593715288084,0.16614863861852844,0.15982964060264357,0.16382039466452292
2025-01-17,rolling_hedge_all_20,20,11,0.5707665450519638,0.17170663501825478,0.16192102582727086,0.172206745540545,0.16950664936524729,0.1623546654221375,0.16230427882654458
2025-01-20,rolling_hedge_all_20,20,12,0.5464673624331794,0.1717402573544676,0.16116015378648793,0.17204100987203857,0.16790933544531828,0.1621906250351364,0.1649586185065513
2025-01-21,rolling_hedge_all_20,20,13,0.5250288591669626,0.17272007113880214,0.16196466174482294,0.17108610283120562,0.16953657133606953,0.16050471714055728,0.1641878758085425
2025-01-22,rolling_hedge_all_20,20,14,0.5059304680103291,0.17235486183308998,0.16313238755865067,0.17059469538152955,0.17009421490826587,0.16322278154989955,0.16060105876856437
2025-01-23,rolling_hedge_all_20,20,15,0.4887752679542416,0.17234678676257753,0.16458875124820896,0.16893852828432926,0.17171725510782476,0.16294632032062792,0.15946235827643154
2025-01-24,rolling_hedge_all_20,20,16,0.47325461820621134,0.17148449011446223,0.16290157580769213,0.1688764205526147,0.17203310486348464,0.1637541395798343,0.16095026908191193
2025-01-27,rolling_hedge_all_20,20,17,0.4591244185118984,0.17232908165899635,0.16094757079905794,0.16863245593362858,0.1708589099623474,0.16627481786991868,0.16095716377605115
2025-02-05,rolling_hedge_all_20,20,18,0.44618873301528345,0.17172866377895768,0.16308689947087704,0.16832725217769362,0.17133582358503466,0.16720497165478362,0.1583163893326535
2025-02-06,rolling_hedge_all_20,20,19,0.434288222173642,0.17089601245457353,0.16295108532275304,0.16665877982888108,0.17277965124116162,0.1689513454713534,0.1577631256812774
2025-02-07,rolling_hedge_all_20,20,20,0.4232917987899193,0.17059459538914032,0.16211535546535857,0.16532407593016257,0.1734021531773592,0.16924645668281732,0.15931736335516197
2025-02-10,rolling_hedge_all_20,20,20,0.4232917987899193,0.16840522904033836,0.16456538806925583,0.16442809434833494,0.17253850286813388,0.17023823655661768,0.15982454911731933
2025-02-11,rolling_hedge_all_20,20,20,0.4232917987899193,0.16721762888827305,0.16644433319928606,0.16453764086305991,0.1759399150196231,0.16932698691383508,0.15653349511592277
2025-02-12,rolling_hedge_all_20,20,20,0.4232917987899193,0.16770671647469612,0.16453724804781072,0.1661170915527138,0.17579715657293063,0.17109363805381175,0.154748149298037
2025-02-13,rolling_hedge_all_20,20,20,0.4232917987899193,0.16674034586654715,0.16821493506012153,0.16555978233819948,0.17521709314182243,0.17083057784927005,0.15343726574403935
2025-02-14,rolling_hedge_all_20,20,20,0.4232917987899193,0.16694616025244083,0.16935265295682517,0.16382920090542472,0.1722168459770718,0.1751590145445346,0.15249612536370283
2025-02-17,rolling_hedge_all_20,20,20,0.4232917987899193,0.16705454813927936,0.16649223173576136,0.16194177386899644,0.17421552756602673,0.1747561310193935,0.1555397876705427
2025-02-18,rolling_hedge_all_20,20,20,0.4232917987899193,0.16609883642855236,0.16487993021530137,0.16065649694186301,0.17327177298652088,0.17777445019780447,0.157318513229958
2025-02-19,rolling_hedge_all_20,20,20,0.4232917987899193,0.16839071409260012,0.16348300171929891,0.16299276417539227,0.17352723055786595,0.17345359438560498,0.15815269506923774
2025-02-20,rolling_hedge_all_20,20,20,0.4232917987899193,0.16753807431250456,0.1655397044427879,0.16299256285257405,0.17249978360748064,0.1738002953292474,0.1576295794554054
2025-02-21,rolling_hedge_all_20,20,20,0.4232917987899193,0.16840138671205496,0.16380521870857623,0.16209936940061542,0.17028236265800897,0.17426043935160251,0.16115122316914193
2025-02-24,rolling_hedge_all_20,20,20,0.4232917987899193,0.16835794841749235,0.16854797617403336,0.162491205932387,0.1679631126286468,0.17120366135511797,0.16143609549232257
2025-02-25,rolling_hedge_all_20,20,20,0.4232917987899193,0.16877864075579652,0.1711498824689552,0.1622543926538346,0.16658043336522463,0.17037592485824193,0.16086072589794703
2025-02-26,rolling_hedge_all_20,20,20,0.4232917987899193,0.1681914554679893,0.17238248192688974,0.16228443305425996,0.1641938890172963,0.17284606006535666,0.16010168046820797
2025-02-27,rolling_hedge_all_20,20,20,0.4232917987899193,0.1689465857576111,0.17076078935912997,0.16215387771606057,0.16362275815742874,0.17261855491810776,0.16189743409166185
2025-02-28,rolling_hedge_all_20,20,20,0.4232917987899193,0.16934282905928177,0.16822705426856743,0.1653218213120152,0.1647069783233131,0.17133510994643683,0.1610662070903857
2025-03-03,rolling_hedge_all_20,20,20,0.4232917987899193,0.1702074096574441,0.17122562137670036,0.16521368161012365,0.16352067049468363,0.16981983650220583,0.1600127803588423
2025-03-04,rolling_hedge_all_20,20,20,0.4232917987899193,0.1697637883769271,0.17156787850900063,0.1645002968728888,0.16637422207542063,0.16615294926378998,0.16164086490197271
2025-03-05,rolling_hedge_all_20,20,20,0.4232917987899193,0.17067278509141423,0.1706802309513049,0.16608219109168013,0.16684247738211833,0.16372664955568206,0.16199566592780032
2025-03-06,rolling_hedge_all_20,20,20,0.4232917987899193,0.17095771978312235,0.17409247204991446,0.16703244076584003,0.16357653346559636,0.15927135467717107,0.1650694792583557
2025-03-07,rolling_hedge_all_20,20,20,0.4232917987899193,0.17160917702618564,0.1761511413276006,0.16639343587111577,0.16523830514761279,0.1569142759947499,0.16369366463273521
2025-03-10,rolling_hedge_all_20,20,20,0.4232917987899193,0.17252975962961628,0.17689702570731808,0.16496229733785361,0.16749982241055833,0.1561470814408745,0.1619640134737792
2025-03-11,rolling_hedge_all_20,20,20,0.4232917987899193,0.1733771284628427,0.17903531710458334,0.16748846321792843,0.16481322934838377,0.15318100950779895,0.1621048523584628
2025-03-12,rolling_hedge_all_20,20,20,0.4232917987899193,0.17337423460737586,0.1796098201388003,0.16707089442833856,0.16349805983687063,0.15376664625511782,0.1626803447334968
2025-03-13,rolling_hedge_all_20,20,20,0.4232917987899193,0.1726925224490295,0.17932708869033148,0.16746890265467443,0.16413693908357355,0.15262153045718155,0.16375301666520956
2025-03-14,rolling_hedge_all_20,20,20,0.4232917987899193,0.17191910715166914,0.1792030852413764,0.16750168812528032,0.1667497057092507,0.14941262627700191,0.1652137874954215
2025-03-17,rolling_hedge_all_20,20,20,0.4232917987899193,0.17172767193609273,0.17848397433734176,0.16791122840323425,0.16723122350743602,0.1486250210519088,0.16602088076398655
2025-03-18,rolling_hedge_all_20,20,20,0.4232917987899193,0.17252747868486257,0.17730050368251687,0.16820197036969217,0.16875541281347461,0.14734171986302674,0.16587291458642694
2025-03-19,rolling_hedge_all_20,20,20,0.4232917987899193,0.17167244600399362,0.17837554822857674,0.16335148275652206,0.17053361524209873,0.1503203402619644,0.16574656750684438
2025-03-20,rolling_hedge_all_20,20,20,0.4232917987899193,0.17293791195473948,0.17608831507623435,0.16443422537381017,0.17293238482921688,0.14909680766863778,0.16451035509736125
2025-03-21,rolling_hedge_all_20,20,20,0.4232917987899193,0.17177656877053943,0.17411536668745806,0.16637845599834403,0.17265851805606494,0.15065208739848612,0.16441900308910762
2025-03-24,rolling_hedge_all_20,20,20,0.4232917987899193,0.171640984529128,0.17081044575708565,0.16645630448404847,0.172275719479923,0.15059132253730784,0.168225223212507
2025-03-25,rolling_hedge_all_20,20,20,0.4232917987899193,0.1703299085539663,0.1699676351298678,0.16453164919006305,0.17484212403735708,0.15173035294626863,0.16859833014247722
2025-03-26,rolling_hedge_all_20,20,20,0.4232917987899193,0.16960225044043872,0.16778201764247697,0.16570862471065348,0.1776989374267289,0.1491366598841181,0.17007150989558387
2025-03-27,rolling_hedge_all_20,20,20,0.4232917987899193,0.16804256717183874,0.16734638648783162,0.16727126389019137,0.17864387891643277,0.14698040548963823,0.1717154980440673
2025-03-28,rolling_hedge_all_20,20,20,0.4232917987899193,0.16707191024935497,0.16888252728802072,0.16160059020049858,0.17598391956270043,0.14958189602282143,0.1768791566766039
2025-03-31,rolling_hedge_all_20,20,20,0.4232917987899193,0.16592395525877476,0.16511067895408443,0.16478807317782845,0.17710573097745175,0.1514344688951296,0.175637092736731
2025-04-01,rolling_hedge_all_20,20,20,0.4232917987899193,0.1663483037377866,0.16633669095184261,0.16804070167262725,0.17234288707563306,0.15191701368322463,0.17501440287888584
2025-04-02,rolling_hedge_all_20,20,20,0.4232917987899193,0.1658317523516546,0.16844855001202733,0.16550520009941935,0.17310189117327832,0.15146492013789536,0.17564768622572505
2025-04-03,rolling_hedge_all_20,20,20,0.4232917987899193,0.16581996455349685,0.16925795585971345,0.16553494861230933,0.17457856960532164,0.15149921124053814,0.1733093501286206
2025-04-07,rolling_hedge_all_20,20,20,0.4232917987899193,0.1662535380510705,0.1642417889402741,0.1697131617505073,0.1699693163184232,0.1562031200359084,0.1736190749038165
2025-04-08,rolling_hedge_all_20,20,20,0.4232917987899193,0.16628808129988204,0.16544031816270283,0.1729366190110626,0.1663345213933861,0.15473583867656024,0.17426462145640625
2025-04-09,rolling_hedge_all_20,20,20,0.4232917987899193,0.1658490747312584,0.1639053683828749,0.17101949135269878,0.16743234808394403,0.1575762384788487,0.1742174789703753
2025-04-10,rolling_hedge_all_20,20,20,0.4232917987899193,0.16664593520291704,0.16242814996624672,0.17111895504959607,0.16932098961519823,0.1553353319898308,0.17515063817621118
2025-04-11,rolling_hedge_all_20,20,20,0.4232917987899193,0.16740465195824522,0.1591854829187278,0.17100874059267693,0.1717432507981825,0.15716933974922745,0.17348853398293998
2025-04-14,rolling_hedge_all_20,20,20,0.4232917987899193,0.16795270156532444,0.1589565056563283,0.17175386233595435,0.16973129055405234,0.15892117033726505,0.17268446955107553
2025-04-15,rolling_hedge_all_20,20,20,0.4232917987899193,0.16762963354162658,0.15922312102543904,0.17348949896885307,0.16930527574392637,0.15637848411190505,0.1739739866082499
2025-04-16,rolling_hedge_all_20,20,20,0.4232917987899193,0.16784587485777902,0.15888826908964981,0.17396555156062868,0.1661538061391347,0.15861520266882206,0.17453129568398587
2025-04-17,rolling_hedge_all_20,20,20,0.4232917987899193,0.16646364380999631,0.1580179867736013,0.17571155338865524,0.1648826509056315,0.16159144299477782,0.17333272212733783
2025-04-18,rolling_hedge_all_20,20,20,0.4232917987899193,0.16617182601770733,0.16061660854905688,0.1720404572217082,0.16486785684736263,0.16344733502316022,0.17285591634100467
2025-04-21,rolling_hedge_all_20,20,20,0.4232917987899193,0.16757747496957215,0.16186239455595236,0.1706306656655171,0.16355607899926228,0.16206213108276057,0.1743112547269355
2025-04-22,rolling_hedge_all_20,20,20,0.4232917987899193,0.16719944659090577,0.16192797491507202,0.1692714950561415,0.1655364741039974,0.16387961128642012,0.17218499804746312
2025-04-23,rolling_hedge_all_20,20,20,0.4232917987899193,0.16769355785224746,0.1595109298294029,0.17365786445452472,0.16453273605919935,0.1650015413226701,0.1696033704819555
2025-04-24,rolling_hedge_all_20,20,20,0.4232917987899193,0.167486955524243,0.16103467555063844,0.17000245773540795,0.16368210658360904,0.16687791429044807,0.17091589031565352
2025-04-25,rolling_hedge_all_20,20,20,0.4232917987899193,0.16768528528028886,0.15847826238548532,0.17038796060486947,0.16409930146302773,0.1684656439002758,0.17088354636605285
2025-04-28,rolling_hedge_all_20,20,20,0.4232917987899193,0.16710145848862404,0.15993406197359156,0.17373224664999998,0.1644930755091619,0.1681505361187344,0.16658862125988808
2025-04-29,rolling_hedge_all_20,20,20,0.4232917987899193,0.16745475582314687,0.1651704575339354,0.1694710115814017,0.16441301076383188,0.16686406049471,0.1666267038029742
2025-04-30,rolling_hedge_all_20,20,20,0.4232917987899193,0.1659233764584289,0.16768016011897163,0.16890244868302934,0.16567634864794883,0.1654058489197487,0.16641181717187267
2025-05-06,rolling_hedge_all_20,20,20,0.4232917987899193,0.16493583369813633,0.1669332093734892,0.16868856679441532,0.16342858084615328,0.16845476460612507,0.16755904468168079
2025-05-07,rolling_hedge_all_20,20,20,0.4232917987899193,0.16481332725539524,0.16244738730996233,0.16897033509449957,0.1643072649637834,0.17291295488544023,0.1665487304909192
2025-05-08,rolling_hedge_all_20,20,20,0.4232917987899193,0.16411655211140086,0.16498171949789286,0.1649438230925681,0.16685784454835587,0.1721090975590426,0.1669909631907398
2025-05-09,rolling_hedge_all_20,20,20,0.4232917987899193,0.16466380375722253,0.1646614611118505,0.16039917099223178,0.16959311611366637,0.17369188167404814,0.1669905663509807
2025-05-12,rolling_hedge_all_20,20,20,0.4232917987899193,0.16493552737721223,0.16462314836869554,0.16089631073244406,0.17028791510393387,0.17039298883279094,0.1688641095849234
2025-05-13,rolling_hedge_all_20,20,20,0.4232917987899193,0.1637254622400178,0.16479340498389883,0.1629022742953845,0.1710676195854272,0.17131831485420243,0.16619292404106917
2025-05-14,rolling_hedge_all_20,20,20,0.4232917987899193,0.1640880555191623,0.16713091731973356,0.1645919462512649,0.16967960019261938,0.1665566767093926,0.1679528040078272
2025-05-15,rolling_hedge_all_20,20,20,0.4232917987899193,0.16317883423277627,0.1658555259067241,0.16575782317562066,0.1712804692494784,0.16580672482757178,0.16812062260782878
2025-05-16,rolling_hedge_all_20,20,20,0.4232917987899193,0.16406908773971882,0.16783466044986534,0.16511458241564347,0.17200712389105544,0.16538978335132884,0.16558476215238804
2025-05-19,rolling_hedge_all_20,20,20,0.4232917987899193,0.16286787324042049,0.1699402986594046,0.16345708183659444,0.17368650344871311,0.16664571351644983,0.16340252929841761
2025-05-20,rolling_hedge_all_20,20,20,0.4232917987899193,0.16411616090186282,0.17077564122390082,0.16501521972272928,0.17694259472858023,0.16143931508819992,0.1617110683347269
2025-05-21,rolling_hedge_all_20,20,20,0.4232917987899193,0.16225698620951787,0.17142870789878414,0.16833944075610818,0.1738166142577996,0.16236557244919983,0.1617926784285904
2025-05-22,rolling_hedge_all_20,20,20,0.4232917987899193,0.16092849247390179,0.1714229254964244,0.1676105655492797,0.1781279340572345,0.16363155294913453,0.1582785294740251
2025-05-23,rolling_hedge_all_20,20,20,0.4232917987899193,0.16148997362473003,0.17355475075009635,0.1667508457441943,0.17652514891911178,0.16375515461676302,0.15792412634510453
2025-05-26,rolling_hedge_all_20,20,20,0.4232917987899193,0.162369202039396,0.17507234349931414,0.16302207221897458,0.1799827373328078,0.16147215893566289,0.15808148597384447
2025-05-27,rolling_hedge_all_20,20,20,0.4232917987899193,0.1622126354133526,0.17364555807949994,0.16415059800607726,0.1805783610302472,0.1633965313358303,0.15601631613499264
2025-05-28,rolling_hedge_all_20,20,20,0.4232917987899193,0.16232252114590978,0.1773664047262008,0.1639556320324141,0.18036576742988922,0.16015537966070562,0.15583429500488052
2025-05-29,rolling_hedge_all_20,20,20,0.4232917987899193,0.16242047366837595,0.1749677993165041,0.16537842888246598,0.18021884792372334,0.160354580816852,0.15665986939207854
2025-05-30,rolling_hedge_all_20,20,20,0.4232917987899193,0.16392988025354616,0.17218653868240194,0.1661664481355246,0.1811883438496593,0.15888046290760502,0.157648326171263
2025-06-03,rolling_hedge_all_20,20,20,0.4232917987899193,0.1641561114908573,0.16957276864478335,0.16293769070108496,0.18267446431554266,0.1630859232126203,0.15757304163511157
2025-06-04,rolling_hedge_all_20,20,20,0.4232917987899193,0.1642909392095576,0.16792769080394843,0.16592344203800669,0.17977385091201328,0.16313105946464956,0.1589530175718245
2025-06-05,rolling_hedge_all_20,20,20,0.4232917987899193,0.1643032705495263,0.16864573300317806,0.1665958933497439,0.17806035618045413,0.16310388103543777,0.15929086588165975
2025-06-06,rolling_hedge_all_20,20,20,0.4232917987899193,0.16366245807772853,0.16985498636911903,0.1682126978145128,0.1795716555507548,0.15934912671867238,0.15934907546921254
2025-06-09,rolling_hedge_all_20,20,20,0.4232917987899193,0.1633869653450751,0.16764610958742726,0.16727546357913078,0.1779361896396028,0.1621732470610842,0.16158202478767983
2025-06-10,rolling_hedge_all_20,20,20,0.4232917987899193,0.16286154133924372,0.16661223644362982,0.16689382744127212,0.1785309629836816,0.1649342647453595,0.16016716704681322
2025-06-11,rolling_hedge_all_20,20,20,0.4232917987899193,0.16274595803947867,0.16745047864585008,0.16828181982268614,0.17650874044327636,0.1668481237702469,0.15816487927846193
2025-06-12,rolling_hedge_all_20,20,20,0.4232917987899193,0.16250475327490935,0.16708368347642083,0.1677056814116891,0.17603857914766216,0.16883517940769893,0.15783212328161952
2025-06-13,rolling_hedge_all_20,20,20,0.4232917987899193,0.16150281215045567,0.16711629997606012,0.16624969952266747,0.17569926643005793,0.17236491120418337,0.15706701071657544
2025-06-16,rolling_hedge_all_20,20,20,0.4232917987899193,0.16046666149348876,0.16601523932043918,0.16582458000016861,0.17456263937767905,0.17765487662699245,0.15547600318123203
2025-06-17,rolling_hedge_all_20,20,20,0.4232917987899193,0.16208917244080445,0.1644357496761718,0.1653717681471437,0.17551281016883954,0.17481240005680815,0.1577780995102325
2025-06-18,rolling_hedge_all_20,20,20,0.4232917987899193,0.1620619415125368,0.16388548075508272,0.16351926267504735,0.1737060932989812,0.17638137836345832,0.16044584339489354
2025-06-19,rolling_hedge_all_20,20,20,0.4232917987899193,0.16324501436574393,0.1636013259874438,0.15828408820835163,0.1751115690235967,0.17834227135216044,0.16141573106270357
2025-06-20,rolling_hedge_all_20,20,20,0.4232917987899193,0.16398278781562273,0.1621406095957235,0.16031725528036964,0.17047322125494555,0.17806571237649904,0.16502041367683962
2025-06-23,rolling_hedge_all_20,20,20,0.4232917987899193,0.1637090148471859,0.16097462076451785,0.1630082728197832,0.16940332636020164,0.17539725896224342,0.16750750624606794
2025-06-24,rolling_hedge_all_20,20,20,0.4232917987899193,0.16338935739084887,0.16172725532509225,0.16502568343720955,0.16650814448223625,0.17438775930594574,0.16896180005866748
2025-06-25,rolling_hedge_all_20,20,20,0.4232917987899193,0.16399345239563795,0.1619011170674009,0.16795702704088464,0.1643571877470975,0.17288499220152095,0.168906223547458
2025-06-26,rolling_hedge_all_20,20,20,0.4232917987899193,0.16479472711967955,0.1610476689175467,0.16775291441445864,0.163470956934942,0.17327330541024605,0.1696604272031271
2025-06-27,rolling_hedge_all_20,20,20,0.4232917987899193,0.1639508928446787,0.16247156476896185,0.16771137440873002,0.16196604068287862,0.1725566458818012,0.1713434814129497
2025-06-30,rolling_hedge_all_20,20,20,0.4232917987899193,0.1626837181519779,0.1650295687466256,0.1646740726346278,0.1614600960055868,0.17649314545399844,0.16965939900718344
2025-07-01,rolling_hedge_all_20,20,20,0.4232917987899193,0.16338297395777607,0.1647865390426064,0.164376689480724,0.1610315089534116,0.1759673312778005,0.17045495728768129
2025-07-02,rolling_hedge_all_20,20,20,0.4232917987899193,0.16379729348901992,0.16295673505151406,0.16368013746654927,0.1633049044302617,0.17639632828502097,0.1698646012776341
2025-07-03,rolling_hedge_all_20,20,20,0.4232917987899193,0.1653546271579392,0.16585986053194166,0.16155924016585355,0.16443066373355536,0.17370933935488422,0.16908626905582583
2025-07-04,rolling_hedge_all_20,20,20,0.4232917987899193,0.16565676134154259,0.16822333850654872,0.16181455296276784,0.16053095771435197,0.1740376895563974,0.16973669991839152
2025-07-07,rolling_hedge_all_20,20,20,0.4232917987899193,0.16494497948946443,0.16944959622663552,0.16529699738251,0.15959851714844112,0.17322907657868852,0.16748083317426038
2025-07-08,rolling_hedge_all_20,20,20,0.4232917987899193,0.1641831146845789,0.17272429804661563,0.16624691424656346,0.15769535609252308,0.17240087087850817,0.16674944605121073
2025-07-09,rolling_hedge_all_20,20,20,0.4232917987899193,0.16464418207325054,0.17609075493242748,0.1619536095531902,0.1608440454680636,0.1670356878455389,0.1694317201275292
2025-07-10,rolling_hedge_all_20,20,20,0.4232917987899193,0.16502170260535695,0.17222704277570972,0.16101085675691904,0.16289404836319654,0.16852869772496193,0.17031765177385577
2025-07-11,rolling_hedge_all_20,20,20,0.4232917987899193,0.16548820571922837,0.17530063897889084,0.15786167055228614,0.1620031159624523,0.16891171530775223,0.17043465347939016
2025-07-14,rolling_hedge_all_20,20,20,0.4232917987899193,0.16560249357942966,0.17647018826552693,0.15825959275750656,0.16233055297207374,0.16564972440854447,0.17168744801691865
2025-07-15,rolling_hedge_all_20,20,20,0.4232917987899193,0.1646588807343081,0.17818895987251565,0.15944499268688017,0.16131279030017162,0.1647191510981046,0.1716752253080199
2025-07-16,rolling_hedge_all_20,20,20,0.4232917987899193,0.16479677124420483,0.1766759783388081,0.16119776558092044,0.15803620640750993,0.16482878216753016,0.17446449626102647
2025-07-17,rolling_hedge_all_20,20,20,0.4232917987899193,0.16464074830056022,0.17264207250823535,0.1686770291574353,0.15776320313846467,0.1616286223001387,0.17464832459516583
2025-07-18,rolling_hedge_all_20,20,20,0.4232917987899193,0.16334908680294796,0.17809339862470047,0.16961550879901885,0.15868543716477226,0.15953776116183013,0.17071880744673026
2025-07-21,rolling_hedge_all_20,20,20,0.4232917987899193,0.1629961541839504,0.18174476412015392,0.16475147067291251,0.1607803019588649,0.16231281612248497,0.16741449294163332
2025-07-22,rolling_hedge_all_20,20,20,0.4232917987899193,0.1624019577761769,0.18523017529927807,0.16405794875604462,0.16019799146079913,0.1618297656817226,0.16628216102597862
2025-07-23,rolling_hedge_all_20,20,20,0.4232917987899193,0.16154792548072613,0.1884681509479536,0.16297233135889908,0.1599155477876983,0.1609534309351811,0.1661426134895419
2025-07-24,rolling_hedge_all_20,20,20,0.4232917987899193,0.16038160223024311,0.19086239528623836,0.16265897038929394,0.1579862998122822,0.16290003776590972,0.1652106945160326
2025-07-25,rolling_hedge_all_20,20,20,0.4232917987899193,0.16171794515484061,0.19200718192104033,0.16105428550236506,0.1582304654436581,0.163427407835232,0.1635627141428638
2025-07-28,rolling_hedge_all_20,20,20,0.4232917987899193,0.16241230581124486,0.18576635581811846,0.1641649098317943,0.1582335012861599,0.16399089508489972,0.16543203216778277
2025-07-29,rolling_hedge_all_20,20,20,0.4232917987899193,0.1628632679734741,0.18795599112318875,0.16420744379154803,0.15569620974743403,0.1636900774206239,0.16558700994373118
2025-07-30,rolling_hedge_all_20,20,20,0.4232917987899193,0.16245827098999707,0.18963206307683705,0.16230135146374305,0.15704761126708583,0.16250525487504444,0.16605544832729252
2025-07-31,rolling_hedge_all_20,20,20,0.4232917987899193,0.1612247671959678,0.18726154870056394,0.1626973080098682,0.1571542766631174,0.16465412960901557,0.16700796982146704
2025-08-01,rolling_hedge_all_20,20,20,0.4232917987899193,0.1627424085187951,0.18322834204155652,0.16330035498919818,0.1613764655990752,0.16521186435277269,0.16414056449860237
2025-08-04,rolling_hedge_all_20,20,20,0.4232917987899193,0.16472741463721155,0.18060429814386728,0.16214334290315324,0.1621770863833839,0.16296238757841702,0.167385470353967
2025-08-05,rolling_hedge_all_20,20,20,0.4232917987899193,0.1658465670187695,0.18083391879986574,0.16115165349999314,0.1612788850760566,0.16247714166728594,0.16841183393802928
2025-08-06,rolling_hedge_all_20,20,20,0.4232917987899193,0.16589953346485,0.18001241675587568,0.1612585178769253,0.15797717108056608,0.1653060853600493,0.16954627546173368
2025-08-07,rolling_hedge_all_20,20,20,0.4232917987899193,0.16383421921671013,0.18692272269668608,0.1626024072624662,0.1540691722171661,0.16363235803099485,0.1689391205759766
2025-08-08,rolling_hedge_all_20,20,20,0.4232917987899193,0.1652632920658345,0.18883909844376293,0.16290619745497775,0.15496492535919926,0.15840416391794948,0.1696223227582761
2025-08-11,rolling_hedge_all_20,20,20,0.4232917987899193,0.16534464579031216,0.18831701971484038,0.16242312962448632,0.15524062721945217,0.16051723448549163,0.16815734316541728
2025-08-12,rolling_hedge_all_20,20,20,0.4232917987899193,0.16457255459383846,0.1869938145184127,0.16445540557189245,0.15417187197375698,0.16320144374232579,0.16660490959977362
2025-08-13,rolling_hedge_all_20,20,20,0.4232917987899193,0.16396189960965524,0.1866421844779268,0.16658754676051155,0.15765087030578884,0.1622358757815515,0.1629216230645661
2025-08-14,rolling_hedge_all_20,20,20,0.4232917987899193,0.16423422879749836,0.18814062350359048,0.16496468431306038,0.15938695865780197,0.16155296352354254,0.16172054120450627
2025-08-15,rolling_hedge_all_20,20,20,0.4232917987899193,0.1655133057617863,0.18524917488868278,0.16234799946913053,0.1615470816347864,0.16226023194634698,0.16308220629926695
2025-08-18,rolling_hedge_all_20,20,20,0.4232917987899193,0.16622957675476288,0.1819484572148217,0.16510753320395183,0.1593960490753039,0.16289387775776945,0.16442450599339029
2025-08-19,rolling_hedge_all_20,20,20,0.4232917987899193,0.16707076676164068,0.17816175079333194,0.16696895934910017,0.1597086843590298,0.16407489882941764,0.16401493990747976
2025-08-20,rolling_hedge_all_20,20,20,0.4232917987899193,0.16776929078900069,0.1738321613977858,0.16748783405465045,0.1606737815526767,0.1667023924637752,0.16353453974211113
2025-08-21,rolling_hedge_all_20,20,20,0.4232917987899193,0.16863953880353363,0.1742700705912187,0.1667450300519239,0.1632901249271241,0.16425601293865344,0.1627992226875461
2025-08-22,rolling_hedge_all_20,20,20,0.4232917987899193,0.16824682613506323,0.17251626883402293,0.16961285781185864,0.16393735372694787,0.16304805827313257,0.16263863521897473
2025-08-25,rolling_hedge_all_20,20,20,0.4232917987899193,0.16753728057020548,0.17618445907218072,0.17038408688051274,0.16209180714359603,0.16129774797025948,0.16250461836324556
2025-08-26,rolling_hedge_all_20,20,20,0.4232917987899193,0.1667001728796175,0.17447475204220306,0.17176025804675987,0.16381360018292798,0.1604916131577529,0.16275960369073858
2025-08-27,rolling_hedge_all_20,20,20,0.4232917987899193,0.16809350001188889,0.17543559536953252,0.17101695103792347,0.16199193000504108,0.15932539198002293,0.16413663159559105
2025-08-28,rolling_hedge_all_20,20,20,0.4232917987899193,0.16763609338422594,0.17479152382280488,0.17304941612311434,0.16258168113707414,0.1561034326193534,0.16583785291342742
2025-08-29,rolling_hedge_all_20,20,20,0.4232917987899193,0.16566726269506277,0.1740814396025413,0.1722182464122584,0.16200313508424316,0.15821199937563626,0.1678179168302579
2025-09-01,rolling_hedge_all_20,20,20,0.4232917987899193,0.1643480405644313,0.17596385578551776,0.17185728064829586,0.1629130868254332,0.16104581228276527,0.16387192389355656
2025-09-02,rolling_hedge_all_20,20,20,0.4232917987899193,0.16339828399328885,0.17578109949362794,0.17091365131692066,0.16519580574158635,0.1601107056772732,0.16460045377730292
2025-09-03,rolling_hedge_all_20,20,20,0.4232917987899193,0.1642333302566367,0.1720803779808897,0.1736558266078157,0.16605991691185307,0.1608868546845742,0.16308369355823055
2025-09-04,rolling_hedge_all_20,20,20,0.4232917987899193,0.16678310047789904,0.16958380966119757,0.17224117618123916,0.16710450524416268,0.16129085911969732,0.16299654931580412
2025-09-05,rolling_hedge_all_20,20,20,0.4232917987899193,0.16593700539464024,0.1641571256889822,0.17447344522449412,0.16564183277899575,0.1660628044082854,0.16372778650460224
2025-09-08,rolling_hedge_all_20,20,20,0.4232917987899193,0.1647442896645092,0.16501907297958962,0.175667872066602,0.16432823626513401,0.16384120672304972,0.16639932230111526
2025-09-09,rolling_hedge_all_20,20,20,0.4232917987899193,0.1660864958312796,0.1631788291042271,0.16968883900781767,0.16718876303680252,0.16514092158044763,0.1687161514394256
2025-09-10,rolling_hedge_all_20,20,20,0.4232917987899193,0.16553804069510833,0.1655465274880365,0.1653819769834243,0.16661870838841256,0.1676748708695326,0.1692398755754857
2025-09-11,rolling_hedge_all_20,20,20,0.4232917987899193,0.16522479905304946,0.16467274132594875,0.16585622798455568,0.1654200356614211,0.16714282774152892,0.17168336823349606
2025-09-12,rolling_hedge_all_20,20,20,0.4232917987899193,0.16502784168593457,0.16071048598822754,0.16889716254876658,0.16540609097264616,0.1689634278872511,0.17099499091717402
2025-09-15,rolling_hedge_all_20,20,20,0.4232917987899193,0.16422807759970046,0.16493999301638407,0.16807989148005206,0.1685478602373195,0.16519163185629324,0.16901254581025077
2025-09-16,rolling_hedge_all_20,20,20,0.4232917987899193,0.16335080433652627,0.16538589540854046,0.16468339712697774,0.16799796098916747,0.16839834510768167,0.17018359703110633
2025-09-17,rolling_hedge_all_20,20,20,0.4232917987899193,0.16500284849865618,0.16529712300472985,0.1642751655815099,0.16870662023444216,0.16527491698413402,0.17144332569652787
2025-09-18,rolling_hedge_all_20,20,20,0.4232917987899193,0.16494096365536856,0.1625639949580741,0.16577142034311818,0.16683089622897074,0.16493401667531218,0.17495870813915618
2025-09-19,rolling_hedge_all_20,20,20,0.4232917987899193,0.16487075097117979,0.1630359951820014,0.16666808513269207,0.1672210211534772,0.16373505117004442,0.17446909639060523
2025-09-22,rolling_hedge_all_20,20,20,0.4232917987899193,0.16611538776228374,0.1635179898919801,0.1647234475424346,0.1692668848556103,0.16242464673997145,0.17395164320771977
2025-09-23,rolling_hedge_all_20,20,20,0.4232917987899193,0.16710539014800888,0.16405987841142686,0.1663149979874166,0.1701496304456739,0.16059602810331403,0.1717740749041597
2025-09-24,rolling_hedge_all_20,20,20,0.4232917987899193,0.16654414218387217,0.16378489895467752,0.16948283921794333,0.17124810790923423,0.16098985086069498,0.16795016087357778
2025-09-25,rolling_hedge_all_20,20,20,0.4232917987899193,0.16713170981505676,0.16222703190342416,0.16962394499214709,0.16982459365769523,0.16442854931465273,0.16676417031702398
2025-09-26,rolling_hedge_all_20,20,20,0.4232917987899193,0.16831850639714463,0.16607958335729656,0.16921249528417487,0.16849082886121153,0.16232052697299695,0.1655780591271755
2025-09-29,rolling_hedge_all_20,20,20,0.4232917987899193,0.16745421899968857,0.16802953866245973,0.1695498278451382,0.17130212633548292,0.15756201735316935,0.16610227080406126
2025-09-30,rolling_hedge_all_20,20,20,0.4232917987899193,0.1687728496459814,0.1641817047236385,0.1688369515166462,0.17018232683726578,0.16123174102368074,0.16679442625278731
2025-10-09,rolling_hedge_all_20,20,20,0.4232917987899193,0.16799025697669326,0.16391435264070653,0.16999416306897622,0.17268143765384897,0.1597722164231314,0.16564757323664353
2025-10-10,rolling_hedge_all_20,20,20,0.4232917987899193,0.16665662865522038,0.16554339385451075,0.16976510134676606,0.1737828547616759,0.15679340260504296,0.167458618776784
2025-10-13,rolling_hedge_all_20,20,20,0.4232917987899193,0.1674582465572714,0.16562007652568222,0.1694164576081933,0.17569043928008143,0.15406832875423482,0.1677464512745368
2025-10-14,rolling_hedge_all_20,20,20,0.4232917987899193,0.16960687347110834,0.16418485136002164,0.1684099872817108,0.17572866050625843,0.15486991148562892,0.16719971589527188
2025-10-15,rolling_hedge_all_20,20,20,0.4232917987899193,0.16843519634721188,0.1666458196135903,0.17073056423865401,0.1737665755668091,0.15493722290653653,0.16548462132719824
2025-10-16,rolling_hedge_all_20,20,20,0.4232917987899193,0.16917849511230132,0.16526231602454727,0.17457376405269073,0.1725343771906324,0.1519049279642033,0.1665461196556251
2025-10-17,rolling_hedge_all_20,20,20,0.4232917987899193,0.168718194102353,0.16743843688699767,0.17166712173842563,0.17431844698012533,0.15174991349890787,0.16610788679319055
2025-10-20,rolling_hedge_all_20,20,20,0.4232917987899193,0.16903952670811762,0.1694409926095156,0.16912080812796484,0.1753587642100967,0.1506172156918246,0.16642269265248064
2025-10-21,rolling_hedge_all_20,20,20,0.4232917987899193,0.16885862852590178,0.16792746225905067,0.17000871259338293,0.1733887551859436,0.15349228089861877,0.16632416053710236
2025-10-22,rolling_hedge_all_20,20,20,0.4232917987899193,0.16845805330001395,0.16932314270064774,0.17143045145623356,0.17345363719479678,0.15160604477554998,0.16572867057275795
2025-10-23,rolling_hedge_all_20,20,20,0.4232917987899193,0.16747374377374127,0.16837710950883877,0.17019838191832867,0.17300490185306755,0.15178989693648717,0.1691559660095367
2025-10-24,rolling_hedge_all_20,20,20,0.4232917987899193,0.16667029971974884,0.1714760830217175,0.16784533749435063,0.1723568509005989,0.1546806847175666,0.16697074414601754
2025-10-27,rolling_hedge_all_20,20,20,0.4232917987899193,0.16708046448077224,0.17091945330261893,0.16546580744271353,0.1713893865619084,0.15740379963779086,0.167741088574196
2025-10-28,rolling_hedge_all_20,20,20,0.4232917987899193,0.1661502967827142,0.16864115431597074,0.1666475783807565,0.169368724299704,0.1595946142076418,0.1695976320132128
2025-10-29,rolling_hedge_all_20,20,20,0.4232917987899193,0.16455889084251846,0.16767189087302553,0.16735438658245877,0.1688469543287957,0.16114565654612864,0.1704222208270728
2025-10-30,rolling_hedge_all_20,20,20,0.4232917987899193,0.16446086596852394,0.16742150936177286,0.1664839553416901,0.16969779610662095,0.16153759534062384,0.17039827788076825
2025-10-31,rolling_hedge_all_20,20,20,0.4232917987899193,0.16486699168310637,0.16944571786936258,0.1647584028198063,0.16979276674739424,0.15970020001594287,0.17143592086438753
2025-11-03,rolling_hedge_all_20,20,20,0.4232917987899193,0.1644753892147734,0.16422265354976098,0.1653233052234423,0.17033489472330335,0.16349065618803457,0.1721531011006854
2025-11-04,rolling_hedge_all_20,20,20,0.4232917987899193,0.16514701901660964,0.16230644742915226,0.1659917397240038,0.16794188528155002,0.16472593972420727,0.17388696882447705
2025-11-05,rolling_hedge_all_20,20,20,0.4232917987899193,0.16541247586808244,0.16108023060035265,0.16685592911246658,0.16955129178124922,0.16185192053722788,0.17524815210062114
2025-11-06,rolling_hedge_all_20,20,20,0.4232917987899193,0.16460837734486672,0.1644469998523118,0.1636608501093219,0.1679870372006775,0.16027024947607715,0.17902648601674492
2025-11-07,rolling_hedge_all_20,20,20,0.4232917987899193,0.16414433581279472,0.1660418883072459,0.16183158872367806,0.16770241411101108,0.1599658902627032,0.18031388278256705
2025-11-10,rolling_hedge_all_20,20,20,0.4232917987899193,0.1632074809063793,0.16515660019945658,0.1647443004594274,0.16751976984756003,0.1590584109757042,0.18031343761147245
2025-11-11,rolling_hedge_all_20,20,20,0.4232917987899193,0.16298304647546893,0.16296680493220042,0.16530187739979255,0.1666964183284533,0.1618805256773526,0.18017132718673226
2025-11-12,rolling_hedge_all_20,20,20,0.4232917987899193,0.16249925674037322,0.16467954349114813,0.16284566076644205,0.16655189868864495,0.16139529882144146,0.18202834149195024
2025-11-13,rolling_hedge_all_20,20,20,0.4232917987899193,0.1613116829146059,0.16801358184322093,0.15982218648949068,0.16490016657715786,0.16490442862669627,0.1810479535488284
2025-11-14,rolling_hedge_all_20,20,20,0.4232917987899193,0.16228670493580036,0.16568169204780414,0.1617592925583316,0.1644265739696462,0.1659238386568353,0.17992189783158247
2025-11-17,rolling_hedge_all_20,20,20,0.4232917987899193,0.16216501683766885,0.16758260290449503,0.16192183715920616,0.1626033341470727,0.16575484747300265,0.1799723614785547
2025-11-18,rolling_hedge_all_20,20,20,0.4232917987899193,0.1629281034896924,0.16773152655441834,0.16325146777338237,0.1637145601041174,0.16244392458367415,0.17993041749471533
2025-11-19,rolling_hedge_all_20,20,20,0.4232917987899193,0.1633898506718688,0.16688131918584764,0.16315338119340322,0.16517779241247196,0.1601897039722475,0.1812079525641609
2025-11-20,rolling_hedge_all_20,20,20,0.4232917987899193,0.1623531981958532,0.16861772600808525,0.16506607755210043,0.16552243313046153,0.15915199889362305,0.17928856621987663
2025-11-21,rolling_hedge_all_20,20,20,0.4232917987899193,0.16293471728361306,0.16691681584562085,0.165847095089902,0.16756916339214073,0.1572653547497056,0.17946685363901785
2025-11-24,rolling_hedge_all_20,20,20,0.4232917987899193,0.1643237848754911,0.1680039539325729,0.16310456197512518,0.169186006356527,0.15538231948285564,0.17999937337742822
2025-11-25,rolling_hedge_all_20,20,20,0.4232917987899193,0.16426895453579077,0.16837100190445173,0.16314579538428423,0.17123079561887375,0.15261704357954825,0.18036640897705136
2025-11-26,rolling_hedge_all_20,20,20,0.4232917987899193,0.1643424548654027,0.1670008287630487,0.16027764680551576,0.17458619236984577,0.15373889376512792,0.18005398343105922
2025-11-27,rolling_hedge_all_20,20,20,0.4232917987899193,0.1641487270776666,0.1675409819650916,0.15780035566741557,0.17491850970276202,0.15432123046980317,0.18127019511726106
2025-11-28,rolling_hedge_all_20,20,20,0.4232917987899193,0.1641986585383827,0.1648354398291505,0.1579711471080631,0.17610097559759855,0.15527768327825933,0.18161609564854592
2025-12-01,rolling_hedge_all_20,20,20,0.4232917987899193,0.16348902839481885,0.1664110068620217,0.15843036788317041,0.1758655275704553,0.15276078849385386,0.18304328079567983
2025-12-02,rolling_hedge_all_20,20,20,0.4232917987899193,0.16290216350842318,0.164674963508561,0.1601831157443927,0.17342531443942732,0.15715051534746702,0.18166392745172874
2025-12-03,rolling_hedge_all_20,20,20,0.4232917987899193,0.16257315898899452,0.16988074437368852,0.1590894539816069,0.16975072267173855,0.15984949032911228,0.1788564296548592
2025-12-04,rolling_hedge_all_20,20,20,0.4232917987899193,0.1633703523883062,0.17038128086728366,0.1607626910501407,0.16816021545344045,0.1610558410458399,0.17626961919498904
2025-12-05,rolling_hedge_all_20,20,20,0.4232917987899193,0.1638179806665803,0.16646152267791506,0.16172519807631763,0.16818233770044916,0.16564002462507588,0.174172936253662
2025-12-08,rolling_hedge_all_20,20,20,0.4232917987899193,0.16430949856260743,0.16922864536846982,0.15866730834795603,0.16953445953282542,0.16439151374504632,0.17386857444309495
2025-12-09,rolling_hedge_all_20,20,20,0.4232917987899193,0.16489898874745054,0.16991529816072018,0.1588068912799836,0.17038385016702365,0.16311424707260902,0.17288072457221293
2025-12-10,rolling_hedge_all_20,20,20,0.4232917987899193,0.16585153242611567,0.16865072765981884,0.16307582935763396,0.17096351203970345,0.16017465693688596,0.1712837415798422
2025-12-11,rolling_hedge_all_20,20,20,0.4232917987899193,0.1658460395358755,0.16645351591028654,0.16537718822497807,0.17230599717311645,0.15986780139333429,0.17014945776240903
2025-12-12,rolling_hedge_all_20,20,20,0.4232917987899193,0.16391425043962538,0.17130700409122798,0.16178213124135796,0.1722321656318628,0.16240269143171093,0.16836175716421503
2025-12-15,rolling_hedge_all_20,20,20,0.4232917987899193,0.16498770508521765,0.16817683815037396,0.16529833383697343,0.17132690299611908,0.1617527817962924,0.16845743813502348
2025-12-16,rolling_hedge_all_20,20,20,0.4232917987899193,0.1641105412008509,0.16911217119013,0.16268131970949531,0.17384006429198406,0.16177254524538456,0.16848335836215508
2025-12-17,rolling_hedge_all_20,20,20,0.4232917987899193,0.16450818254345712,0.17059721148262363,0.163142141469536,0.17191199330079704,0.16217492472427514,0.16766554647931106
2025-12-18,rolling_hedge_all_20,20,20,0.4232917987899193,0.16516782265054022,0.16839360924280183,0.16155780466265868,0.17202529703486852,0.16592220166831662,0.16693326474081419
2025-12-19,rolling_hedge_all_20,20,20,0.4232917987899193,0.16569378084495517,0.16798433099651475,0.16087240654618787,0.17150821284163026,0.16629544302722551,0.16764582574348633
2025-12-22,rolling_hedge_all_20,20,20,0.4232917987899193,0.16433436597830187,0.16528693442937545,0.16247547628741157,0.1724848724094638,0.1683892521114066,0.1670290987840407
2025-12-23,rolling_hedge_all_20,20,20,0.4232917987899193,0.1637690247984635,0.16566023492861154,0.16385905073910165,0.17104364526178897,0.17083518037983167,0.16483286389220267
2025-12-24,rolling_hedge_all_20,20,20,0.4232917987899193,0.1654414307943544,0.16814975703794388,0.161526602433136,0.16873284654223672,0.16940625210954693,0.16674311108278198
2025-12-25,rolling_hedge_all_20,20,20,0.4232917987899193,0.1651194177600615,0.1650509122831127,0.16362215409543593,0.16841455287681384,0.17031215642870468,0.16748080655587136
2025-12-26,rolling_hedge_all_20,20,20,0.4232917987899193,0.16451778731860306,0.16676137009471834,0.16441054234751137,0.17024449555758667,0.1689242770751861,0.1651415276063945
2025-12-29,rolling_hedge_all_20,20,20,0.4232917987899193,0.16538053509524825,0.1668717747421163,0.16445951309196136,0.1688461690493291,0.16881643234343394,0.16562557567791114
2025-12-30,rolling_hedge_all_20,20,20,0.4232917987899193,0.1660104976719179,0.1682644955785351,0.1626066802144437,0.1725455746713083,0.16527550535699215,0.1652972465068029
2025-12-31,rolling_hedge_all_20,20,20,0.4232917987899193,0.16703547768669733,0.1651284741218902,0.1629544904870029,0.1771901240255814,0.16012012435605097,0.1675713093227771
2026-01-05,rolling_hedge_all_20,20,20,0.4232917987899193,0.16669297844843975,0.16317147485630024,0.1638014293191203,0.18039755499446367,0.15915246532161365,0.16678409706006253
2026-01-06,rolling_hedge_all_20,20,20,0.4232917987899193,0.16652901022518007,0.16601321227441312,0.1643399929139481,0.17810884859770312,0.15888137570468147,0.166127560284074
2026-01-07,rolling_hedge_all_20,20,20,0.4232917987899193,0.1667745212151228,0.16552435039278984,0.16337977417646812,0.1745648574186905,0.1614216658961465,0.16833483090078225
2026-01-08,rolling_hedge_all_20,20,20,0.4232917987899193,0.16538738065173703,0.16583868578261107,0.16374134544358163,0.17461300534316113,0.1618699543036582,0.1685496284752511
2026-01-09,rolling_hedge_all_20,20,20,0.4232917987899193,0.16455807738662345,0.16473967226670364,0.16438533070593245,0.1734230797303579,0.1647507659942919,0.16814307391609076
2026-01-12,rolling_hedge_all_20,20,20,0.4232917987899193,0.16627854165661107,0.1622418800060953,0.16481440937971167,0.17381998740566024,0.1623704407965653,0.17047474075535654
2026-01-13,rolling_hedge_all_20,20,20,0.4232917987899193,0.16808626407790878,0.1590370357736365,0.16514816256242446,0.1725351309106737,0.16310505576712334,0.17208835090823332
2026-01-14,rolling_hedge_all_20,20,20,0.4232917987899193,0.16707102600253054,0.15983325487382657,0.1619757231576757,0.17625015982667508,0.16282037606871427,0.17204946007057784
2026-01-15,rolling_hedge_all_20,20,20,0.4232917987899193,0.16787614318206667,0.15861559653266097,0.16630811342771448,0.17196304952605818,0.1626661859067664,0.17257091142473333
2026-01-16,rolling_hedge_all_20,20,20,0.4232917987899193,0.16769875993519578,0.15564312770441524,0.16779468864341077,0.17394946557392774,0.16244842003766857,0.17246553810538195
2026-01-19,rolling_hedge_all_20,20,20,0.4232917987899193,0.166716091118591,0.15743762415319343,0.1697993304890628,0.17249523886807627,0.1608166224936438,0.17273509287743274
2026-01-20,rolling_hedge_all_20,20,20,0.4232917987899193,0.16538194367566092,0.15744884562080488,0.16946738868602693,0.17240258435931852,0.16255195634085007,0.1727472813173386
2026-01-21,rolling_hedge_all_20,20,20,0.4232917987899193,0.16680918823620022,0.158843524412816,0.1724240224906414,0.17104519600770057,0.15971898730722123,0.17115908154542064
2026-01-22,rolling_hedge_all_20,20,20,0.4232917987899193,0.16755462881816846,0.15945400584773167,0.16997132788997696,0.17258027827243083,0.15759074307528,0.1728490160964121
2026-01-23,rolling_hedge_all_20,20,20,0.4232917987899193,0.1669202292145765,0.15995054381277082,0.17021684116062558,0.17209504628469507,0.15993174180430586,0.17088559772302614
2026-01-26,rolling_hedge_all_20,20,20,0.4232917987899193,0.16754708132243534,0.16196267841359172,0.16940756869024962,0.17207494059607015,0.1580014769423821,0.1710062540352711
2026-01-27,rolling_hedge_all_20,20,20,0.4232917987899193,0.16731661584333601,0.16325104888339748,0.1712152966530497,0.1670767671282404,0.16152850330799873,0.16961176818397777
2026-01-28,rolling_hedge_all_20,20,20,0.4232917987899193,0.1670314450193326,0.1646498577323321,0.1701273980922089,0.16765280155918366,0.16081493272254524,0.16972356487439755
2026-01-29,rolling_hedge_all_20,20,20,0.4232917987899193,0.1661418381442551,0.16510877713035088,0.16726429120129382,0.16732781178885675,0.16371935215430933,0.17043792958093407
2026-01-30,rolling_hedge_all_20,20,20,0.4232917987899193,0.16520137984165456,0.16649195595844676,0.16832804844818186,0.16599708571555563,0.16543051847501605,0.16855101156114505
2026-02-02,rolling_hedge_all_20,20,20,0.4232917987899193,0.16532431041441945,0.1673599504404069,0.16836570252463867,0.16272801643303053,0.1659419656184562,0.17028005456904816
2026-02-03,rolling_hedge_all_20,20,20,0.4232917987899193,0.16605092324372808,0.16562658104722117,0.16774320642853535,0.1642267862312682,0.16433405943762586,0.17201844361162127
2026-02-04,rolling_hedge_all_20,20,20,0.4232917987899193,0.16650373383713216,0.16643049057423942,0.1676194364486597,0.16507948515095577,0.16620086073531223,0.1681659932537007
2026-02-05,rolling_hedge_all_20,20,20,0.4232917987899193,0.16666515733097556,0.16762245504448475,0.1692698720259647,0.16465643286686885,0.16450028891217972,0.1672857938195263
2026-02-06,rolling_hedge_all_20,20,20,0.4232917987899193,0.16863555922250517,0.16627271294375562,0.16920516636934174,0.1642468124270588,0.1628425644461568,0.16879718459118168
2026-02-09,rolling_hedge_all_20,20,20,0.4232917987899193,0.16779629267813603,0.1655916319229356,0.16712139575478052,0.16426345272914408,0.16638838230036243,0.16883884461464127
2026-02-10,rolling_hedge_all_20,20,20,0.4232917987899193,0.16715534867247978,0.1662730073580107,0.16837356169038495,0.1655634310213952,0.16513358388346017,0.16750106737426915
2026-02-11,rolling_hedge_all_20,20,20,0.4232917987899193,0.16685766785389256,0.16801674454868273,0.16817552875546204,0.16192831333427612,0.16755574253274313,0.16746600297494335
2026-02-12,rolling_hedge_all_20,20,20,0.4232917987899193,0.1673310581866655,0.16620710250030238,0.16417602817840174,0.1616183014983118,0.17183037517745472,0.1688371344588639
2026-02-13,rolling_hedge_all_20,20,20,0.4232917987899193,0.16667567357512797,0.16691062482174898,0.1631522994720172,0.16111703436655095,0.1757260305812663,0.16641833718328852
2026-02-24,rolling_hedge_all_20,20,20,0.4232917987899193,0.16964582126989183,0.1693197985485126,0.15942014478736027,0.16153605229346166,0.1751740101036557,0.1649041729971179
2026-02-25,rolling_hedge_all_20,20,20,0.4232917987899193,0.1706669608531436,0.1678975316745324,0.16205031074032142,0.16230916154676434,0.17471233415410642,0.16236370103113187
2026-02-26,rolling_hedge_all_20,20,20,0.4232917987899193,0.16947251146909612,0.16687761761771805,0.1600933703084889,0.16140484096127783,0.17719800523755674,0.16495365440586235
2026-02-27,rolling_hedge_all_20,20,20,0.4232917987899193,0.16947049974645279,0.16662811815614406,0.16012647061513094,0.16204132423417114,0.17687894705722343,0.16485464019087762
2026-03-02,rolling_hedge_all_20,20,20,0.4232917987899193,0.16828295534450313,0.16450818452554883,0.1638616914295104,0.1622970414416609,0.17552509866151172,0.16552502859726506
2026-03-03,rolling_hedge_all_20,20,20,0.4232917987899193,0.1673926273739425,0.16473002796484382,0.16369646208415203,0.1607811868806488,0.1772843010604014,0.1661153946360115
2026-03-04,rolling_hedge_all_20,20,20,0.4232917987899193,0.16704670492385976,0.16274041993043428,0.16275165822455775,0.1641080366840611,0.17440409207599283,0.16894908816109416
2026-03-05,rolling_hedge_all_20,20,20,0.4232917987899193,0.1678703846636617,0.16133695012937732,0.16318555673000532,0.1632678265810612,0.17568498249236608,0.16865429940352836
2026-03-06,rolling_hedge_all_20,20,20,0.4232917987899193,0.16806648718454265,0.1628692502017226,0.16875162720226583,0.15958960387089982,0.1735588418075744,0.1671641897329947
2026-03-09,rolling_hedge_all_20,20,20,0.4232917987899193,0.1677599538677927,0.1633570935234007,0.17136681446400331,0.1571563768361877,0.17214704501965594,0.16821271628895962
2026-03-10,rolling_hedge_all_20,20,20,0.4232917987899193,0.16675335944371378,0.1619611102328838,0.1706233781351262,0.15583387124927828,0.17444696727347625,0.1703813136655217
2026-03-11,rolling_hedge_all_20,20,20,0.4232917987899193,0.16615306009706968,0.1595396488141611,0.17127188647101968,0.157193729380508,0.1761085559450992,0.16973311929214227
2026-03-12,rolling_hedge_all_20,20,20,0.4232917987899193,0.16563229988161068,0.15762533082906266,0.1731342609719643,0.15681004483761912,0.17285419094624943,0.17394387253349386
2026-03-13,rolling_hedge_all_20,20,20,0.4232917987899193,0.1657101019962745,0.15986957925208023,0.16848579132936922,0.15614814400982532,0.17590620094190765,0.1738801824705431
2026-03-16,rolling_hedge_all_20,20,20,0.4232917987899193,0.16457639633376347,0.1625418101586862,0.16638459885351145,0.15764912895724892,0.17513826587623763,0.17370979982055226
2026-03-17,rolling_hedge_all_20,20,20,0.4232917987899193,0.1662176360170871,0.1655143826385333,0.1648763444518165,0.15679785304312324,0.17247749010791294,0.17411629374152693
2026-03-18,rolling_hedge_all_20,20,20,0.4232917987899193,0.1656377824776537,0.16368745425400252,0.16420975356550632,0.15710109760604735,0.17366838336355164,0.17569552873323846
2026-03-19,rolling_hedge_all_20,20,20,0.4232917987899193,0.16598698693147992,0.16486686808500806,0.1651224380430754,0.1594876584536792,0.17048493909042317,0.1740511093963342
2026-03-20,rolling_hedge_all_20,20,20,0.4232917987899193,0.1661891486449775,0.1645286313413168,0.16791430620297426,0.15916331923877208,0.1679012400035484,0.17430335456841098
2026-03-23,rolling_hedge_all_20,20,20,0.4232917987899193,0.16694023222751428,0.16332848261596464,0.16677568672857493,0.15836337778797907,0.16705414418284542,0.17753807645712158
2026-03-24,rolling_hedge_all_20,20,20,0.4232917987899193,0.16533364620651236,0.16043959445420744,0.1685917898091162,0.16019935249332679,0.17011557908779573,0.1753200379490414
2026-03-25,rolling_hedge_all_20,20,20,0.4232917987899193,0.16523879963847193,0.16329298196404235,0.16807009954480104,0.15978178798466675,0.16741874281803262,0.17619758804998523
2026-03-26,rolling_hedge_all_20,20,20,0.4232917987899193,0.16500080381402923,0.16330873167326618,0.17020593054356023,0.15923207864209252,0.16664712735372358,0.1756053279733282
2026-03-27,rolling_hedge_all_20,20,20,0.4232917987899193,0.16574623461329124,0.16381436942266175,0.16882320400873121,0.15600484622972088,0.1676741852341078,0.17793716049148706
2026-03-30,rolling_hedge_all_20,20,20,0.4232917987899193,0.1655614225668487,0.16408576562099889,0.1685369220892279,0.15681245000006985,0.16697991483673294,0.17802352488612178
2026-03-31,rolling_hedge_all_20,20,20,0.4232917987899193,0.16613144993236162,0.16451951622743705,0.16974721547392901,0.15743661957281063,0.16441083958282082,0.17775435921064076
2026-04-01,rolling_hedge_all_20,20,20,0.4232917987899193,0.16746453080033383,0.16600062773616311,0.16980428253894164,0.15636349346089207,0.16296250030282652,0.17740456516084294
2026-04-02,rolling_hedge_all_20,20,20,0.4232917987899193,0.16555280748922302,0.16952040332341214,0.17126841058157508,0.15614215917094876,0.16036205249822563,0.17715416693661543
2026-04-03,rolling_hedge_all_20,20,20,0.4232917987899193,0.1669173798340445,0.16682342410657794,0.16787832899748048,0.15920618950851775,0.16061030986353955,0.1785643676898397
2026-04-07,rolling_hedge_all_20,20,20,0.4232917987899193,0.16871739547886247,0.16353900576522087,0.16452931422396969,0.16185616287055807,0.16407778842541004,0.17728033323597878
2026-04-08,rolling_hedge_all_20,20,20,0.4232917987899193,0.1697477022863178,0.1643921626957909,0.1654268049850078,0.1658034775147752,0.16147001306935352,0.17315983944875468
2026-04-09,rolling_hedge_all_20,20,20,0.4232917987899193,0.16928530140977352,0.16758402749442367,0.16592716313725206,0.1641410546290128,0.1611671095513098,0.17189534377822818
2026-04-10,rolling_hedge_all_20,20,20,0.4232917987899193,0.16849649946081677,0.16946504809927493,0.16517048057354372,0.16362058281812106,0.16327438872012287,0.16997300032812065
2026-04-13,rolling_hedge_all_20,20,20,0.4232917987899193,0.1693448195087309,0.16589198760516574,0.17075422707528323,0.16307751588030547,0.15925289110286073,0.1716785588276538
2026-04-14,rolling_hedge_all_20,20,20,0.4232917987899193,0.16862305237804154,0.16324727817154563,0.17365803828223406,0.16458612826979796,0.15916615967344633,0.17071934322493437
2026-04-15,rolling_hedge_all_20,20,20,0.4232917987899193,0.16589889299906443,0.16035624261625336,0.17722040803590933,0.16767287464977151,0.15985704027423298,0.16899454142476844
2026-04-16,rolling_hedge_all_20,20,20,0.4232917987899193,0.16705755198317263,0.16305053574018427,0.18120636691299982,0.16479104883749424,0.15672987312939216,0.1671646233967568
2026-04-17,rolling_hedge_all_20,20,20,0.4232917987899193,0.16747913816011148,0.16195902333261422,0.1805588420068308,0.16387465785840805,0.15691783886868044,0.169210499773355
2026-04-20,rolling_hedge_all_20,20,20,0.4232917987899193,0.1675658937924353,0.1613720931434783,0.1773881485476139,0.16506514829621188,0.1588244912652849,0.1697842249549756
2026-04-21,rolling_hedge_all_20,20,20,0.4232917987899193,0.1666327340185272,0.16293482890243424,0.17965729843941963,0.16742201821858807,0.15524110456630683,0.16811201585472402
2026-04-22,rolling_hedge_all_20,20,20,0.4232917987899193,0.16687682964086284,0.1633556756890344,0.18445360089959825,0.16512998875281196,0.15112005749267932,0.16906384752501327
2026-04-23,rolling_hedge_all_20,20,20,0.4232917987899193,0.168309034295598,0.16062312111377927,0.18205221249067757,0.1643375480936951,0.15493713121744873,0.16974095278880136
2026-04-24,rolling_hedge_all_20,20,20,0.4232917987899193,0.1684319622978229,0.16427917303489992,0.17680930700908176,0.1659271519172969,0.15326917125440698,0.1712832344864917
2026-04-27,rolling_hedge_all_20,20,20,0.4232917987899193,0.16719792738817843,0.1668118048102554,0.17698426990199081,0.16686505912306626,0.15164147964940905,0.17049945912710016
2026-04-28,rolling_hedge_all_20,20,20,0.4232917987899193,0.16865077771952075,0.16606555354988567,0.1781139549960623,0.1667927568627648,0.15077737625670465,0.1695995806150619
2026-04-29,rolling_hedge_all_20,20,20,0.4232917987899193,0.16907962318302586,0.16809976624502446,0.17615528632374666,0.16717289659935525,0.15021237269059307,0.1692800549582547
2026-04-30,rolling_hedge_all_20,20,20,0.4232917987899193,0.16911498026690633,0.16815981956861867,0.177374381906474,0.16541669641024828,0.15150101446376135,0.16843310738399134
2026-05-06,rolling_hedge_all_20,20,20,0.4232917987899193,0.17006823943959165,0.16471678002339796,0.1781547357232857,0.16564893207159398,0.15316534110427418,0.1682459716378566
2026-05-07,rolling_hedge_all_20,20,20,0.4232917987899193,0.1706832587653086,0.16927538146285728,0.1752539329917516,0.16356032455765396,0.1547643121560398,0.16646279006638867
2026-05-08,rolling_hedge_all_20,20,20,0.4232917987899193,0.16890715653918348,0.17410895100572346,0.17323710906186054,0.16410035899285666,0.15273353110599483,0.16691289329438103
2026-05-11,rolling_hedge_all_20,20,20,0.4232917987899193,0.1686167234123067,0.17090841073990212,0.17317950850746355,0.16198335788542886,0.15684636027248014,0.1684656391824187
2026-05-12,rolling_hedge_all_20,20,20,0.4232917987899193,0.16969601884909746,0.17002971684573923,0.17176614431744894,0.16258838627828556,0.15630199972633163,0.1696177339830972
2026-05-13,rolling_hedge_all_20,20,20,0.4232917987899193,0.1698781795369515,0.16821704885134856,0.1759318922791936,0.16403418453206858,0.1534061988903335,0.1685324959101042
2026-05-14,rolling_hedge_all_20,20,20,0.4232917987899193,0.16911630360172258,0.1721150119301828,0.17140779983550783,0.16711211083794092,0.15336342458534066,0.1668853492093053
2026-05-15,rolling_hedge_all_20,20,20,0.4232917987899193,0.17029649704920352,0.17174825283601858,0.1699892323591301,0.16367562688623105,0.15711221366045267,0.16717817720896397
2026-05-18,rolling_hedge_all_20,20,20,0.4232917987899193,0.1714118010482714,0.169667927323246,0.16958286949747517,0.16350913357376048,0.1590548924286119,0.16677337612863494
2026-05-19,rolling_hedge_all_20,20,20,0.4232917987899193,0.17056789857722351,0.16374789940133294,0.16876778147118654,0.1644279996330613,0.16272857088397005,0.16975985003322572
2026-05-20,rolling_hedge_all_20,20,20,0.4232917987899193,0.1698363441757482,0.16648598400389633,0.1673951210976553,0.16298164544943866,0.16232938832754704,0.1709715169457145
2026-05-21,rolling_hedge_all_20,20,20,0.4232917987899193,0.17025172184340992,0.16480424245536116,0.17013174804021158,0.16153021568068682,0.16460907260729643,0.1686729993730341
2026-05-22,rolling_hedge_all_20,20,20,0.4232917987899193,0.17096898599519442,0.16098328150490807,0.1694675984236864,0.16216019044396368,0.16716373071232965,0.1692562129199178
2026-05-25,rolling_hedge_all_20,20,20,0.4232917987899193,0.17049634309351297,0.16455081336602412,0.16300183875245808,0.16162522175119318,0.17007395325625088,0.17025182978056067
2026-05-26,rolling_hedge_all_20,20,20,0.4232917987899193,0.16859356438352208,0.16721221153854357,0.1626914288161217,0.16107713680992886,0.16952141258744405,0.1709042458644397
2026-05-27,rolling_hedge_all_20,20,20,0.4232917987899193,0.16777446972370025,0.16194362480702967,0.16814947535599667,0.1624369741963092,0.1712891371137379,0.1684063188032263
2026-05-28,rolling_hedge_all_20,20,20,0.4232917987899193,0.16781179070057092,0.15631664168872744,0.1716385951171641,0.16359026348864775,0.17087788265194137,0.16976482635294843
2026-05-29,rolling_hedge_all_20,20,20,0.4232917987899193,0.16723252533778174,0.16021455814542068,0.16890765137286093,0.16301433599966597,0.17051931323252636,0.17011161591174434
2026-06-01,rolling_hedge_all_20,20,20,0.4232917987899193,0.16698707101634758,0.15428086308059533,0.17061869879088787,0.16521346323118613,0.1726135909287334,0.17028631295224958
2026-06-02,rolling_hedge_all_20,20,20,0.4232917987899193,0.16576305142502648,0.15230743636786204,0.17131025409039782,0.1665910857989488,0.17264011623144174,0.17138805608632304
2026-06-03,rolling_hedge_all_20,20,20,0.4232917987899193,0.16539593664511335,0.1568560129335185,0.16798120037595746,0.1657472013915829,0.17599552406889532,0.16802412458493243
2026-06-04,rolling_hedge_all_20,20,20,0.4232917987899193,0.16379334953170793,0.1564449593308031,0.17075641952948634,0.16846895461669317,0.17114106547386104,0.1693952515174483
2026-06-05,rolling_hedge_all_20,20,20,0.4232917987899193,0.16425255553214888,0.15229304601281646,0.17414786126097972,0.16858819100118877,0.1719882926251332,0.1687300535677329
2026-06-08,rolling_hedge_all_20,20,20,0.4232917987899193,0.1638515711322741,0.14928790420844995,0.17649394563696366,0.17060689607715487,0.17035264141925724,0.1694070415259001
2026-06-09,rolling_hedge_all_20,20,20,0.4232917987899193,0.1636064693276015,0.14899911184619544,0.17890014913353897,0.17183000887799088,0.1688748636260135,0.16778939718865976
2026-06-10,rolling_hedge_all_20,20,20,0.4232917987899193,0.16365282496650926,0.14978541992129088,0.17738934723001634,0.16949372087036682,0.17036526768223714,0.16931341932957955
2026-06-11,rolling_hedge_all_20,20,20,0.4232917987899193,0.16415429857470792,0.14802841975492995,0.1765422785261893,0.1685722887336248,0.17137704146376564,0.17132567294678247
2026-06-12,rolling_hedge_all_20,20,20,0.4232917987899193,0.16322397121530252,0.15032330870290156,0.1761188931806699,0.1704816878408064,0.1698493038000252,0.17000283526029442
2026-06-15,rolling_hedge_all_20,20,20,0.4232917987899193,0.16376766889580163,0.1534484226777398,0.17738144658913838,0.16915132162048402,0.16533074675618498,0.17092039346065124
2026-06-16,rolling_hedge_all_20,20,20,0.4232917987899193,0.164585303459925,0.15865591629155637,0.17470081324191392,0.1711359517981277,0.1618170846190146,0.16910493058946247
2026-06-17,rolling_hedge_all_20,20,20,0.4232917987899193,0.16466008492997594,0.15510707180812128,0.17289514387132549,0.17250035308249287,0.16653666079008464,0.1683006855179997
2026-06-18,rolling_hedge_all_20,20,20,0.4232917987899193,0.16374290069984787,0.1582254932333581,0.17241839870284006,0.17595130184482669,0.16083299697763287,0.1688289085414945
2026-06-22,rolling_hedge_all_20,20,20,0.4232917987899193,0.16315899383275495,0.1590290973477665,0.17304147689915061,0.17395544569474553,0.1602681157950596,0.1705468704305228
2026-06-23,rolling_hedge_all_20,20,20,0.4232917987899193,0.1625806067494371,0.1544255972419919,0.17631639202417534,0.1740391828614052,0.160571189140434,0.1720670319825565
2026-06-24,rolling_hedge_all_20,20,20,0.4232917987899193,0.1633596221444798,0.15466179260524368,0.1771537513578944,0.17400685403447844,0.16069245210709562,0.17012552775080794
2026-06-25,rolling_hedge_all_20,20,20,0.4232917987899193,0.16491699010818187,0.1558145971224573,0.1768901251879401,0.1704697456935595,0.16287153908843244,0.16903700279942888
2026-06-26,rolling_hedge_all_20,20,20,0.4232917987899193,0.1656537197960341,0.15787650753097926,0.1766923485025919,0.16992938654545273,0.1649112124741045,0.16493682515083752
2026-06-29,rolling_hedge_all_20,20,20,0.4232917987899193,0.16588668540693327,0.15679113101808298,0.17666131682503705,0.17039387019948923,0.1658768458426721,0.16439015070778526
2026-06-30,rolling_hedge_all_20,20,20,0.4232917987899193,0.16625584381679775,0.15930226260768177,0.17900975469558073,0.16746223199180835,0.16569893288806445,0.16227097400006696
2026-07-01,rolling_hedge_all_20,20,20,0.4232917987899193,0.16622722828486453,0.159323403991701,0.17766581637286596,0.1660403672569557,0.16870566740067028,0.16203751669294247
2026-07-02,rolling_hedge_all_20,20,20,0.4232917987899193,0.16787631207994233,0.15476047593311215,0.17981293268850285,0.169025620193162,0.16476254323947712,0.16376211586580355
2026-07-03,rolling_hedge_all_20,20,20,0.4232917987899193,0.16833722467579457,0.15292052069969986,0.1791279236858391,0.16869137711395701,0.16594089007787813,0.16498206374683144
2026-07-06,rolling_hedge_all_20,20,20,0.4232917987899193,0.16844791384029073,0.15455879483788157,0.1793919089446609,0.1660986650377569,0.16572376944183173,0.16577894789757816
2026-07-07,rolling_hedge_all_20,20,20,0.4232917987899193,0.16923655839711915,0.1596790689032132,0.17413183921672176,0.16625675471877932,0.16342680369267987,0.16726897507148672
2026-07-08,rolling_hedge_all_20,20,20,0.4232917987899193,0.1693938878916956,0.16035040792513955,0.1714002860757349,0.16619503474020073,0.16559169381152763,0.1670686895557016
2026-07-09,rolling_hedge_all_20,20,20,0.4232917987899193,0.1694734495924138,0.16112261529682428,0.1691525356764226,0.16972135335925354,0.1646451084466704,0.16588493762841536
2026-07-10,rolling_hedge_all_20,20,20,0.4232917987899193,0.16878262313070658,0.1599225386158455,0.17202005900757025,0.16836536184650705,0.1630006049337951,0.16790881246557546
2026-07-13,rolling_hedge_all_20,20,20,0.4232917987899193,0.1698096639411277,0.1606187751383603,0.16978585739203664,0.1659849650521448,0.16458297099091143,0.16921776748541906
2026-07-14,rolling_hedge_all_20,20,20,0.4232917987899193,0.17029103063516363,0.16346599652160446,0.16827006183224888,0.1645493936503183,0.16627682001489824,0.16714669734576643
2026-07-15,rolling_hedge_all_20,20,20,0.4232917987899193,0.1694535527324032,0.1632003241009098,0.17056047370134544,0.16315350805531234,0.16521852845344676,0.1684136129565824
2026-07-16,rolling_hedge_all_20,20,20,0.4232917987899193,0.16932752179000085,0.16310671080414585,0.17123786017063666,0.16332889300553885,0.16492496910263413,0.16807404512704374
2026-07-17,rolling_hedge_all_20,20,20,0.4232917987899193,0.16929571456930376,0.16263219913262694,0.17045975517246426,0.16227111778037093,0.1668961192639485,0.16844509408128558
2026-07-20,rolling_hedge_all_20,20,20,0.4232917987899193,0.1700881063648166,0.16438123742803332,0.16913846444045327,0.16264884525684703,0.16699950888051265,0.16674383762933714
2026-07-21,rolling_hedge_all_20,20,20,0.4232917987899193,0.16964609604594982,0.16741947981705738,0.16885020367051978,0.16333365679643044,0.16635510716299648,0.164395456507046
2026-07-22,rolling_hedge_all_20,20,20,0.4232917987899193,0.16946495683928553,0.16800623958183036,0.16902460669032446,0.16596535085764189,0.16378107672688574,0.1637577693040321
2026-07-23,rolling_hedge_all_20,20,20,0.4232917987899193,0.1682196437427534,0.17033028690255456,0.16645289928478063,0.16781759899027648,0.16273389456719337,0.16444567651244163
2026-07-24,rolling_hedge_all_20,20,20,0.4232917987899193,0.1684935153643914,0.16995320023827615,0.16777113815411238,0.1642267294981513,0.1629378626339495,0.16661755411111925
2026-07-27,rolling_hedge_all_20,20,20,0.4232917987899193,0.16905588638468272,0.1699168806070929,0.16865205573850509,0.16285158559519433,0.16358146181812835,0.16594212985639656
2026-07-28,rolling_hedge_all_20,20,20,0.4232917987899193,0.16869330227780704,0.16972367695885388,0.1664165877021685,0.16504086056770365,0.1631361560128605,0.16698941648060642
2026-07-29,rolling_hedge_all_20,20,20,0.4232917987899193,0.16956185704702392,0.1726771655441906,0.16526476572424742,0.1688551654587122,0.15666009810653114,0.1669809481192947
2026-07-30,rolling_hedge_all_20,20,20,0.4232917987899193,0.1687942429187474,0.17221991335216513,0.16578228521873584,0.16901195882066003,0.15587605537281035,0.16831554431688137
2026-07-31,rolling_hedge_all_20,20,20,0.4232917987899193,0.16897865074103352,0.1741404296226813,0.16462340263466477,0.16939838183527017,0.15614979008862698,0.16670934507772336
2026-08-03,rolling_hedge_all_20,20,20,0.4232917987899193,0.16924740984273842,0.17288560424723615,0.164016934085154,0.17013648945403043,0.15629658121483186,0.16741698115600914
2026-08-04,rolling_hedge_all_20,20,20,0.4232917987899193,0.1687901249278655,0.17471031751231333,0.16422742974644608,0.16903269778980895,0.1558028798362909,0.1674365501872751
2026-08-05,rolling_hedge_all_20,20,20,0.4232917987899193,0.16857749044644527,0.17573859657698984,0.1665250075181476,0.16778807412853305,0.15474901398875957,0.16662181734112472
2026-08-06,rolling_hedge_all_20,20,20,0.4232917987899193,0.16844031707725549,0.17615327696551294,0.16626976362231732,0.16553460283758042,0.1576165436938331,0.1659854958035007
2026-08-07,rolling_hedge_all_20,20,20,0.4232917987899193,0.16865985546357753,0.17817302954233014,0.16571722327387056,0.16586122790417057,0.1580320955135746,0.16355656830247658
2026-08-10,rolling_hedge_all_20,20,20,0.4232917987899193,0.16911636574289662,0.17773855570026426,0.16936466087494198,0.16485599968635947,0.15404900413364028,0.16487541386189747
2026-08-11,rolling_hedge_all_20,20,20,0.4232917987899193,0.16814641256749324,0.17471535746004685,0.16969788023500385,0.16493811516173937,0.15537763090216533,0.16712460367355136
2026-08-12,rolling_hedge_all_20,20,20,0.4232917987899193,0.1686707363502981,0.17440575084493312,0.16703230736804525,0.16532193627486447,0.15661847945606175,0.1679507897057973
2026-08-13,rolling_hedge_all_20,20,20,0.4232917987899193,0.16807651624594702,0.17315730620313144,0.16871010939084738,0.16562259491229717,0.15589352539080822,0.16853994785696882
2026-08-14,rolling_hedge_all_20,20,20,0.4232917987899193,0.16766291188754798,0.17327075269985895,0.16695798798975392,0.16574481232630214,0.15785073269588484,0.16851280240065206
2026-08-17,rolling_hedge_all_20,20,20,0.4232917987899193,0.1675791778570426,0.17354969321190858,0.16620260032941825,0.16539248360758182,0.1595070744976402,0.16776897049640863
2025-01-02,rolling_hedge_all_60,60,0,,0.16666666666666666,0.16666666666666666,0.16666666666666666,0.16666666666666666,0.16666666666666666,0.16666666666666666
2025-01-03,rolling_hedge_all_60,60,1,1.8930184728248454,0.17123817062918936,0.1535952704496368,0.17641284612056468,0.1681216511733729,0.16201905788253862,0.16861300374469754
2025-01-06,rolling_hedge_all_60,60,2,1.3385661990458504,0.1712834799469915,0.14977606563275506,0.17315442590147462,0.1618124584670295,0.16902068511682788,0.17495288493492137
2025-01-07,rolling_hedge_all_60,60,3,1.0929347248663588,0.16960929256056267,0.15677480250183007,0.1648430251715212,0.1623101470645958,0.1679417637544724,0.17852096894701786
2025-01-08,rolling_hedge_all_60,60,4,0.9465092364124227,0.1709447472818842,0.15233858828610672,0.16645713507134066,0.16190246242474823,0.17189325754301793,0.17646380939290227
2025-01-09,rolling_hedge_all_60,60,5,0.8465835975798386,0.1718079265024655,0.1526248515625201,0.17087994235836151,0.16467685867484022,0.1661779039584442,0.17383251694336846
2025-01-10,rolling_hedge_all_60,60,6,0.7728215553472558,0.171615671753374,0.15838536474530235,0.1710294364586746,0.16317360024521116,0.167455220743742,0.16834070605369597
2025-01-13,rolling_hedge_all_60,60,7,0.7154937294779748,0.1724864409685254,0.1631384494422424,0.17340509145854088,0.16472913263574673,0.1614299216328318,0.16481096386211283
2025-01-14,rolling_hedge_all_60,60,8,0.6692830995229252,0.17091012527776886,0.1663574497672868,0.1710284790753722,0.1630326088243337,0.16331834957710373,0.16535298747813473
2025-01-15,rolling_hedge_all_60,60,9,0.6310061576082818,0.1727556609668256,0.16412423861156875,0.17088792322939111,0.16303580428576261,0.16145479912394503,0.16774157378250684
2025-01-16,rolling_hedge_all_60,60,10,0.5986250026900071,0.17168731391706404,0.16742807504436016,0.17108593715288084,0.16614863861852844,0.15982964060264357,0.16382039466452292
2025-01-17,rolling_hedge_all_60,60,11,0.5707665450519638,0.17170663501825478,0.16192102582727086,0.172206745540545,0.16950664936524729,0.1623546654221375,0.16230427882654458
2025-01-20,rolling_hedge_all_60,60,12,0.5464673624331794,0.1717402573544676,0.16116015378648793,0.17204100987203857,0.16790933544531828,0.1621906250351364,0.1649586185065513
2025-01-21,rolling_hedge_all_60,60,13,0.5250288591669626,0.17272007113880214,0.16196466174482294,0.17108610283120562,0.16953657133606953,0.16050471714055728,0.1641878758085425
2025-01-22,rolling_hedge_all_60,60,14,0.5059304680103291,0.17235486183308998,0.16313238755865067,0.17059469538152955,0.17009421490826587,0.16322278154989955,0.16060105876856437
2025-01-23,rolling_hedge_all_60,60,15,0.4887752679542416,0.17234678676257753,0.16458875124820896,0.16893852828432926,0.17171725510782476,0.16294632032062792,0.15946235827643154
2025-01-24,rolling_hedge_all_60,60,16,0.47325461820621134,0.17148449011446223,0.16290157580769213,0.1688764205526147,0.17203310486348464,0.1637541395798343,0.16095026908191193
2025-01-27,rolling_hedge_all_60,60,17,0.4591244185118984,0.17232908165899635,0.16094757079905794,0.16863245593362858,0.1708589099623474,0.16627481786991868,0.16095716377605115
2025-02-05,rolling_hedge_all_60,60,18,0.44618873301528345,0.17172866377895768,0.16308689947087704,0.16832725217769362,0.17133582358503466,0.16720497165478362,0.1583163893326535
2025-02-06,rolling_hedge_all_60,60,19,0.434288222173642,0.17089601245457353,0.16295108532275304,0.16665877982888108,0.17277965124116162,0.1689513454713534,0.1577631256812774
2025-02-07,rolling_hedge_all_60,60,20,0.4232917987899193,0.17059459538914032,0.16211535546535857,0.16532407593016257,0.1734021531773592,0.16924645668281732,0.15931736335516197
2025-02-10,rolling_hedge_all_60,60,21,0.41309049731759806,0.16939063690313533,0.16173681690906402,0.1665641275816383,0.172752905843693,0.1691347636532896,0.16042074910917972
2025-02-11,rolling_hedge_all_60,60,22,0.4035928944806607,0.16866628355747412,0.16126455474464782,0.1666328378559194,0.17403417816491004,0.1700112360685982,0.15939090960845045
2025-02-12,rolling_hedge_all_60,60,23,0.39472163766029117,0.16878907647431127,0.16116673805318843,0.16558331597497014,0.17359017385349587,0.171353094204208,0.15951760143982624
2025-02-13,rolling_hedge_all_60,60,24,0.3864107776736279,0.16858893325497512,0.16213942254205316,0.16568967477002075,0.17252532040260235,0.17274997877410897,0.15830667025623954
2025-02-14,rolling_hedge_all_60,60,25,0.3786036945649691,0.1693208325629527,0.16265782734931225,0.16608771309504272,0.1708248165051374,0.17413796950967805,0.15697084097787684
2025-02-17,rolling_hedge_all_60,60,26,0.37125146663559616,0.1694260909821365,0.16253933702076218,0.16459878826605695,0.17157104111174729,0.174191864751667,0.1576728778676301
2025-02-18,rolling_hedge_all_60,60,27,0.3643115749554529,0.16918169159025917,0.16341011615687853,0.16484494854477913,0.17138805825428885,0.1734186706305449,0.15775651482324943
2025-02-19,rolling_hedge_all_60,60,28,0.3577468647389874,0.17043855362791005,0.16384900831412053,0.16587073314859777,0.17046787233815452,0.1705663117548458,0.1588075208163713
2025-02-20,rolling_hedge_all_60,60,29,0.3515247054866159,0.17083174105559035,0.16437671243805477,0.1659656539654809,0.16946666745025454,0.1696038045460526,0.15975542054456698
2025-02-21,rolling_hedge_all_60,60,30,0.34561630644671604,0.17103457947252373,0.16480579534577217,0.16545480296642992,0.16935593459273574,0.16875898589420638,0.160589901728332
2025-02-24,rolling_hedge_all_60,60,31,0.33999615455397053,0.1710616350232723,0.16533539408914658,0.16654531315471213,0.16943281994209186,0.16769155789788523,0.159933279892892
2025-02-25,rolling_hedge_all_60,60,32,0.3346415497614626,0.17149725757168457,0.16677732937939638,0.16641296138777237,0.1674004027992419,0.1668306982232111,0.1610813506386937
2025-02-26,rolling_hedge_all_60,60,33,0.329532218430184,0.1717150111491387,0.16811417187870256,0.1660081801286826,0.1665728901095131,0.16751130984510448,0.1600784368888586
2025-02-27,rolling_hedge_all_60,60,34,0.3246499897380938,0.1721137230980644,0.16751263361689672,0.16568604363320114,0.16652171101681215,0.168968660660887,0.15919722797413852
2025-02-28,rolling_hedge_all_60,60,35,0.31997852331751936,0.17243814404342486,0.16648228429108564,0.16713415360863662,0.16845362024319474,0.16769752584026548,0.15779427197339266
2025-03-03,rolling_hedge_all_60,60,36,0.3155030788041409,0.17256389955439877,0.1674997871030365,0.16706037192374784,0.16784221955780557,0.16705403567774602,0.1579796861832654
2025-03-04,rolling_hedge_all_60,60,37,0.3112103198827386,0.17282089783717586,0.16628666108467421,0.16640113124203873,0.16929117313848804,0.16603642305622415,0.15916371364139914
2025-03-05,rolling_hedge_all_60,60,38,0.3070881468884322,0.1730903255296887,0.1670526929762609,0.16737960593283147,0.16999524217029446,0.1648930617545847,0.1575890716363398
2025-03-06,rolling_hedge_all_60,60,39,0.303125553172368,0.17277103316305562,0.16931343944885793,0.16696914743268743,0.16868151899421358,0.16292228288094007,0.15934257808024532
2025-03-07,rolling_hedge_all_60,60,40,0.29931250134500353,0.17303035171874862,0.1700153958271381,0.16557956269612628,0.17041880588559852,0.16150831679526584,0.15944756707712263
2025-03-10,rolling_hedge_all_60,60,41,0.2956398162256801,0.17278817653905343,0.17010824305767638,0.16545463985925934,0.17165182490957012,0.16098339339801487,0.15901372223642585
2025-03-11,rolling_hedge_all_60,60,42,0.2920990918969969,0.17285523424657606,0.17108087169809463,0.16730707791283148,0.1707453048919405,0.1596108896742056,0.15840062157635168
2025-03-12,rolling_hedge_all_60,60,43,0.2886826107189996,0.17292335293253783,0.17125436568748875,0.16626239979145357,0.169586172902663,0.16109983754613683,0.15887387113971996
2025-03-13,rolling_hedge_all_60,60,44,0.2853832725259819,0.17228413457361186,0.17170074799970333,0.16660496778569178,0.16934431926426202,0.1613948612107933,0.15867096916593776
2025-03-14,rolling_hedge_all_60,60,45,0.2821945325266128,0.17231965231133237,0.1719307003954827,0.16693883822202138,0.1699644210140031,0.16024739454481066,0.15859899351234988
2025-03-17,rolling_hedge_all_60,60,46,0.2791103466706512,0.17226051754245433,0.17127236910973417,0.16607791285031673,0.17088164665025027,0.15990726341073241,0.15960029043651208
2025-03-18,rolling_hedge_all_60,60,47,0.2761251234439534,0.17256376131207754,0.17110209655072603,0.1664211238311115,0.1717718286606011,0.15863025621248586,0.15951093343299813
2025-03-19,rolling_hedge_all_60,60,48,0.2732336812165897,0.17290306543772552,0.1719735569512488,0.16400743570173423,0.17218442904476508,0.15878779549139801,0.16014371737312852
2025-03-20,rolling_hedge_all_60,60,49,0.27043121040354934,0.17399317162215824,0.17087242681052014,0.16477335793472878,0.17291905346718875,0.15738536874000253,0.16005662142540142
2025-03-21,rolling_hedge_all_60,60,50,0.26771323980917006,0.17337045168236634,0.1699063981534902,0.16559499715173584,0.17260911572374737,0.15791608758056985,0.1606029497080904
2025-03-24,rolling_hedge_all_60,60,51,0.2650756066193749,0.17329132588656015,0.1682399872901034,0.16648512586263078,0.1724015756626668,0.15720157085350073,0.16238041444453807
2025-03-25,rolling_hedge_all_60,60,52,0.2625144295834813,0.1727977416690135,0.168832775480414,0.1651797360840424,0.1723228315007866,0.15739649919642207,0.1634704160693215
2025-03-26,rolling_hedge_all_60,60,53,0.2600260849925068,0.1725516334114084,0.16856901818042427,0.16563050082962433,0.17335709111590106,0.15635749165643678,0.16353426480620512
2025-03-27,rolling_hedge_all_60,60,54,0.2576071851157519,0.17194986938222434,0.16786758309402944,0.16636801748166336,0.17385563569670062,0.15618939298233825,0.1637695013630439
2025-03-28,rolling_hedge_all_60,60,55,0.25525455880377745,0.1716257221167756,0.1679684786562062,0.16407361403328719,0.1738173170423502,0.15702354529887608,0.16549132285250462
2025-03-31,rolling_hedge_all_60,60,56,0.2529652340051646,0.17102282212738198,0.16649729387927345,0.16595291518644617,0.17390822950504142,0.15777515444870793,0.16484358485314898
2025-04-01,rolling_hedge_all_60,60,57,0.2507364219778362,0.1714820845689383,0.16623199479107792,0.16733138035654752,0.17222874567552549,0.1573475528856351,0.16537824172227567
2025-04-02,rolling_hedge_all_60,60,58,0.24856550300419009,0.1714165161240024,0.16809883637770612,0.16663123637741845,0.1732416467976576,0.1562741974822163,0.164337566840999
2025-04-03,rolling_hedge_all_60,60,59,0.24645001344364895,0.17114511093110316,0.17037875193107357,0.166290890211086,0.17295028098120382,0.15481088560178322,0.16442408034375028
2025-04-07,rolling_hedge_all_60,60,60,0.2443876339771208,0.17163174969531914,0.16800100480467353,0.16755370075884568,0.17169087156406662,0.15650444508737496,0.16461822808971996
2025-04-08,rolling_hedge_all_60,60,60,0.2443876339771208,0.1709184587870921,0.17060511048801696,0.16802728720621016,0.17041977405561834,0.1557517259723694,0.16427764349069301
2025-04-09,rolling_hedge_all_60,60,60,0.2443876339771208,0.17046446294387382,0.17201562943998197,0.16850625221268842,0.17142093567442823,0.15520048891967825,0.16239223080934923
2025-04-10,rolling_hedge_all_60,60,60,0.2443876339771208,0.1712629757419609,0.17033789818736797,0.16928988542615764,0.17169736592499535,0.15522463527421773,0.16218723944530036
2025-04-11,rolling_hedge_all_60,60,60,0.2443876339771208,0.17074967883312409,0.17037150715859262,0.1691288672482993,0.17316841465347235,0.15546689739162153,0.1611146347148901
2025-04-14,rolling_hedge_all_60,60,60,0.2443876339771208,0.1707998361210344,0.17087437791066137,0.16859566855059446,0.17189665162584616,0.1568510260167547,0.16098243977510887
2025-04-15,rolling_hedge_all_60,60,60,0.2443876339771208,0.17056195589459977,0.1689708626223674,0.1686818968685733,0.17308030383267775,0.15471579779894407,0.16398918298283768
2025-04-16,rolling_hedge_all_60,60,60,0.2443876339771208,0.17063013745978933,0.16722441347396205,0.16838957483618533,0.1716220770835181,0.1567973707722897,0.1653364263742555
2025-04-17,rolling_hedge_all_60,60,60,0.2443876339771208,0.17062816101391073,0.16641131488579552,0.16787276512640006,0.17199790743726104,0.15802536171420156,0.1650644898224311
2025-04-18,rolling_hedge_all_60,60,60,0.2443876339771208,0.17065001097194776,0.16791846955277284,0.1664443856214382,0.17275908519242925,0.15847780613126553,0.1637502425301463
2025-04-21,rolling_hedge_all_60,60,60,0.2443876339771208,0.17129606707862338,0.16653258885668332,0.1662283927113412,0.17050070063880873,0.158865323158433,0.16657692755611037
2025-04-22,rolling_hedge_all_60,60,60,0.2443876339771208,0.17091780445350277,0.16742537638395902,0.16568814828513562,0.1700661012546295,0.1581815274908488,0.16772104213192437
2025-04-23,rolling_hedge_all_60,60,60,0.2443876339771208,0.17072304493360302,0.1669986824507874,0.16691147535098871,0.1701334285000354,0.15907519705857173,0.16615817170601366
2025-04-24,rolling_hedge_all_60,60,60,0.2443876339771208,0.16988842042132068,0.16740911574194917,0.16562033864872355,0.16984923972388785,0.15990121041824443,0.16733167504587423
2025-04-25,rolling_hedge_all_60,60,60,0.2443876339771208,0.169565441515823,0.16474601316531018,0.16668761233027418,0.17030527882672508,0.15933611537029235,0.16935953879157534
2025-04-28,rolling_hedge_all_60,60,60,0.2443876339771208,0.16886625870294872,0.16504247793983917,0.16708053292306546,0.1696948853594349,0.16007293549731438,0.16924290957739735
2025-04-29,rolling_hedge_all_60,60,60,0.2443876339771208,0.1688542592258743,0.16762220103044037,0.16646543715325507,0.16951920515427513,0.15964032330764227,0.16789857412851278
2025-04-30,rolling_hedge_all_60,60,60,0.2443876339771208,0.16788682730491788,0.16993801750561077,0.16754037421597942,0.1692243172790269,0.15706813757976737,0.1683423261146976
2025-05-06,rolling_hedge_all_60,60,60,0.2443876339771208,0.16753783945482006,0.17024243399241717,0.16688727418864155,0.16860797415817103,0.1571324952685278,0.1695919829374224
2025-05-07,rolling_hedge_all_60,60,60,0.2443876339771208,0.16765389732157748,0.17001594771303935,0.16765013725985425,0.16806691730249085,0.1570512303409536,0.16956187006208448
2025-05-08,rolling_hedge_all_60,60,60,0.2443876339771208,0.1678421754268271,0.16971368891675964,0.16733509699449284,0.1679234361816043,0.1580311240430932,0.16915447843722278
2025-05-09,rolling_hedge_all_60,60,60,0.2443876339771208,0.1687479059325299,0.17069517833891698,0.1656694298633939,0.16876623064858423,0.15759833723355537,0.16852291798301963
2025-05-12,rolling_hedge_all_60,60,60,0.2443876339771208,0.16911240202596545,0.17092138667365633,0.16633812060027084,0.16821466660524453,0.15575923967999658,0.1696541844148663
2025-05-13,rolling_hedge_all_60,60,60,0.2443876339771208,0.16887832007259543,0.1704652898174321,0.16736535416848633,0.16898964615589557,0.15531890471183887,0.16898248507375174
2025-05-14,rolling_hedge_all_60,60,60,0.2443876339771208,0.16910641305452778,0.16966669507289173,0.16848775596065063,0.1699171296872633,0.15314602001511518,0.16967598620955132
2025-05-15,rolling_hedge_all_60,60,60,0.2443876339771208,0.16843657602913423,0.1687007318369155,0.1696105747071006,0.17122705090247237,0.15184514326902593,0.17017992325535142
2025-05-16,rolling_hedge_all_60,60,60,0.2443876339771208,0.1686538804086012,0.16961378525417467,0.17043910806643742,0.17166612136666246,0.14974695298111793,0.1698801519230064
2025-05-19,rolling_hedge_all_60,60,60,0.2443876339771208,0.16856038687424357,0.1700218435251599,0.16993143386281995,0.1717108896952342,0.15092278214641594,0.16885266389612655
2025-05-20,rolling_hedge_all_60,60,60,0.2443876339771208,0.16801359331970192,0.17055577001090869,0.16897140086298662,0.17384057563725608,0.1515197818057562,0.1670988783633905
2025-05-21,rolling_hedge_all_60,60,60,0.2443876339771208,0.16742879360706542,0.17124514780442576,0.16947956281065263,0.17342135063976252,0.1522855853923979,0.16613955974569575
2025-05-22,rolling_hedge_all_60,60,60,0.2443876339771208,0.1668086514939503,0.1709027797493533,0.1694106441854111,0.1749334365977598,0.15314451259162576,0.16479997538189983
2025-05-23,rolling_hedge_all_60,60,60,0.2443876339771208,0.16683816597490414,0.170259896823048,0.16816323806108646,0.1749989889472152,0.15415361778074993,0.16558609241299616
2025-05-26,rolling_hedge_all_60,60,60,0.2443876339771208,0.16692650241189844,0.16917466623957447,0.16734407764052303,0.17788249028351083,0.1542001221571791,0.1644721412673142
2025-05-27,rolling_hedge_all_60,60,60,0.2443876339771208,0.16632629055053655,0.16806692559922104,0.16666837400821755,0.1793848832511038,0.15474884875805703,0.1648046778328641
2025-05-28,rolling_hedge_all_60,60,60,0.2443876339771208,0.16565132960631532,0.16835190054789756,0.16771061634735762,0.18011196240345442,0.15254934223353173,0.16562484886144313
2025-05-29,rolling_hedge_all_60,60,60,0.2443876339771208,0.1648201295311822,0.16880258590037311,0.1670875670053327,0.17871820075662265,0.15404332112789826,0.16652819567859092
2025-05-30,rolling_hedge_all_60,60,60,0.2443876339771208,0.16517087848595405,0.16810427925218988,0.16695903284485328,0.17979940879243073,0.15356450370845848,0.16640189691611357
2025-06-03,rolling_hedge_all_60,60,60,0.2443876339771208,0.1646698783910008,0.16880200970316295,0.16662732389907858,0.178615189943832,0.15539475252415672,0.16589084553876904
2025-06-04,rolling_hedge_all_60,60,60,0.2443876339771208,0.1639049106645713,0.16866531768480478,0.16680844060431135,0.17604768890028452,0.15681471361244698,0.16775892853358118
2025-06-05,rolling_hedge_all_60,60,60,0.2443876339771208,0.16385274672557001,0.16692238842780208,0.1673951124243646,0.17650233638596502,0.15922030801312545,0.1661071080231729
2025-06-06,rolling_hedge_all_60,60,60,0.2443876339771208,0.16330037490157231,0.16617479809464333,0.16837909895343856,0.17617481826129708,0.15943294128860577,0.16653796850044297
2025-06-09,rolling_hedge_all_60,60,60,0.2443876339771208,0.16350116415120397,0.16545816689593462,0.16698165613380903,0.17473334545433056,0.1610575867139908,0.16826808065073093
2025-06-10,rolling_hedge_all_60,60,60,0.2443876339771208,0.1630680017911997,0.16392549110512547,0.16595173024687684,0.17611327662706325,0.16250696790579838,0.1684345323239364
2025-06-11,rolling_hedge_all_60,60,60,0.2443876339771208,0.16277388417569144,0.16365619107799842,0.16801556283877347,0.17657622435036574,0.16276830349451696,0.16620983406265386
2025-06-12,rolling_hedge_all_60,60,60,0.2443876339771208,0.16324879784337684,0.16285510327358166,0.16860050828938028,0.17689915658049285,0.1623144346103036,0.16608199940286478
2025-06-13,rolling_hedge_all_60,60,60,0.2443876339771208,0.16246023418334163,0.16202803113673186,0.1688705951233918,0.17646693413276288,0.16489764906547874,0.16527655635829305
2025-06-16,rolling_hedge_all_60,60,60,0.2443876339771208,0.16224399184868926,0.16273506881390887,0.16928253967453671,0.17604403197103372,0.16606285634600035,0.1636315113458311
2025-06-17,rolling_hedge_all_60,60,60,0.2443876339771208,0.1626066530741851,0.16279793482972874,0.16828688351682608,0.17566035243820996,0.1665913658760697,0.16405681026498045
2025-06-18,rolling_hedge_all_60,60,60,0.2443876339771208,0.16253878134338473,0.16243534387707137,0.169094015439125,0.17572376461580033,0.1661939726320174,0.16401412209260108
2025-06-19,rolling_hedge_all_60,60,60,0.2443876339771208,0.16198631522829374,0.16416725147297687,0.165832746152311,0.17472435894742794,0.16891938924686492,0.16436993895212562
2025-06-20,rolling_hedge_all_60,60,60,0.2443876339771208,0.16244609684580302,0.1640650996449162,0.16587044145455723,0.17370502233632618,0.16871488458293432,0.16519845513546297
2025-06-23,rolling_hedge_all_60,60,60,0.2443876339771208,0.16236822495098466,0.16455489558573697,0.1661697094700797,0.17333605539011565,0.168366919390484,0.165204195212599
2025-06-24,rolling_hedge_all_60,60,60,0.2443876339771208,0.16301318630365563,0.1644382643440481,0.16768361353089706,0.172987919329897,0.16715151661421987,0.16472549987728227
2025-06-25,rolling_hedge_all_60,60,60,0.2443876339771208,0.1631441264522747,0.16465642663877644,0.16798684286715787,0.17149785928869893,0.16854677930962772,0.16416796544346426
2025-06-26,rolling_hedge_all_60,60,60,0.2443876339771208,0.16382879213003743,0.1646975713874361,0.16802365769782543,0.17114966368764653,0.16778910830207514,0.16451120679497938
2025-06-27,rolling_hedge_all_60,60,60,0.2443876339771208,0.16304210847998155,0.16507951849808963,0.17071379081248547,0.1703623812131941,0.16729648686968096,0.16350571412656825
2025-06-30,rolling_hedge_all_60,60,60,0.2443876339771208,0.16337151923710594,0.1681293130729538,0.1669645507984058,0.1705239839948285,0.167831818800547,0.16317881409615892
2025-07-01,rolling_hedge_all_60,60,60,0.2443876339771208,0.16302283577606191,0.1679477598083045,0.16457460295740156,0.17180704012582523,0.1692117012186655,0.1634360601137413
2025-07-02,rolling_hedge_all_60,60,60,0.2443876339771208,0.1627473082253795,0.1654747976855718,0.16575044528747584,0.17023108980020685,0.17124243750754087,0.16455392149382508
2025-07-03,rolling_hedge_all_60,60,60,0.2443876339771208,0.16355496898136504,0.16494686288381646,0.1650295905625398,0.17047053183058708,0.17227216318935074,0.16372588255234072
2025-07-04,rolling_hedge_all_60,60,60,0.2443876339771208,0.16299465179979178,0.16852290251560859,0.16384230680602285,0.17049302271649694,0.1697362380677365,0.16441087809434343
2025-07-07,rolling_hedge_all_60,60,60,0.2443876339771208,0.16271253331699975,0.16773580456112774,0.16265731339507428,0.1705862049992651,0.1718787542956582,0.16442938943187496
2025-07-08,rolling_hedge_all_60,60,60,0.2443876339771208,0.1621426408844054,0.16898457190518112,0.16328447960659287,0.1701488808178164,0.17118933346615242,0.16425009331985174
2025-07-09,rolling_hedge_all_60,60,60,0.2443876339771208,0.161629327289401,0.17145443176395092,0.16274665958364157,0.17140343742926784,0.16972447156753984,0.1630416723661989
2025-07-10,rolling_hedge_all_60,60,60,0.2443876339771208,0.16189369647698346,0.17041990766183404,0.162827732228773,0.1715679829198753,0.16897759961036465,0.16431308110216958
2025-07-11,rolling_hedge_all_60,60,60,0.2443876339771208,0.16108138553061255,0.1714491665988838,0.1608461382292024,0.17178429240511947,0.17080728678816084,0.164031730448021
2025-07-14,rolling_hedge_all_60,60,60,0.2443876339771208,0.16107297226872702,0.17265269071002667,0.16050138948036452,0.1717820229128406,0.17164015787062872,0.16235076675741236
2025-07-15,rolling_hedge_all_60,60,60,0.2443876339771208,0.16077914784764052,0.17389724795702544,0.1599905527224988,0.17264653260291682,0.1702232074311952,0.16246331143872308
2025-07-16,rolling_hedge_all_60,60,60,0.2443876339771208,0.16160670865284316,0.17325711392873136,0.16089305658779926,0.17148354806573823,0.1681182161039141,0.16464135666097393
2025-07-17,rolling_hedge_all_60,60,60,0.2443876339771208,0.1611629687920782,0.1711977085323523,0.16399387765481802,0.17037917102642247,0.16787334439896673,0.16539292959536211
2025-07-18,rolling_hedge_all_60,60,60,0.2443876339771208,0.160090150390138,0.17339661693941535,0.16532406883024733,0.17072427996682862,0.16721694994322991,0.16324793393014084
2025-07-21,rolling_hedge_all_60,60,60,0.2443876339771208,0.1600126566275149,0.17591241633889196,0.16360731231380854,0.17045764677756237,0.16745006723213443,0.1625599007100877
2025-07-22,rolling_hedge_all_60,60,60,0.2443876339771208,0.1600172333948894,0.1792540187620119,0.16226146529031626,0.1703354117351457,0.16528261831225946,0.1628492525053773
2025-07-23,rolling_hedge_all_60,60,60,0.2443876339771208,0.15980918198695626,0.18034551148220868,0.16397166613970088,0.1692405012790263,0.16509722049883488,0.161535918613273
2025-07-24,rolling_hedge_all_60,60,60,0.2443876339771208,0.1596777804491199,0.18337032820930516,0.16358782881716005,0.16744706779275584,0.16457375531311164,0.1613432394185474
2025-07-25,rolling_hedge_all_60,60,60,0.2443876339771208,0.16002290284987505,0.18349096829788686,0.16344157121880223,0.16662281323806952,0.16460253067379962,0.16181921372156677
2025-07-28,rolling_hedge_all_60,60,60,0.2443876339771208,0.1605411236104363,0.17996359402327453,0.16395492058719402,0.16682302492228593,0.16618645897563727,0.16253087788117204
2025-07-29,rolling_hedge_all_60,60,60,0.2443876339771208,0.1613601205308477,0.17947806455267712,0.16199796944755865,0.16583566331921648,0.16827948386208863,0.16304869828761154
2025-07-30,rolling_hedge_all_60,60,60,0.2443876339771208,0.16143973958266586,0.1782341216941348,0.16220638833399342,0.1664731927305038,0.16783681589364088,0.16380974176506133
2025-07-31,rolling_hedge_all_60,60,60,0.2443876339771208,0.16155184684503882,0.17912461420393924,0.1615265367476876,0.16620986303109847,0.16753731961731966,0.16404981955491613
2025-08-01,rolling_hedge_all_60,60,60,0.2443876339771208,0.16221437650112003,0.17905458314870235,0.16290689454017335,0.1672459404644897,0.16578437593242482,0.16279382941308967
2025-08-04,rolling_hedge_all_60,60,60,0.2443876339771208,0.16276304416924467,0.17694419817985862,0.16369045803381913,0.16625336866947993,0.1656807627752893,0.16466816817230842
2025-08-05,rolling_hedge_all_60,60,60,0.2443876339771208,0.16266991457877714,0.17841255292812372,0.16344488467076962,0.16490309281227175,0.16656271015538063,0.16400684485467712
2025-08-06,rolling_hedge_all_60,60,60,0.2443876339771208,0.1628677436659368,0.18042831891224562,0.16179923471849456,0.16370646444628495,0.1662624641649829,0.1649357740920552
2025-08-07,rolling_hedge_all_60,60,60,0.2443876339771208,0.1618088884253095,0.1818625296532196,0.1617482734786638,0.16232965735869948,0.16732016380237452,0.16493048728173318
2025-08-08,rolling_hedge_all_60,60,60,0.2443876339771208,0.16231919606906584,0.1848493037815707,0.15929469776379274,0.16219046377857646,0.16641642047310753,0.16492991813388674
2025-08-11,rolling_hedge_all_60,60,60,0.2443876339771208,0.16184148604756865,0.18457410730052354,0.15903154095614935,0.16195235542773045,0.16875093680133157,0.1638495734666965
2025-08-12,rolling_hedge_all_60,60,60,0.2443876339771208,0.1617948601320001,0.18382085992658248,0.1605999181645972,0.16121219996732383,0.1682311231736605,0.16434103863583596
2025-08-13,rolling_hedge_all_60,60,60,0.2443876339771208,0.16151150199400255,0.1823674630732704,0.16176888871271192,0.16041917613065704,0.16858882231495348,0.16534414777440473
2025-08-14,rolling_hedge_all_60,60,60,0.2443876339771208,0.16232202316885627,0.18067476818622344,0.16211569658846467,0.1620918096627987,0.16741672999846333,0.1653789723951935
2025-08-15,rolling_hedge_all_60,60,60,0.2443876339771208,0.16267355198736078,0.18130038186681544,0.16227286202350796,0.16132635314898333,0.16637144429123613,0.16605540668209628
2025-08-18,rolling_hedge_all_60,60,60,0.2443876339771208,0.16267637645917812,0.1807407517235219,0.16264341784654157,0.1606719869783249,0.16690914187259825,0.16635832511983523
2025-08-19,rolling_hedge_all_60,60,60,0.2443876339771208,0.162609067366728,0.18099879724934062,0.16445018898057556,0.15891314624638703,0.1667467159552849,0.16628208420168386
2025-08-20,rolling_hedge_all_60,60,60,0.2443876339771208,0.16286569000548146,0.18036703305614135,0.1658050785375812,0.15812597466381717,0.16693394205849474,0.165902281678484
2025-08-21,rolling_hedge_all_60,60,60,0.2443876339771208,0.16315410472154845,0.18142363105689702,0.16510554805026334,0.15802291043276348,0.1669092579430993,0.16538454779542838
2025-08-22,rolling_hedge_all_60,60,60,0.2443876339771208,0.1632360851764701,0.18191716907177818,0.16576728467342317,0.15768469390341872,0.16611553573414922,0.16527923144076057
2025-08-25,rolling_hedge_all_60,60,60,0.2443876339771208,0.16244816168656254,0.18222607943403657,0.16621871790166898,0.15631499484688335,0.16751449807609395,0.16527754805475456
2025-08-26,rolling_hedge_all_60,60,60,0.2443876339771208,0.1626628508408566,0.1823026541961545,0.1668658994063677,0.15559269903968548,0.16658905990579917,0.1659868366111367
2025-08-27,rolling_hedge_all_60,60,60,0.2443876339771208,0.16348239912560356,0.1826758327934602,0.16495771225282993,0.15665785977582836,0.1654594891875414,0.16676670686473646
2025-08-28,rolling_hedge_all_60,60,60,0.2443876339771208,0.16337443861342033,0.18279617643261584,0.1650480734934207,0.15764888487980716,0.16328598098297592,0.16784644559776
2025-08-29,rolling_hedge_all_60,60,60,0.2443876339771208,0.163271111165141,0.18151619119672427,0.165046911515965,0.1575095631125121,0.16501182907152384,0.16764439393813377
2025-09-01,rolling_hedge_all_60,60,60,0.2443876339771208,0.1632228802912349,0.18185809954055265,0.16617038279326146,0.15790932943699595,0.16492158269945187,0.16591772523850312
2025-09-02,rolling_hedge_all_60,60,60,0.2443876339771208,0.16286146313723174,0.1838839030587333,0.16558660034850128,0.1575613873035946,0.1636143998507101,0.16649224630122902
2025-09-03,rolling_hedge_all_60,60,60,0.2443876339771208,0.16364301857384478,0.18319964710446732,0.1646795916960753,0.15795976513270465,0.16272447412068017,0.16779350337222784
2025-09-04,rolling_hedge_all_60,60,60,0.2443876339771208,0.16418083816448428,0.1833460130964708,0.1641855072505007,0.15744994679675317,0.16288840511927036,0.16794928957252056
2025-09-05,rolling_hedge_all_60,60,60,0.2443876339771208,0.164844604663531,0.18291592080000812,0.1637649141260774,0.15673232835032727,0.16284336394250162,0.16889886811755456
2025-09-08,rolling_hedge_all_60,60,60,0.2443876339771208,0.16423399555439058,0.18383929517253786,0.16433071920006578,0.15632008017080992,0.16096323021476802,0.17031267968742783
2025-09-09,rolling_hedge_all_60,60,60,0.2443876339771208,0.1640090289365589,0.18292173049699237,0.1629301503459482,0.15667846186063059,0.16271596203611235,0.1707446663237577
2025-09-10,rolling_hedge_all_60,60,60,0.2443876339771208,0.16340092567647654,0.1833182352168059,0.1627289745636925,0.15650961420346127,0.16363101517484302,0.1704112351647207
2025-09-11,rolling_hedge_all_60,60,60,0.2443876339771208,0.16331704232861532,0.18120312703237995,0.16640775833647503,0.15671715573789072,0.16112700876942568,0.1712279077952134
2025-09-12,rolling_hedge_all_60,60,60,0.2443876339771208,0.16321811499667538,0.18031665346779835,0.1671771182887382,0.1584885372859823,0.1613544290615712,0.16944514689923457
2025-09-15,rolling_hedge_all_60,60,60,0.2443876339771208,0.162897095580127,0.18321159155827296,0.1654679482141769,0.1601274735689735,0.16115509886421578,0.16714079221423367
2025-09-16,rolling_hedge_all_60,60,60,0.2443876339771208,0.1625356622966981,0.18329384016439393,0.16420139574529788,0.15968216054434228,0.1633643320794676,0.16692260916980037
2025-09-17,rolling_hedge_all_60,60,60,0.2443876339771208,0.16341127110984185,0.18250553428423144,0.16366428096346183,0.160496715425083,0.16261891381556862,0.16730328440181322
2025-09-18,rolling_hedge_all_60,60,60,0.2443876339771208,0.1632242065521679,0.18239283824252644,0.16396322692783205,0.15987685993573292,0.16220973626162558,0.16833313208011508
2025-09-19,rolling_hedge_all_60,60,60,0.2443876339771208,0.16376305478239794,0.18228047600788808,0.16516995857957317,0.16061736546817382,0.16115705336698458,0.16701209179498244
2025-09-22,rolling_hedge_all_60,60,60,0.2443876339771208,0.16443262514614282,0.18127686073883292,0.1662624435739705,0.16064947335832128,0.15968459624124162,0.1676940009414909
2025-09-23,rolling_hedge_all_60,60,60,0.2443876339771208,0.16479194901824212,0.18183767387644575,0.1679987312332594,0.1606195959875999,0.1580251720434266,0.16672687784102624
2025-09-24,rolling_hedge_all_60,60,60,0.2443876339771208,0.1650221537907278,0.18316960638240365,0.16827091065819177,0.1609763925142323,0.15691963888826174,0.16564129776618267
2025-09-25,rolling_hedge_all_60,60,60,0.2443876339771208,0.1643969989927343,0.18048600676649118,0.1697672591402366,0.16062513111739637,0.15820159733635575,0.16652300664678585
2025-09-26,rolling_hedge_all_60,60,60,0.2443876339771208,0.16477132319528673,0.18016689145156947,0.16935266250045516,0.1619633778927287,0.1584945088296708,0.16525123613028925
2025-09-29,rolling_hedge_all_60,60,60,0.2443876339771208,0.1646494991709541,0.18097399937392086,0.16862302185163452,0.16449235220895206,0.15613566133428616,0.1651254660602524
2025-09-30,rolling_hedge_all_60,60,60,0.2443876339771208,0.16552476616864137,0.17863101116509403,0.16712171050178762,0.16469822840420645,0.15745571840252406,0.1665685653577464
2025-10-09,rolling_hedge_all_60,60,60,0.2443876339771208,0.16564229737940542,0.17586798429328915,0.16944089165496407,0.16465745330105136,0.15868447478636874,0.1657068985849212
2025-10-10,rolling_hedge_all_60,60,60,0.2443876339771208,0.1651836449406269,0.17927500726976167,0.1693489922377501,0.16350825481598147,0.15630221705495334,0.16638188368092652
2025-10-13,rolling_hedge_all_60,60,60,0.2443876339771208,0.1660421408808729,0.17708601994306916,0.17065131301085665,0.16431299445241074,0.1544839267138971,0.16742360499889344
2025-10-14,rolling_hedge_all_60,60,60,0.2443876339771208,0.166616783537433,0.17644524496381755,0.1704396803385448,0.16374378548307836,0.15492416174460324,0.16783034393252283
2025-10-15,rolling_hedge_all_60,60,60,0.2443876339771208,0.1662658260875619,0.17608483310244039,0.16958938240315807,0.16364619291569676,0.15715530712578848,0.16725845836535438
2025-10-16,rolling_hedge_all_60,60,60,0.2443876339771208,0.1660088277025725,0.1765051219499539,0.17050992040870885,0.1647577995725306,0.15620287414828204,0.16601545621795227
2025-10-17,rolling_hedge_all_60,60,60,0.2443876339771208,0.16572409254386686,0.1781196708041817,0.16818972895298243,0.16609538675036917,0.15544432119044388,0.16642679975815583
2025-10-20,rolling_hedge_all_60,60,60,0.2443876339771208,0.16655537181844535,0.17528805624741628,0.16697392137206077,0.16797842594859205,0.15615566505851053,0.167048559554975
2025-10-21,rolling_hedge_all_60,60,60,0.2443876339771208,0.16632122412050993,0.17510599121481865,0.1685638322235418,0.1673286994769363,0.15610193404846803,0.16657831891572528
2025-10-22,rolling_hedge_all_60,60,60,0.2443876339771208,0.166079117216954,0.17410853052053604,0.16849423838814107,0.16725395219716893,0.15739112496831445,0.16667303670888547
2025-10-23,rolling_hedge_all_60,60,60,0.2443876339771208,0.16686593174110362,0.17102702003447123,0.16783591723206326,0.16797541267309435,0.15722661390320194,0.16906910441606557
2025-10-24,rolling_hedge_all_60,60,60,0.2443876339771208,0.16685199853223612,0.1714171479083703,0.16692425609109376,0.16808064131884698,0.157397604874594,0.16932835127485898
2025-10-27,rolling_hedge_all_60,60,60,0.2443876339771208,0.16680252999142928,0.17036331524482,0.16769261828424312,0.16812414926948602,0.15763042106884154,0.1693869661411801
2025-10-28,rolling_hedge_all_60,60,60,0.2443876339771208,0.16658225864207182,0.17140635265520393,0.1676845265646729,0.16705769690952066,0.15717544325398689,0.1700937219745438
2025-10-29,rolling_hedge_all_60,60,60,0.2443876339771208,0.16572955429167338,0.1701831608747144,0.16979807364031502,0.1682662284811992,0.1565543200918904,0.16946866262020746
2025-10-30,rolling_hedge_all_60,60,60,0.2443876339771208,0.16615016393578697,0.1704139147290546,0.1707165000387259,0.1682959452607263,0.15633865110417808,0.16808482493152815
2025-10-31,rolling_hedge_all_60,60,60,0.2443876339771208,0.16647202023624955,0.17030291171909262,0.1709449865084042,0.16790141266621678,0.15538067357325158,0.1689979952967853
2025-11-03,rolling_hedge_all_60,60,60,0.2443876339771208,0.16578756141427153,0.16913396969910519,0.17056640227385073,0.16710053430321734,0.15754428654454794,0.16986724576500728
2025-11-04,rolling_hedge_all_60,60,60,0.2443876339771208,0.1649386228273563,0.17019846242119663,0.17097105845827817,0.16789118879452244,0.1571538619791949,0.16884680551945153
2025-11-05,rolling_hedge_all_60,60,60,0.2443876339771208,0.16528339835974568,0.1670996498250045,0.17052114357976447,0.1695330803548729,0.1571140846292936,0.17044864325131887
2025-11-06,rolling_hedge_all_60,60,60,0.2443876339771208,0.16486643543123958,0.16689009781390465,0.17086225641914826,0.17057132184176158,0.1558465840234384,0.17096330447050756
2025-11-07,rolling_hedge_all_60,60,60,0.2443876339771208,0.16529532635595048,0.16735459867722513,0.16881479836001465,0.17164025002768304,0.15420637621800398,0.17268865036112266
2025-11-10,rolling_hedge_all_60,60,60,0.2443876339771208,0.16473603869071302,0.16379241093920624,0.1716452965898709,0.17175689051073356,0.154748250884673,0.17332111238480333
2025-11-11,rolling_hedge_all_60,60,60,0.2443876339771208,0.16512635480109267,0.16220440858794663,0.17206027159456364,0.17049897252427182,0.15557667583550372,0.17453331665662158
2025-11-12,rolling_hedge_all_60,60,60,0.2443876339771208,0.16495441478429324,0.16353067895039264,0.16852801198653858,0.1710065151583449,0.15605529485954883,0.17592508426088177
2025-11-13,rolling_hedge_all_60,60,60,0.2443876339771208,0.1644127782564438,0.16606676784669955,0.1664349591678555,0.16904757630622133,0.1576413526795389,0.176396565743241
2025-11-14,rolling_hedge_all_60,60,60,0.2443876339771208,0.16452742842620938,0.16545551757865748,0.16623527979081926,0.1690466837991941,0.15780193892974284,0.17693315147537697
2025-11-17,rolling_hedge_all_60,60,60,0.2443876339771208,0.16455488539975818,0.16538584835395684,0.1666733399393607,0.1685637353720168,0.15804369528582599,0.17677849564908155
2025-11-18,rolling_hedge_all_60,60,60,0.2443876339771208,0.16437259623621114,0.16703707876177493,0.16743317555708273,0.1698967685725433,0.15582118706013637,0.17543919381225145
2025-11-19,rolling_hedge_all_60,60,60,0.2443876339771208,0.16392611921241484,0.16762493615155127,0.16622941335408406,0.1705054530769894,0.15519962181853156,0.1765144563864288
2025-11-20,rolling_hedge_all_60,60,60,0.2443876339771208,0.16365917597559426,0.16796895970001555,0.1663542014886458,0.1708052573463548,0.1530047848858154,0.17820762060357426
2025-11-21,rolling_hedge_all_60,60,60,0.2443876339771208,0.163502114575401,0.16713430803786616,0.16633607673836448,0.17053937267032443,0.15343128045841414,0.17905684751962975
2025-11-24,rolling_hedge_all_60,60,60,0.2443876339771208,0.1644816543348281,0.16771082079569027,0.16388297904042465,0.17114437822404235,0.1532483958570508,0.17953177174796386
2025-11-25,rolling_hedge_all_60,60,60,0.2443876339771208,0.16461189280664598,0.16688803177104988,0.16344828709423814,0.1723422245507534,0.15215490331099904,0.1805546604663135
2025-11-26,rolling_hedge_all_60,60,60,0.2443876339771208,0.16430901071539325,0.16587156331444813,0.1630859734552289,0.1745016357833266,0.15265808482758908,0.179573731904014
2025-11-27,rolling_hedge_all_60,60,60,0.2443876339771208,0.16385310624227423,0.16590838144582667,0.16293572630013878,0.17588639166424272,0.15345216814185397,0.17796422620566363
2025-11-28,rolling_hedge_all_60,60,60,0.2443876339771208,0.16446959264309954,0.164610074967502,0.16215749508397798,0.17580128328476424,0.1548839612492517,0.17807759277140464
2025-12-01,rolling_hedge_all_60,60,60,0.2443876339771208,0.1645156133336329,0.1647804517913477,0.16253381439904035,0.1752017441914364,0.15437780998968545,0.17859056629485726
2025-12-02,rolling_hedge_all_60,60,60,0.2443876339771208,0.16405293628648862,0.16375992990404376,0.16411987827048802,0.1740139461665199,0.15490415227908952,0.17914915709337023
2025-12-03,rolling_hedge_all_60,60,60,0.2443876339771208,0.1647597451558543,0.1637969628377344,0.1635661737420469,0.17217327350254327,0.15692674923064542,0.17877709553117582
2025-12-04,rolling_hedge_all_60,60,60,0.2443876339771208,0.16431827550634015,0.16588882181384348,0.16337182831367011,0.17176397210782732,0.1558960605727932,0.17876104168552573
2025-12-05,rolling_hedge_all_60,60,60,0.2443876339771208,0.1635518269191133,0.16552774146332203,0.1627448590828836,0.17223598338463533,0.1565548688650709,0.1793847202849748
2025-12-08,rolling_hedge_all_60,60,60,0.2443876339771208,0.16374437786297494,0.16663726691116257,0.16243142981340122,0.17401537694705158,0.15379373221089013,0.17937781625451948
2025-12-09,rolling_hedge_all_60,60,60,0.2443876339771208,0.16518158909375433,0.1649316289588876,0.162289077121385,0.17406259069014027,0.1551455737287455,0.1783895404070872
2025-12-10,rolling_hedge_all_60,60,60,0.2443876339771208,0.16478374703357587,0.16663830717342465,0.16466841723522316,0.1731873831158453,0.15329490785214536,0.17742723758978557
2025-12-11,rolling_hedge_all_60,60,60,0.2443876339771208,0.16454446483377835,0.1665460526891816,0.16638681600823627,0.17230837532373272,0.15331921645525973,0.17689507468981133
2025-12-12,rolling_hedge_all_60,60,60,0.2443876339771208,0.16375754703347056,0.16925619348312324,0.16385017018385112,0.17301556548502517,0.1551880982537663,0.17493242556076355
2025-12-15,rolling_hedge_all_60,60,60,0.2443876339771208,0.1644792936621056,0.16972517743333948,0.1645610753333035,0.17196658820587424,0.15406466822114348,0.1752031971442337
2025-12-16,rolling_hedge_all_60,60,60,0.2443876339771208,0.1642874987588227,0.16944592033647185,0.16428973141760847,0.17293846769981022,0.15393484027121793,0.1751035415160688
2025-12-17,rolling_hedge_all_60,60,60,0.2443876339771208,0.1645576777631479,0.17061501007641627,0.1652912546938255,0.17274788198281413,0.1518267556555131,0.17496141982828323
2025-12-18,rolling_hedge_all_60,60,60,0.2443876339771208,0.16377567885125396,0.16980134732006658,0.16478206560069736,0.1727604014911473,0.15337111429475433,0.17550939244208041
2025-12-19,rolling_hedge_all_60,60,60,0.2443876339771208,0.16395159833610698,0.17034919627770784,0.16349901616310514,0.1733038469701858,0.15417912688490293,0.17471721536799134
2025-12-22,rolling_hedge_all_60,60,60,0.2443876339771208,0.16421187592371517,0.16908434383485071,0.16152876053652904,0.1742761791493902,0.15578585768081807,0.17511298287469684
2025-12-23,rolling_hedge_all_60,60,60,0.2443876339771208,0.16335817807830566,0.16824237894666413,0.16304509409248047,0.17348284883188145,0.15674409083374996,0.17512740921691836
2025-12-24,rolling_hedge_all_60,60,60,0.2443876339771208,0.16343018362111614,0.16831630820100446,0.16042487820866555,0.17373330549227559,0.15750393006055338,0.17659139441638497
2025-12-25,rolling_hedge_all_60,60,60,0.2443876339771208,0.1630836296506032,0.16668976496574825,0.15969900958088531,0.17424429630251773,0.1585614119236601,0.17772188757658536
2025-12-26,rolling_hedge_all_60,60,60,0.2443876339771208,0.1629903344385551,0.1672620272093061,0.15927161144710153,0.1760637785271997,0.15732537935084528,0.17708686902699225
2025-12-29,rolling_hedge_all_60,60,60,0.2443876339771208,0.16286493879941796,0.16524739244939793,0.15989529201550334,0.175429417259951,0.15792810041494335,0.17863485906078644
2025-12-30,rolling_hedge_all_60,60,60,0.2443876339771208,0.16324138372935568,0.1638986665239356,0.16021180368047105,0.17474910653478498,0.1592445236873971,0.1786545158440557
2025-12-31,rolling_hedge_all_60,60,60,0.2443876339771208,0.16375193373139288,0.16431509597550917,0.16022544340904743,0.17620315839537576,0.15627593798406322,0.17922843050461143
2026-01-05,rolling_hedge_all_60,60,60,0.2443876339771208,0.1635653880785398,0.16543504516614507,0.1598901691543243,0.17613368466245638,0.15552850350810765,0.17944720943042694
2026-01-06,rolling_hedge_all_60,60,60,0.2443876339771208,0.16347727001512816,0.16579653409163883,0.15971941872995832,0.17469610414724246,0.15775300170786313,0.178557671308169
2026-01-07,rolling_hedge_all_60,60,60,0.2443876339771208,0.1633408315145179,0.1665640950565206,0.15904748450518294,0.17335256997721563,0.15797316096414582,0.17972185798241705
2026-01-08,rolling_hedge_all_60,60,60,0.2443876339771208,0.1627701775088095,0.1658620580257695,0.15965045902532266,0.1733957777810611,0.1591307398603194,0.1791907877987178
2026-01-09,rolling_hedge_all_60,60,60,0.2443876339771208,0.16256519167098343,0.1655169874615327,0.1610891277050646,0.1729706453192829,0.15881039576758016,0.17904765207555623
2026-01-12,rolling_hedge_all_60,60,60,0.2443876339771208,0.16285866558918885,0.16472979510260674,0.1609005016223638,0.17299386290884744,0.15928143945935103,0.17923573531764206
2026-01-13,rolling_hedge_all_60,60,60,0.2443876339771208,0.16336159471261438,0.16425793471687705,0.16018772431575676,0.17194770505892054,0.1617489680062462,0.17849607318958502
2026-01-14,rolling_hedge_all_60,60,60,0.2443876339771208,0.16333736982393696,0.164066928265652,0.16047775636282305,0.17243554972485006,0.16111967703100052,0.1785627187917375
2026-01-15,rolling_hedge_all_60,60,60,0.2443876339771208,0.16372273521343067,0.16394358185777574,0.1622033774151703,0.17210321665036102,0.1591695517276266,0.17885753713563568
2026-01-16,rolling_hedge_all_60,60,60,0.2443876339771208,0.1641335830396284,0.1625197344560762,0.16326267327810529,0.173037600606041,0.15800842592625303,0.17903798269389615
2026-01-19,rolling_hedge_all_60,60,60,0.2443876339771208,0.1633587590731793,0.16335301501967944,0.1645702398468158,0.17247827071426977,0.15858354372750683,0.1776561716185489
2026-01-20,rolling_hedge_all_60,60,60,0.2443876339771208,0.16322510545710756,0.16216539390935455,0.1644158559995686,0.17333719785566246,0.15866752814142002,0.1781889186368868
2026-01-21,rolling_hedge_all_60,60,60,0.2443876339771208,0.1640746540629713,0.16209713589451613,0.16543322939809144,0.1740918145308462,0.1571207616104017,0.17718240450317332
2026-01-22,rolling_hedge_all_60,60,60,0.2443876339771208,0.16415488142290427,0.16288911894810557,0.16491569903594647,0.1753755581460405,0.1556056917550252,0.17705905069197816
2026-01-23,rolling_hedge_all_60,60,60,0.2443876339771208,0.16479299921596302,0.16380957357541615,0.16201611495651272,0.1756688671620855,0.1568301210041207,0.17688232408590204
2026-01-26,rolling_hedge_all_60,60,60,0.2443876339771208,0.16484839076049954,0.1635346825825835,0.16131690573070448,0.17565448261544753,0.15655263842283126,0.17809289988793361
2026-01-27,rolling_hedge_all_60,60,60,0.2443876339771208,0.16442928705670812,0.16374879908768486,0.16289074821912147,0.17448011997286494,0.15840621857196538,0.17604482709165528
2026-01-28,rolling_hedge_all_60,60,60,0.2443876339771208,0.16435213477358712,0.16552633091064445,0.16259196148111354,0.17386169385569272,0.156459827260998,0.1772080517179643
2026-01-29,rolling_hedge_all_60,60,60,0.2443876339771208,0.16382205999974303,0.1655403599485882,0.1609332083430163,0.17439446231975406,0.15869521865068464,0.17661469073821368
2026-01-30,rolling_hedge_all_60,60,60,0.2443876339771208,0.16367780248962638,0.16752767759707426,0.16108589924288905,0.17411061084989796,0.15830666453930628,0.17529134528120607
2026-02-02,rolling_hedge_all_60,60,60,0.2443876339771208,0.16404659094935597,0.167192875389597,0.16259825650894252,0.1730034830879009,0.15875138286094967,0.17440741120325398
2026-02-03,rolling_hedge_all_60,60,60,0.2443876339771208,0.1646070227530632,0.16559333408685428,0.16309818607849957,0.1726344155630776,0.16026108826031396,0.17380595325819145
2026-02-04,rolling_hedge_all_60,60,60,0.2443876339771208,0.16528110910952767,0.16734886813080743,0.16068665018868522,0.17193553672510026,0.1620734962033874,0.17267433964249201
2026-02-05,rolling_hedge_all_60,60,60,0.2443876339771208,0.16492073126157694,0.16861978929619628,0.16188876299472263,0.17220661870455412,0.16064904275478106,0.171715054988169
2026-02-06,rolling_hedge_all_60,60,60,0.2443876339771208,0.16610777863384982,0.16646579827423677,0.1647176763354336,0.1716114523711449,0.15965616710897715,0.17144112727635788
2026-02-09,rolling_hedge_all_60,60,60,0.2443876339771208,0.16661785905308893,0.1633653035887959,0.16511386283604282,0.17261920109857248,0.16011790399704887,0.17216586942645096
2026-02-10,rolling_hedge_all_60,60,60,0.2443876339771208,0.1661870430991381,0.1646096188689094,0.1639507373287609,0.17264722803778856,0.16131695259312065,0.17128842007228245
2026-02-11,rolling_hedge_all_60,60,60,0.2443876339771208,0.1660781521543572,0.16434024589517532,0.16405545325533155,0.17205127229809317,0.16215572555063093,0.17131915084641186
2026-02-12,rolling_hedge_all_60,60,60,0.2443876339771208,0.16630817257358735,0.16312619978379722,0.16277754507556985,0.17087410612210846,0.16446135423669492,0.17245262220824228
2026-02-13,rolling_hedge_all_60,60,60,0.2443876339771208,0.16610918636886918,0.16261249091338886,0.163338668628896,0.17064869991833845,0.16676095132981728,0.17053000284069028
2026-02-24,rolling_hedge_all_60,60,60,0.2443876339771208,0.16762948627790003,0.1638173131816859,0.16136735182296053,0.17014240200980935,0.1676872092356039,0.16935623747204034
2026-02-25,rolling_hedge_all_60,60,60,0.2443876339771208,0.1677277799094456,0.16278699454131357,0.16230403841499041,0.1702501376866236,0.16867864361285764,0.16825240583476905
2026-02-26,rolling_hedge_all_60,60,60,0.2443876339771208,0.16709776292687445,0.16154070737926376,0.1637358229379956,0.16949858544400168,0.16957776173629843,0.16854935957556608
2026-02-27,rolling_hedge_all_60,60,60,0.2443876339771208,0.16720027648307867,0.16197563451558744,0.1632092482882283,0.16994354604556472,0.1695058807716157,0.16816541389592526
2026-03-02,rolling_hedge_all_60,60,60,0.2443876339771208,0.16710118298945356,0.1624307172124965,0.16413567474216714,0.16845846189207098,0.1693396938124047,0.168534269351407
2026-03-03,rolling_hedge_all_60,60,60,0.2443876339771208,0.16677256611376265,0.16199456697833547,0.1648203922276678,0.16736360330854166,0.16965854549808,0.1693903258736124
2026-03-04,rolling_hedge_all_60,60,60,0.2443876339771208,0.16605462275597926,0.16252898292816292,0.16570351237919154,0.16750222295311232,0.1693784463049079,0.16883221267864604
2026-03-05,rolling_hedge_all_60,60,60,0.2443876339771208,0.16687000322660933,0.1625827808537409,0.16538112028292304,0.16654774681784876,0.16960276397680757,0.1690155848420703
2026-03-06,rolling_hedge_all_60,60,60,0.2443876339771208,0.16684179764630913,0.1645304106522518,0.16588943710515125,0.16626188656899965,0.1681018195453011,0.16837464848198702
2026-03-09,rolling_hedge_all_60,60,60,0.2443876339771208,0.1667468480844028,0.16385555303257424,0.16822501548602312,0.16660532380193713,0.16530128796243818,0.16926597163262452
2026-03-10,rolling_hedge_all_60,60,60,0.2443876339771208,0.16608542658954004,0.16245562557302173,0.16837104141980305,0.16565019948385573,0.1663294514478609,0.17110825548591857
2026-03-11,rolling_hedge_all_60,60,60,0.2443876339771208,0.16605301237571546,0.16167506605507845,0.16868619895438663,0.16612480897084522,0.1661284139016704,0.17133249974230388
2026-03-12,rolling_hedge_all_60,60,60,0.2443876339771208,0.16611758113154923,0.16069212449618275,0.1690599157636698,0.16443129905073373,0.16690923776492803,0.17278984179293655
2026-03-13,rolling_hedge_all_60,60,60,0.2443876339771208,0.1654657570005362,0.16286605038463745,0.1675921437232462,0.1638232973623074,0.16788487673713395,0.17236787479213878
2026-03-16,rolling_hedge_all_60,60,60,0.2443876339771208,0.16542341359736323,0.16301077509481635,0.16669362456934778,0.16381699090783247,0.16815964254360516,0.17289555328703507
2026-03-17,rolling_hedge_all_60,60,60,0.2443876339771208,0.16687901396333343,0.1628771389231261,0.16487014269414857,0.16351577815066068,0.16733814416696322,0.17451978210176797
2026-03-18,rolling_hedge_all_60,60,60,0.2443876339771208,0.16721609324039244,0.16036334695938773,0.16538879778015214,0.16374245118006583,0.16770846626988278,0.17558084457011894
2026-03-19,rolling_hedge_all_60,60,60,0.2443876339771208,0.16667557742629735,0.1624819685763203,0.16397177582997266,0.16510056432350004,0.1671710385766259,0.17459907526728374
2026-03-20,rolling_hedge_all_60,60,60,0.2443876339771208,0.1674963173906842,0.1605350052044966,0.16575583889951762,0.16236616478665344,0.16800542617137015,0.17584124754727792
2026-03-23,rolling_hedge_all_60,60,60,0.2443876339771208,0.16749354764050645,0.15854804515121482,0.16540055462500783,0.1627212645354772,0.16961005467621718,0.17622653337157654
2026-03-24,rolling_hedge_all_60,60,60,0.2443876339771208,0.16771913558234205,0.15929711975576394,0.1653796768073925,0.1632806826170289,0.1701134948792956,0.174209890358177
2026-03-25,rolling_hedge_all_60,60,60,0.2443876339771208,0.1674640258822789,0.16014875240570758,0.16646008261611192,0.1634314087964799,0.16933787372374456,0.17315785657567714
2026-03-26,rolling_hedge_all_60,60,60,0.2443876339771208,0.16748731011950896,0.16042033909115053,0.1681880302940274,0.16185148987015505,0.1685612558159588,0.17349157480919927
2026-03-27,rolling_hedge_all_60,60,60,0.2443876339771208,0.1683735030350618,0.16094141023681688,0.1660564951808369,0.1611596469288248,0.16769861685889037,0.17577032775956927
2026-03-30,rolling_hedge_all_60,60,60,0.2443876339771208,0.16717494899824342,0.16015610735689353,0.16821532468936276,0.1614849125297348,0.1679389521979588,0.1750297542278067
2026-03-31,rolling_hedge_all_60,60,60,0.2443876339771208,0.16737222513506658,0.16170316761291467,0.16836523976022405,0.16098536871227156,0.1662494297929351,0.17532456898658802
2026-04-01,rolling_hedge_all_60,60,60,0.2443876339771208,0.16776135057439176,0.16209661483148866,0.168816604367863,0.15947189754718985,0.16589699991499995,0.17595653276406675
2026-04-02,rolling_hedge_all_60,60,60,0.2443876339771208,0.16698890673293465,0.16408594901322213,0.16931917151454642,0.15921129388389824,0.16466402936135072,0.17573064949404787
2026-04-03,rolling_hedge_all_60,60,60,0.2443876339771208,0.16733953923786313,0.1636881377962532,0.16894538742248233,0.1586885312365547,0.16531821768885235,0.17602018661799432
2026-04-07,rolling_hedge_all_60,60,60,0.2443876339771208,0.16763874093686976,0.16286980023608194,0.16908565669026818,0.1580511661619555,0.16757260191836368,0.17478203405646095
2026-04-08,rolling_hedge_all_60,60,60,0.2443876339771208,0.16772192601818212,0.16304539898270673,0.16921862969455562,0.15766836343263343,0.1676096580180407,0.17473602385388137
2026-04-09,rolling_hedge_all_60,60,60,0.2443876339771208,0.16754458831039948,0.1624695233669665,0.169534096273549,0.15838877112394853,0.16741446599243953,0.17464855493269693
2026-04-10,rolling_hedge_all_60,60,60,0.2443876339771208,0.16705687678801892,0.16284228801110087,0.17007755399832739,0.15835184902688879,0.1679635158189532,0.1737079163567108
2026-04-13,rolling_hedge_all_60,60,60,0.2443876339771208,0.16768302373486801,0.1628407080940832,0.17164092263907052,0.15743101826188402,0.1662556454433197,0.17414868182677462
2026-04-14,rolling_hedge_all_60,60,60,0.2443876339771208,0.16773769104638178,0.16212483740546638,0.17202571711576675,0.15891331100263176,0.16481246085257792,0.17438598257717536
2026-04-15,rolling_hedge_all_60,60,60,0.2443876339771208,0.16665921306085021,0.1617817824579602,0.1719253857971433,0.1601520281944748,0.165837992496023,0.17364359799354853
2026-04-16,rolling_hedge_all_60,60,60,0.2443876339771208,0.16665516041636494,0.16271751394564035,0.17452317714066015,0.15948749377552784,0.16392219876638886,0.17269445595541794
2026-04-17,rolling_hedge_all_60,60,60,0.2443876339771208,0.16689396292859082,0.16370989223139792,0.1745657143876982,0.15828908514731468,0.1636286365980265,0.17291270870697176
2026-04-20,rolling_hedge_all_60,60,60,0.2443876339771208,0.1673217618836894,0.16214396114423724,0.1720489681897522,0.15857742872646877,0.16570724835294584,0.1742006317029064
2026-04-21,rolling_hedge_all_60,60,60,0.2443876339771208,0.16691761664140328,0.16283358916369628,0.17209493792959002,0.1592052195921791,0.16526306956483533,0.17368556710829597
2026-04-22,rolling_hedge_all_60,60,60,0.2443876339771208,0.16791151219553332,0.16282331418529086,0.1735780389363456,0.15931239754471205,0.16421069447549266,0.17216404266262544
2026-04-23,rolling_hedge_all_60,60,60,0.2443876339771208,0.1692097745116914,0.1620441137193518,0.17353067824875854,0.15901112442836385,0.1647513290697417,0.17145298002209267
2026-04-24,rolling_hedge_all_60,60,60,0.2443876339771208,0.16845361630160896,0.16359392964440175,0.17067243493320933,0.1590634561108062,0.16462398997213876,0.17359257303783496
2026-04-27,rolling_hedge_all_60,60,60,0.2443876339771208,0.16820177559103866,0.16522283184164974,0.17001402572606125,0.15808960390476703,0.1640482470948927,0.17442351584159063
2026-04-28,rolling_hedge_all_60,60,60,0.2443876339771208,0.16822458447485272,0.16371288110554202,0.17273041264403832,0.15864163450593685,0.16236942128418144,0.17432106598544853
2026-04-29,rolling_hedge_all_60,60,60,0.2443876339771208,0.16829454359457097,0.16525231423629422,0.17224614884260456,0.15835916873722375,0.16150566270806394,0.17434216188124266
2026-04-30,rolling_hedge_all_60,60,60,0.2443876339771208,0.16885662001702964,0.16494828940671127,0.17235427535591263,0.15860829327397058,0.1599242475852648,0.175308274361111
2026-05-06,rolling_hedge_all_60,60,60,0.2443876339771208,0.1687693128799882,0.16415775125531393,0.1739220282191721,0.15814190122595997,0.1601277956398222,0.17488121077974358
2026-05-07,rolling_hedge_all_60,60,60,0.2443876339771208,0.16998680852052303,0.16608140633126345,0.1735804659849511,0.1566355092515309,0.16005575187170537,0.17366005804002604
2026-05-08,rolling_hedge_all_60,60,60,0.2443876339771208,0.16985513169474245,0.1671856908895808,0.17197152118035974,0.15705727510086598,0.16007431816263867,0.17385606297181236
2026-05-11,rolling_hedge_all_60,60,60,0.2443876339771208,0.16967243945916194,0.16506172605258287,0.17202583703376348,0.15727930983377994,0.162271239262025,0.17368944835868666
2026-05-12,rolling_hedge_all_60,60,60,0.2443876339771208,0.16968722200005232,0.16497753443009894,0.17189910719513263,0.1575014105267505,0.1626680252255038,0.1732667006224618
2026-05-13,rolling_hedge_all_60,60,60,0.2443876339771208,0.16903364866418272,0.16387867076601811,0.1749286782777084,0.15780050006131557,0.1604008738212651,0.17395762840951015
2026-05-14,rolling_hedge_all_60,60,60,0.2443876339771208,0.16915498676087432,0.16539777909661935,0.17294294641755475,0.1588316853254292,0.1597106860936034,0.17396191630591898
2026-05-15,rolling_hedge_all_60,60,60,0.2443876339771208,0.16872123105127507,0.16521717749937365,0.17251788582742145,0.15862379361644402,0.16146901176478995,0.17345090024069587
2026-05-18,rolling_hedge_all_60,60,60,0.2443876339771208,0.16874100847603402,0.16408664054552535,0.17340121549465534,0.15974392787282385,0.16159497089080685,0.17243223672015462
2026-05-19,rolling_hedge_all_60,60,60,0.2443876339771208,0.16859658316544726,0.1612723110399816,0.17474392221731075,0.15884140729292212,0.1625255765928168,0.1740201996915214
2026-05-20,rolling_hedge_all_60,60,60,0.2443876339771208,0.16859237677267142,0.16283235301615873,0.17408180377438598,0.1588683598767393,0.16064765900399622,0.17497744755604847
2026-05-21,rolling_hedge_all_60,60,60,0.2443876339771208,0.16895783220416724,0.16131047870854204,0.17557960338879205,0.15848633166829107,0.1616081551367554,0.17405759889345224
2026-05-22,rolling_hedge_all_60,60,60,0.2443876339771208,0.16929855537829572,0.15938664200382768,0.17581858673317743,0.1597164569954237,0.1604814829794008,0.17529827590987465
2026-05-25,rolling_hedge_all_60,60,60,0.2443876339771208,0.16830652568593776,0.16007353277942793,0.17572450957259905,0.15927751827979458,0.1613464784641769,0.1752714352180638
2026-05-26,rolling_hedge_all_60,60,60,0.2443876339771208,0.16794725613579048,0.16159205684754546,0.17385156949459526,0.15824474182266102,0.16183726187635633,0.17652711382305145
2026-05-27,rolling_hedge_all_60,60,60,0.2443876339771208,0.16737611429069094,0.16068672016695484,0.17547363202904015,0.15955368325831457,0.16133457453071434,0.17557527572428522
2026-05-28,rolling_hedge_all_60,60,60,0.2443876339771208,0.16714354017146413,0.15913944626273835,0.1768553346294333,0.1588597896375721,0.1607097398592963,0.17729214943949598
2026-05-29,rolling_hedge_all_60,60,60,0.2443876339771208,0.16754200416477294,0.16115951582830737,0.17570247646339948,0.15897439945912364,0.1596076631203935,0.177013940964003
2026-06-01,rolling_hedge_all_60,60,60,0.2443876339771208,0.1680007446587528,0.15906152708706758,0.17635342925338054,0.16080932749014074,0.1589800417011194,0.176794929809539
2026-06-02,rolling_hedge_all_60,60,60,0.2443876339771208,0.1680831935025496,0.1587359805279087,0.1775060310695142,0.15996749517718659,0.15896655760457276,0.17674074211826815
2026-06-03,rolling_hedge_all_60,60,60,0.2443876339771208,0.16732652329476919,0.16150785133202564,0.17685275931699435,0.15952209208406604,0.16028922323348518,0.17450155073865958
2026-06-04,rolling_hedge_all_60,60,60,0.2443876339771208,0.16749777385111508,0.16228626375758062,0.17478876771658475,0.16162858819397666,0.15878342766308426,0.17501517881765866
2026-06-05,rolling_hedge_all_60,60,60,0.2443876339771208,0.16785723901347335,0.16061033067306024,0.17364100666162105,0.16361521983486885,0.16004775507248617,0.17422844874449037
2026-06-08,rolling_hedge_all_60,60,60,0.2443876339771208,0.16800245046502588,0.15751510769551821,0.17546144929082563,0.16576297310816235,0.16010041736345546,0.17315760207701264
2026-06-09,rolling_hedge_all_60,60,60,0.2443876339771208,0.16822175421063887,0.15863243950419192,0.1763216192416475,0.16584898164315948,0.15881492424433208,0.17216028115603013
2026-06-10,rolling_hedge_all_60,60,60,0.2443876339771208,0.1679038334440161,0.15915946987248922,0.17743977990547835,0.16508712682866586,0.15910073281488196,0.17130905713446848
2026-06-11,rolling_hedge_all_60,60,60,0.2443876339771208,0.16824775718235627,0.1582209289848441,0.17768238885390497,0.1660211403370663,0.15733421641258447,0.1724935682292439
2026-06-12,rolling_hedge_all_60,60,60,0.2443876339771208,0.1679163985661774,0.15792577467620067,0.1782719062813321,0.16595205098483343,0.15863274095827487,0.1713011285331816
2026-06-15,rolling_hedge_all_60,60,60,0.2443876339771208,0.1672280476575403,0.1570021436954691,0.18079844486105473,0.1668212330026933,0.15762627435318477,0.17052385643005785
2026-06-16,rolling_hedge_all_60,60,60,0.2443876339771208,0.1678753276944896,0.15829524210059062,0.18099513199684575,0.16678448657547387,0.15593211232849827,0.17011769930410187
2026-06-17,rolling_hedge_all_60,60,60,0.2443876339771208,0.16779480650268305,0.15717842720633904,0.178747504699564,0.1662098260985546,0.15847189229629063,0.17159754319656847
2026-06-18,rolling_hedge_all_60,60,60,0.2443876339771208,0.16752224231262725,0.15771761737326018,0.17828861843632807,0.16793743570826666,0.1576490950920425,0.17088499107747546
2026-06-22,rolling_hedge_all_60,60,60,0.2443876339771208,0.16703953181514458,0.15691836323872863,0.1795655923701218,0.16858019233378002,0.15665253375817975,0.1712437864840452
2026-06-23,rolling_hedge_all_60,60,60,0.2443876339771208,0.16666300694606578,0.1565627956458781,0.18030759019661424,0.16706279972595905,0.15603792794456267,0.1733658795409202
2026-06-24,rolling_hedge_all_60,60,60,0.2443876339771208,0.1668529697935727,0.15661465908339736,0.17922793021507435,0.16624275088181686,0.15806132910114806,0.17300036092499055
2026-06-25,rolling_hedge_all_60,60,60,0.2443876339771208,0.16731660785825142,0.1563775046038706,0.17940860482117468,0.16595068145432904,0.15920410503114532,0.17174249623122897
2026-06-26,rolling_hedge_all_60,60,60,0.2443876339771208,0.16705474608020865,0.1557505346456352,0.18153091879752936,0.166863153368296,0.15914215847548488,0.16965848863284588
2026-06-29,rolling_hedge_all_60,60,60,0.2443876339771208,0.16771569432296246,0.15696813571328364,0.18052630638620976,0.16676775108228156,0.1589826500194112,0.1690394624758513
2026-06-30,rolling_hedge_all_60,60,60,0.2443876339771208,0.16805235032116542,0.15610994184100363,0.18182408873891584,0.16662353759623358,0.15967800850613337,0.16771207299654814
2026-07-01,rolling_hedge_all_60,60,60,0.2443876339771208,0.16734684121485155,0.15500075730331905,0.18218547731464116,0.16559253510400038,0.16215970793779638,0.16771468112539156
2026-07-02,rolling_hedge_all_60,60,60,0.2443876339771208,0.1686154956965768,0.15317596468254868,0.18182651143095774,0.1669315545004212,0.1627534609844542,0.16669701270504145
2026-07-03,rolling_hedge_all_60,60,60,0.2443876339771208,0.16827887850300757,0.1542977853469193,0.18141509778513215,0.1670803641850532,0.1617665500546868,0.16716132412520096
2026-07-06,rolling_hedge_all_60,60,60,0.2443876339771208,0.1676433807485161,0.15540306804503676,0.18246705624208023,0.16601926039621934,0.16091611987823387,0.16755111468991368
2026-07-07,rolling_hedge_all_60,60,60,0.2443876339771208,0.1676581777432316,0.15484378291724366,0.18067827092087918,0.16597296904565262,0.16116773779963087,0.16967906157336202
2026-07-08,rolling_hedge_all_60,60,60,0.2443876339771208,0.16823404954876064,0.15459642801646475,0.17960305917799405,0.1669944105463025,0.16126983426355912,0.1693022184469189
2026-07-09,rolling_hedge_all_60,60,60,0.2443876339771208,0.1684059169860211,0.15453327114762105,0.17983384650165105,0.1685541202433377,0.15981426254481249,0.16885858257655642
2026-07-10,rolling_hedge_all_60,60,60,0.2443876339771208,0.16790133476933725,0.15488652662674132,0.17841648312706426,0.16908432915064264,0.15943885822448509,0.17027246810172939
2026-07-13,rolling_hedge_all_60,60,60,0.2443876339771208,0.16860800142578972,0.15646228897851275,0.17597682320770455,0.1667751971541304,0.161737566410477,0.17044012282338553
2026-07-14,rolling_hedge_all_60,60,60,0.2443876339771208,0.16981975984441638,0.15879936014235452,0.17552036184971612,0.16506825076001008,0.16129779631898658,0.16949447108451624
2026-07-15,rolling_hedge_all_60,60,60,0.2443876339771208,0.1692870535698282,0.15840333220435515,0.1748041129180776,0.16585087992556563,0.16077818372853117,0.17087643765364222
2026-07-16,rolling_hedge_all_60,60,60,0.2443876339771208,0.1688690820624319,0.15782761081772032,0.1733682137817745,0.16589745991566981,0.16309875312835692,0.17093888029404652
2026-07-17,rolling_hedge_all_60,60,60,0.2443876339771208,0.16855181592605123,0.15845879071513705,0.174268807371585,0.16632316181114046,0.16225829276015752,0.17013913141592873
2026-07-20,rolling_hedge_all_60,60,60,0.2443876339771208,0.16906561115562463,0.157753699563738,0.17345420917307625,0.165822645213718,0.16343085306849253,0.17047298182535053
2026-07-21,rolling_hedge_all_60,60,60,0.2443876339771208,0.1682671051092827,0.15881192856345672,0.17135047419241045,0.16602381785162074,0.16494797516943713,0.17059869911379227
2026-07-22,rolling_hedge_all_60,60,60,0.2443876339771208,0.16754615071971515,0.16076263289392448,0.17174052651554658,0.16722395473846313,0.1632408565828252,0.16948587854952546
2026-07-23,rolling_hedge_all_60,60,60,0.2443876339771208,0.167239179725342,0.15972001315580145,0.17331015013787426,0.1670840058180062,0.16485192323377282,0.16779472792920325
2026-07-24,rolling_hedge_all_60,60,60,0.2443876339771208,0.167819927504224,0.15745513289471877,0.17603348282530043,0.16535355593520235,0.16590143447057423,0.16743646636998025
2026-07-27,rolling_hedge_all_60,60,60,0.2443876339771208,0.16795107007096124,0.15906244736873532,0.17492873457446664,0.16448400725418347,0.16664574223637077,0.16692799849528253
2026-07-28,rolling_hedge_all_60,60,60,0.2443876339771208,0.16782673084548136,0.15697528761409377,0.17594685493042786,0.16538955487609996,0.167467312944411,0.1663942587894859
2026-07-29,rolling_hedge_all_60,60,60,0.2443876339771208,0.16765811411036896,0.1574439703695153,0.1749557955809732,0.16762729968016768,0.16538062876931497,0.1669341914896598
2026-07-30,rolling_hedge_all_60,60,60,0.2443876339771208,0.16796840748989172,0.15724443150831227,0.17451195274806394,0.16896374139775672,0.16449190005927858,0.1668195667966968
2026-07-31,rolling_hedge_all_60,60,60,0.2443876339771208,0.1673851222181568,0.15691643072539047,0.1750601139164806,0.17057805973714554,0.162677455558471,0.1673828178443555
2026-08-03,rolling_hedge_all_60,60,60,0.2443876339771208,0.16786522503752077,0.15479656598808378,0.17682384844963944,0.16954525624068612,0.16309907522820863,0.1678700290558612
2026-08-04,rolling_hedge_all_60,60,60,0.2443876339771208,0.1678349420714014,0.15689544708490258,0.1753062722729735,0.1701838912623422,0.16062173436353633,0.16915771294484402
2026-08-05,rolling_hedge_all_60,60,60,0.2443876339771208,0.16766790146399205,0.15764282853294495,0.17649723613665894,0.17013334422167187,0.16041449074493921,0.16764419889979304
2026-08-06,rolling_hedge_all_60,60,60,0.2443876339771208,0.1676650029838118,0.15878056939947813,0.17415047962316374,0.16952699097161836,0.16241305091180394,0.1674639061101241
2026-08-07,rolling_hedge_all_60,60,60,0.2443876339771208,0.16772309657812956,0.15808974075002594,0.1750595132980878,0.1684363520680453,0.16230417366971514,0.16838712363599637
2026-08-10,rolling_hedge_all_60,60,60,0.2443876339771208,0.16800223621762714,0.15965648233730767,0.1756762436273201,0.16753816321549625,0.15997586834217078,0.169151006260078
2026-08-11,rolling_hedge_all_60,60,60,0.2443876339771208,0.16798176283028635,0.1615458354591254,0.17562813232538407,0.16593650752456193,0.15916954823789012,0.16973821362275218
2026-08-12,rolling_hedge_all_60,60,60,0.2443876339771208,0.16824852799260204,0.1643263189178573,0.1738168702578768,0.16642145392570667,0.1573124628307812,0.1698743660751761
2026-08-13,rolling_hedge_all_60,60,60,0.2443876339771208,0.1678956901927213,0.1614862304887704,0.17419376049251156,0.16748320288835172,0.15937061028142832,0.16957050565621673
2026-08-14,rolling_hedge_all_60,60,60,0.2443876339771208,0.16710080318434709,0.16314161546069655,0.1724189828938412,0.1688488686621883,0.15840981020572675,0.17007991959319993
2026-08-17,rolling_hedge_all_60,60,60,0.2443876339771208,0.16715804744176363,0.16478566491097285,0.1715537750730576,0.1677590653796179,0.15910043558542783,0.16964301160916007
2025-01-02,rolling_hedge_all_120,120,0,,0.16666666666666666,0.16666666666666666,0.16666666666666666,0.16666666666666666,0.16666666666666666,0.16666666666666666
2025-01-03,rolling_hedge_all_120,120,1,1.8930184728248454,0.17123817062918936,0.1535952704496368,0.17641284612056468,0.1681216511733729,0.16201905788253862,0.16861300374469754
2025-01-06,rolling_hedge_all_120,120,2,1.3385661990458504,0.1712834799469915,0.14977606563275506,0.17315442590147462,0.1618124584670295,0.16902068511682788,0.17495288493492137
2025-01-07,rolling_hedge_all_120,120,3,1.0929347248663588,0.16960929256056267,0.15677480250183007,0.1648430251715212,0.1623101470645958,0.1679417637544724,0.17852096894701786
2025-01-08,rolling_hedge_all_120,120,4,0.9465092364124227,0.1709447472818842,0.15233858828610672,0.16645713507134066,0.16190246242474823,0.17189325754301793,0.17646380939290227
2025-01-09,rolling_hedge_all_120,120,5,0.8465835975798386,0.1718079265024655,0.1526248515625201,0.17087994235836151,0.16467685867484022,0.1661779039584442,0.17383251694336846
2025-01-10,rolling_hedge_all_120,120,6,0.7728215553472558,0.171615671753374,0.15838536474530235,0.1710294364586746,0.16317360024521116,0.167455220743742,0.16834070605369597
2025-01-13,rolling_hedge_all_120,120,7,0.7154937294779748,0.1724864409685254,0.1631384494422424,0.17340509145854088,0.16472913263574673,0.1614299216328318,0.16481096386211283
2025-01-14,rolling_hedge_all_120,120,8,0.6692830995229252,0.17091012527776886,0.1663574497672868,0.1710284790753722,0.1630326088243337,0.16331834957710373,0.16535298747813473
2025-01-15,rolling_hedge_all_120,120,9,0.6310061576082818,0.1727556609668256,0.16412423861156875,0.17088792322939111,0.16303580428576261,0.16145479912394503,0.16774157378250684
2025-01-16,rolling_hedge_all_120,120,10,0.5986250026900071,0.17168731391706404,0.16742807504436016,0.17108593715288084,0.16614863861852844,0.15982964060264357,0.16382039466452292
2025-01-17,rolling_hedge_all_120,120,11,0.5707665450519638,0.17170663501825478,0.16192102582727086,0.172206745540545,0.16950664936524729,0.1623546654221375,0.16230427882654458
2025-01-20,rolling_hedge_all_120,120,12,0.5464673624331794,0.1717402573544676,0.16116015378648793,0.17204100987203857,0.16790933544531828,0.1621906250351364,0.1649586185065513
2025-01-21,rolling_hedge_all_120,120,13,0.5250288591669626,0.17272007113880214,0.16196466174482294,0.17108610283120562,0.16953657133606953,0.16050471714055728,0.1641878758085425
2025-01-22,rolling_hedge_all_120,120,14,0.5059304680103291,0.17235486183308998,0.16313238755865067,0.17059469538152955,0.17009421490826587,0.16322278154989955,0.16060105876856437
2025-01-23,rolling_hedge_all_120,120,15,0.4887752679542416,0.17234678676257753,0.16458875124820896,0.16893852828432926,0.17171725510782476,0.16294632032062792,0.15946235827643154
2025-01-24,rolling_hedge_all_120,120,16,0.47325461820621134,0.17148449011446223,0.16290157580769213,0.1688764205526147,0.17203310486348464,0.1637541395798343,0.16095026908191193
2025-01-27,rolling_hedge_all_120,120,17,0.4591244185118984,0.17232908165899635,0.16094757079905794,0.16863245593362858,0.1708589099623474,0.16627481786991868,0.16095716377605115
2025-02-05,rolling_hedge_all_120,120,18,0.44618873301528345,0.17172866377895768,0.16308689947087704,0.16832725217769362,0.17133582358503466,0.16720497165478362,0.1583163893326535
2025-02-06,rolling_hedge_all_120,120,19,0.434288222173642,0.17089601245457353,0.16295108532275304,0.16665877982888108,0.17277965124116162,0.1689513454713534,0.1577631256812774
2025-02-07,rolling_hedge_all_120,120,20,0.4232917987899193,0.17059459538914032,0.16211535546535857,0.16532407593016257,0.1734021531773592,0.16924645668281732,0.15931736335516197
2025-02-10,rolling_hedge_all_120,120,21,0.41309049731759806,0.16939063690313533,0.16173681690906402,0.1665641275816383,0.172752905843693,0.1691347636532896,0.16042074910917972
2025-02-11,rolling_hedge_all_120,120,22,0.4035928944806607,0.16866628355747412,0.16126455474464782,0.1666328378559194,0.17403417816491004,0.1700112360685982,0.15939090960845045
2025-02-12,rolling_hedge_all_120,120,23,0.39472163766029117,0.16878907647431127,0.16116673805318843,0.16558331597497014,0.17359017385349587,0.171353094204208,0.15951760143982624
2025-02-13,rolling_hedge_all_120,120,24,0.3864107776736279,0.16858893325497512,0.16213942254205316,0.16568967477002075,0.17252532040260235,0.17274997877410897,0.15830667025623954
2025-02-14,rolling_hedge_all_120,120,25,0.3786036945649691,0.1693208325629527,0.16265782734931225,0.16608771309504272,0.1708248165051374,0.17413796950967805,0.15697084097787684
2025-02-17,rolling_hedge_all_120,120,26,0.37125146663559616,0.1694260909821365,0.16253933702076218,0.16459878826605695,0.17157104111174729,0.174191864751667,0.1576728778676301
2025-02-18,rolling_hedge_all_120,120,27,0.3643115749554529,0.16918169159025917,0.16341011615687853,0.16484494854477913,0.17138805825428885,0.1734186706305449,0.15775651482324943
2025-02-19,rolling_hedge_all_120,120,28,0.3577468647389874,0.17043855362791005,0.16384900831412053,0.16587073314859777,0.17046787233815452,0.1705663117548458,0.1588075208163713
2025-02-20,rolling_hedge_all_120,120,29,0.3515247054866159,0.17083174105559035,0.16437671243805477,0.1659656539654809,0.16946666745025454,0.1696038045460526,0.15975542054456698
2025-02-21,rolling_hedge_all_120,120,30,0.34561630644671604,0.17103457947252373,0.16480579534577217,0.16545480296642992,0.16935593459273574,0.16875898589420638,0.160589901728332
2025-02-24,rolling_hedge_all_120,120,31,0.33999615455397053,0.1710616350232723,0.16533539408914658,0.16654531315471213,0.16943281994209186,0.16769155789788523,0.159933279892892
2025-02-25,rolling_hedge_all_120,120,32,0.3346415497614626,0.17149725757168457,0.16677732937939638,0.16641296138777237,0.1674004027992419,0.1668306982232111,0.1610813506386937
2025-02-26,rolling_hedge_all_120,120,33,0.329532218430184,0.1717150111491387,0.16811417187870256,0.1660081801286826,0.1665728901095131,0.16751130984510448,0.1600784368888586
2025-02-27,rolling_hedge_all_120,120,34,0.3246499897380938,0.1721137230980644,0.16751263361689672,0.16568604363320114,0.16652171101681215,0.168968660660887,0.15919722797413852
2025-02-28,rolling_hedge_all_120,120,35,0.31997852331751936,0.17243814404342486,0.16648228429108564,0.16713415360863662,0.16845362024319474,0.16769752584026548,0.15779427197339266
2025-03-03,rolling_hedge_all_120,120,36,0.3155030788041409,0.17256389955439877,0.1674997871030365,0.16706037192374784,0.16784221955780557,0.16705403567774602,0.1579796861832654
2025-03-04,rolling_hedge_all_120,120,37,0.3112103198827386,0.17282089783717586,0.16628666108467421,0.16640113124203873,0.16929117313848804,0.16603642305622415,0.15916371364139914
2025-03-05,rolling_hedge_all_120,120,38,0.3070881468884322,0.1730903255296887,0.1670526929762609,0.16737960593283147,0.16999524217029446,0.1648930617545847,0.1575890716363398
2025-03-06,rolling_hedge_all_120,120,39,0.303125553172368,0.17277103316305562,0.16931343944885793,0.16696914743268743,0.16868151899421358,0.16292228288094007,0.15934257808024532
2025-03-07,rolling_hedge_all_120,120,40,0.29931250134500353,0.17303035171874862,0.1700153958271381,0.16557956269612628,0.17041880588559852,0.16150831679526584,0.15944756707712263
2025-03-10,rolling_hedge_all_120,120,41,0.2956398162256801,0.17278817653905343,0.17010824305767638,0.16545463985925934,0.17165182490957012,0.16098339339801487,0.15901372223642585
2025-03-11,rolling_hedge_all_120,120,42,0.2920990918969969,0.17285523424657606,0.17108087169809463,0.16730707791283148,0.1707453048919405,0.1596108896742056,0.15840062157635168
2025-03-12,rolling_hedge_all_120,120,43,0.2886826107189996,0.17292335293253783,0.17125436568748875,0.16626239979145357,0.169586172902663,0.16109983754613683,0.15887387113971996
2025-03-13,rolling_hedge_all_120,120,44,0.2853832725259819,0.17228413457361186,0.17170074799970333,0.16660496778569178,0.16934431926426202,0.1613948612107933,0.15867096916593776
2025-03-14,rolling_hedge_all_120,120,45,0.2821945325266128,0.17231965231133237,0.1719307003954827,0.16693883822202138,0.1699644210140031,0.16024739454481066,0.15859899351234988
2025-03-17,rolling_hedge_all_120,120,46,0.2791103466706512,0.17226051754245433,0.17127236910973417,0.16607791285031673,0.17088164665025027,0.15990726341073241,0.15960029043651208
2025-03-18,rolling_hedge_all_120,120,47,0.2761251234439534,0.17256376131207754,0.17110209655072603,0.1664211238311115,0.1717718286606011,0.15863025621248586,0.15951093343299813
2025-03-19,rolling_hedge_all_120,120,48,0.2732336812165897,0.17290306543772552,0.1719735569512488,0.16400743570173423,0.17218442904476508,0.15878779549139801,0.16014371737312852
2025-03-20,rolling_hedge_all_120,120,49,0.27043121040354934,0.17399317162215824,0.17087242681052014,0.16477335793472878,0.17291905346718875,0.15738536874000253,0.16005662142540142
2025-03-21,rolling_hedge_all_120,120,50,0.26771323980917006,0.17337045168236634,0.1699063981534902,0.16559499715173584,0.17260911572374737,0.15791608758056985,0.1606029497080904
2025-03-24,rolling_hedge_all_120,120,51,0.2650756066193749,0.17329132588656015,0.1682399872901034,0.16648512586263078,0.1724015756626668,0.15720157085350073,0.16238041444453807
2025-03-25,rolling_hedge_all_120,120,52,0.2625144295834813,0.1727977416690135,0.168832775480414,0.1651797360840424,0.1723228315007866,0.15739649919642207,0.1634704160693215
2025-03-26,rolling_hedge_all_120,120,53,0.2600260849925068,0.1725516334114084,0.16856901818042427,0.16563050082962433,0.17335709111590106,0.15635749165643678,0.16353426480620512
2025-03-27,rolling_hedge_all_120,120,54,0.2576071851157519,0.17194986938222434,0.16786758309402944,0.16636801748166336,0.17385563569670062,0.15618939298233825,0.1637695013630439
2025-03-28,rolling_hedge_all_120,120,55,0.25525455880377745,0.1716257221167756,0.1679684786562062,0.16407361403328719,0.1738173170423502,0.15702354529887608,0.16549132285250462
2025-03-31,rolling_hedge_all_120,120,56,0.2529652340051646,0.17102282212738198,0.16649729387927345,0.16595291518644617,0.17390822950504142,0.15777515444870793,0.16484358485314898
2025-04-01,rolling_hedge_all_120,120,57,0.2507364219778362,0.1714820845689383,0.16623199479107792,0.16733138035654752,0.17222874567552549,0.1573475528856351,0.16537824172227567
2025-04-02,rolling_hedge_all_120,120,58,0.24856550300419009,0.1714165161240024,0.16809883637770612,0.16663123637741845,0.1732416467976576,0.1562741974822163,0.164337566840999
2025-04-03,rolling_hedge_all_120,120,59,0.24645001344364895,0.17114511093110316,0.17037875193107357,0.166290890211086,0.17295028098120382,0.15481088560178322,0.16442408034375028
2025-04-07,rolling_hedge_all_120,120,60,0.2443876339771208,0.17163174969531914,0.16800100480467353,0.16755370075884568,0.17169087156406662,0.15650444508737496,0.16461822808971996
2025-04-08,rolling_hedge_all_120,120,61,0.24237617891582883,0.1714911573214227,0.1688126964470962,0.1692579317899202,0.17059325321137392,0.15528892602314087,0.16455603520704604
2025-04-09,rolling_hedge_all_120,120,62,0.24041358646246203,0.17130444234584058,0.16872232707967838,0.1696991964049239,0.17049915611341815,0.15583069931300697,0.16394417874313202
2025-04-10,rolling_hedge_all_120,120,63,0.23849790982599162,0.17185766130361727,0.16804134184131364,0.1688715039809902,0.17063719463155827,0.15579690890181447,0.16479538934070614
2025-04-11,rolling_hedge_all_120,120,64,0.23662730910310567,0.17178824691274708,0.16655191716766057,0.16908087509580527,0.17179387561270454,0.15709607921300245,0.16368900599808012
2025-04-14,rolling_hedge_all_120,120,65,0.23480004384929842,0.17213644510499612,0.16664570357836103,0.16974646534593155,0.17117390100974272,0.15714879804985207,0.16314868691111642
2025-04-15,rolling_hedge_all_120,120,66,0.2330144662714297,0.17191589418252057,0.16631441047574316,0.16993321962113733,0.17170385865636578,0.1554983135487094,0.16463430351552366
2025-04-16,rolling_hedge_all_120,120,67,0.23126901498123284,0.1723096298794706,0.16603581907951487,0.17046012905772923,0.17069949009650073,0.15569114406108903,0.1648037878256956
2025-04-17,rolling_hedge_all_120,120,68,0.2295622092559492,0.1718606302700619,0.16632058302455927,0.16929259916000294,0.1703762491852217,0.1574366110709657,0.16471332728918844
2025-04-18,rolling_hedge_all_120,120,69,0.22789264375813903,0.17260391055409266,0.16690777382405864,0.1679731719571948,0.1709788096143447,0.15720654516418686,0.16432978888612243
2025-04-21,rolling_hedge_all_120,120,70,0.22625898367187575,0.17286587372325096,0.16681922973365815,0.16790304413704119,0.17000246773018207,0.15691720126199196,0.1654921834138758
2025-04-22,rolling_hedge_all_120,120,71,0.22465996021706658,0.17258170265330092,0.16547095606759124,0.16791344654812812,0.17092121743789948,0.15721881499450055,0.16589386229857964
2025-04-23,rolling_hedge_all_120,120,72,0.22309436650764172,0.17245860021999176,0.1646898467840495,0.169061027977719,0.1703387893529555,0.15795219191796944,0.16549954374731482
2025-04-24,rolling_hedge_all_120,120,73,0.221561053722887,0.17215280606795452,0.16532652107144138,0.16755371932566232,0.17077087216557782,0.15798540242117984,0.16621067894818423
2025-04-25,rolling_hedge_all_120,120,74,0.2200589275643191,0.17176498475004226,0.16340695416761372,0.16838430802912696,0.17145222392745282,0.1586054214561968,0.16638610766956743
2025-04-28,rolling_hedge_all_120,120,75,0.21858694497327175,0.17118374856016885,0.16429331880863798,0.1680558319066405,0.17165372554462874,0.1591460902229821,0.16566728495694186
2025-04-29,rolling_hedge_all_120,120,76,0.217144111086821,0.17083102761353774,0.165771200129684,0.16749996312798499,0.17168005550703783,0.1591191264618951,0.16509862715986043
2025-04-30,rolling_hedge_all_120,120,77,0.21572947641186285,0.1704210755822175,0.16681524731994063,0.1683861598274868,0.1709294804997119,0.1580116089205707,0.16543642785007234
2025-05-06,rolling_hedge_all_120,120,78,0.2143421341991048,0.16989041179698633,0.16807252475861334,0.167692315661178,0.17065393721406197,0.15855360898161147,0.16513720158754883
2025-05-07,rolling_hedge_all_120,120,79,0.21298121800046926,0.1696455241620215,0.1677638652047021,0.16756625746751574,0.17092609108651577,0.15935978868527526,0.16473847339396952
2025-05-08,rolling_hedge_all_120,120,80,0.21164589939495965,0.16969142344213572,0.16701670728650578,0.16661239267463104,0.17115380206766215,0.16042910145808675,0.16509657307097853
2025-05-09,rolling_hedge_all_120,120,81,0.21033538586942727,0.16989004987093256,0.1675837920477406,0.16579256713016985,0.17161483600018543,0.16006020335158605,0.1650585515993854
2025-05-12,rolling_hedge_all_120,120,82,0.2090489188419231,0.16986102605132983,0.1674756230372961,0.16642567984516365,0.17185573949498606,0.15897328543654077,0.16540864613468356
2025-05-13,rolling_hedge_all_120,120,83,0.2077857718164329,0.16973456555242475,0.1669780872348294,0.166749092974945,0.17235573249666097,0.1593351206148131,0.1648474011263267
2025-05-14,rolling_hedge_all_120,120,84,0.20654524865879903,0.16984577878722776,0.16680681669221678,0.1677577571523938,0.1726506235009536,0.1582439832237897,0.16469504064341847
2025-05-15,rolling_hedge_all_120,120,85,0.20532668198453352,0.1697035147410189,0.1662673347207834,0.16892128818380492,0.17288968905830546,0.15792855188038774,0.16428962141569947
2025-05-16,rolling_hedge_all_120,120,86,0.2041294316500409,0.16996965119100563,0.16692486190185452,0.16876736779376542,0.17369899772823988,0.15626572417147802,0.16437339721365649
2025-05-19,rolling_hedge_all_120,120,87,0.20295288333950162,0.1697449537157222,0.16769212323091923,0.16843638828953997,0.1736242914913831,0.15700697175049103,0.16349527152194446
2025-05-20,rolling_hedge_all_120,120,88,0.20179644724033036,0.16996732261262495,0.16830287812802944,0.1681701659150058,0.1748371932791972,0.1561329671340437,0.16258947293109896
2025-05-21,rolling_hedge_all_120,120,89,0.20065955680072134,0.1697125056459526,0.16912260128096937,0.16861295237191784,0.17388601846000426,0.15635827287209972,0.1623076493690561
2025-05-22,rolling_hedge_all_120,120,90,0.1995416675633357,0.16932571058836354,0.1690515364092381,0.16822673985601339,0.17503058902531715,0.15669619090072728,0.1616692332203404
2025-05-23,rolling_hedge_all_120,120,91,0.19844225606967683,0.16938141201933785,0.16880862901384266,0.16783140947617595,0.17509814245287206,0.15701339985161447,0.1618670071861571
2025-05-26,rolling_hedge_all_120,120,92,0.19736081883014558,0.16973275536091978,0.1687755782431252,0.16708352827930656,0.17614409714032808,0.15663407753947187,0.1616299634368485
2025-05-27,rolling_hedge_all_120,120,93,0.1962968713551725,0.16941039179002307,0.16868988932949402,0.16630789051985867,0.17678292069945734,0.15752895128141642,0.1612799563797504
2025-05-28,rolling_hedge_all_120,120,94,0.19524994724319197,0.16915253485789705,0.16858234086990956,0.1669644995533583,0.177292685626656,0.15662893145268417,0.16137900763949492
2025-05-29,rolling_hedge_all_120,120,95,0.194219597321559,0.16868732179597606,0.16828951968564457,0.167325708010631,0.1773621642473389,0.15717922349899263,0.16115606276141678
2025-05-30,rolling_hedge_all_120,120,96,0.19320538883681396,0.1690850434986317,0.16835571679063274,0.1671791771317815,0.17777191243013224,0.1564801819820582,0.1611279681667635
2025-06-03,rolling_hedge_all_120,120,97,0.19220690469098067,0.1688537721617811,0.16812718857343423,0.16649206170815592,0.1777223195180252,0.1573862492639558,0.16141840877464778
2025-06-04,rolling_hedge_all_120,120,98,0.19122374272083575,0.1684445803970647,0.16849399103989368,0.16724426654853364,0.17614237622262258,0.15787349295271605,0.1618012928391693
2025-06-05,rolling_hedge_all_120,120,99,0.19025551501732127,0.16823752878219095,0.16853412031415554,0.16743392368029644,0.17560471967048036,0.158572362302283,0.16161734525059387
2025-06-06,rolling_hedge_all_120,120,100,0.18930184728248456,0.16799408895743848,0.1683975182410388,0.16730432553307129,0.1764594362855739,0.15787137047201902,0.16197326051085856
2025-06-09,rolling_hedge_all_120,120,101,0.18836237822152388,0.16805085905039083,0.1679183660516058,0.16614643929405865,0.17613878044837536,0.15878857526488127,0.16295697989068816
2025-06-10,rolling_hedge_all_120,120,102,0.18743675896769768,0.16780428557020519,0.16736881379720336,0.16655220585870142,0.17660986881558832,0.15901562547802173,0.16264920048027992
2025-06-11,rolling_hedge_all_120,120,103,0.18652465253801775,0.16765502849726283,0.1672965421116198,0.16745561164233483,0.17616785851300873,0.16015164236519797,0.1612733168705758
2025-06-12,rolling_hedge_all_120,120,104,0.18562573331779808,0.1676636965791427,0.16698766261666187,0.16811668694798243,0.176224889059607,0.15999332875554909,0.16101373604105687
2025-06-13,rolling_hedge_all_120,120,105,0.18473968657226875,0.16711582950632348,0.1665331041400978,0.16854000997661664,0.17630109346505451,0.16115960333091428,0.1603503595809933
2025-06-16,rolling_hedge_all_120,120,106,0.18386620798359113,0.16694046360060097,0.16668757681435528,0.1682599140178255,0.17657748634520043,0.1617610157012211,0.15977354352079678
2025-06-17,rolling_hedge_all_120,120,107,0.1830050032117275,0.16745320300114838,0.16665846622581168,0.1677364207070665,0.17688127489624098,0.16126268438257627,0.1600079507871562
2025-06-18,rolling_hedge_all_120,120,108,0.18215578747772646,0.16766341757739592,0.1669827344303068,0.16670331257396037,0.1772067462591962,0.16105718887279077,0.16038660028635
2025-06-19,rolling_hedge_all_120,120,109,0.18131828516808388,0.16799358385323676,0.16762232574288705,0.16481654531832288,0.17696221844358856,0.16202624784348185,0.16057907879848293
2025-06-20,rolling_hedge_all_120,120,110,0.1804922294589314,0.16797787881065387,0.1669257638903524,0.1653894385499863,0.17597765194893183,0.16220302440340414,0.16152624239667138
2025-06-23,rolling_hedge_all_120,120,111,0.17967736195888867,0.16790241653792443,0.16619571679750691,0.16620772197242675,0.17555482033046046,0.16141908148100204,0.16272024288067932
2025-06-24,rolling_hedge_all_120,120,112,0.1788734323694937,0.16809236975892183,0.1665119992062847,0.16641205028089556,0.17523148937557648,0.16065398498417546,0.16309810639414588
2025-06-25,rolling_hedge_all_120,120,113,0.17808019816219797,0.16806866552589328,0.16651808721411707,0.1669428759304799,0.17485375080866608,0.16087360197662048,0.16274301854422318
2025-06-26,rolling_hedge_all_120,120,114,0.17729742427097966,0.16819807305508983,0.1660754898008496,0.16746456635594617,0.17494009760173532,0.16018145503628084,0.16314031815009822
2025-06-27,rolling_hedge_all_120,120,115,0.17652488279969042,0.16742906269019478,0.16643984023730427,0.16777952257174078,0.17434889668158432,0.16040018640986967,0.16360249140930624
2025-06-30,rolling_hedge_all_120,120,116,0.17576235274330795,0.16727823716668666,0.16761518320496172,0.16640017028350348,0.1745305884407082,0.16125883665116403,0.16291698425297585
2025-07-01,rolling_hedge_all_120,120,117,0.17500961972232087,0.16737026162001054,0.16730502357538543,0.16565218761819045,0.17430801788895606,0.16187905841019132,0.16348545088726638
2025-07-02,rolling_hedge_all_120,120,118,0.17426647572951998,0.16716759612299925,0.16685848124994218,0.16603275672901466,0.17390003505543597,0.16246125811202453,0.16357987273058341
2025-07-03,rolling_hedge_all_120,120,119,0.17353271888851757,0.1676091390066129,0.16808872771262878,0.16529768872236392,0.17389107775748378,0.16204542883977816,0.16306793796113245
2025-07-04,rolling_hedge_all_120,120,120,0.17280815322335802,0.16753832055501222,0.16896275777565084,0.16531882600715922,0.1729943905969818,0.16151975818222863,0.16366594688296732
2025-07-07,rolling_hedge_all_120,120,120,0.17280815322335802,0.16686018200226202,0.17026539064002993,0.16481981226988796,0.17217388887284912,0.16242266210467576,0.16345806411029518
2025-07-08,rolling_hedge_all_120,120,120,0.17280815322335802,0.16612874952625314,0.17215475693799803,0.1655966988328261,0.17256953410437847,0.16155109902961293,0.16199916156893127
2025-07-09,rolling_hedge_all_120,120,120,0.17280815322335802,0.16629608649878935,0.17271930932725774,0.1657445044217766,0.1736563713392845,0.1605810928320732,0.16100263558081873
2025-07-10,rolling_hedge_all_120,120,120,0.17280815322335802,0.16612749117123035,0.17199756373585956,0.16568348489711254,0.17481738522731075,0.1602501143556863,0.1611239606128006
2025-07-11,rolling_hedge_all_120,120,120,0.17280815322335802,0.16558162233915596,0.17310183274896476,0.1638983209586174,0.17407366888782563,0.16249978632261025,0.16084476874282597
2025-07-14,rolling_hedge_all_120,120,120,0.17280815322335802,0.1654297222697268,0.1726056947287183,0.16372615445419655,0.1749370561638512,0.16150382587563958,0.16179754650786757
2025-07-15,rolling_hedge_all_120,120,120,0.17280815322335802,0.16525513954753965,0.17220655355716438,0.16314954087582886,0.1745036644353065,0.1620767291807806,0.1628083724033801
2025-07-16,rolling_hedge_all_120,120,120,0.17280815322335802,0.16583660401933492,0.17114834071790236,0.16342620779998915,0.1739214054125525,0.16152788964212456,0.16413955240809658
2025-07-17,rolling_hedge_all_120,120,120,0.17280815322335802,0.165517828022219,0.1707807003062842,0.16463764665487626,0.17365784202856688,0.1616766562358371,0.16372932675221638
2025-07-18,rolling_hedge_all_120,120,120,0.17280815322335802,0.1651896966053067,0.17133332362472203,0.1654398243592995,0.17230731129414165,0.16151878763364244,0.16421105648288778
2025-07-21,rolling_hedge_all_120,120,120,0.17280815322335802,0.1648798701784566,0.17374791490848077,0.16385022912505062,0.17181149152251973,0.16119013676677912,0.16452035749871322
2025-07-22,rolling_hedge_all_120,120,120,0.17280815322335802,0.1647476690108235,0.1757550084081848,0.1637428913847633,0.171769658007085,0.16034691992404443,0.163637853265099
2025-07-23,rolling_hedge_all_120,120,120,0.17280815322335802,0.16402488919938635,0.1768156751332136,0.1640561305754332,0.17078420430166752,0.160805700193804,0.1635134005964954
2025-07-24,rolling_hedge_all_120,120,120,0.17280815322335802,0.1637466401325429,0.176930991745448,0.16456784052725262,0.16986313943611808,0.1600805779535269,0.1648108102051116
2025-07-25,rolling_hedge_all_120,120,120,0.17280815322335802,0.16351273168533995,0.17723236690211988,0.164732144833105,0.1688364280019902,0.16061798835176128,0.16506834022568362
2025-07-28,rolling_hedge_all_120,120,120,0.17280815322335802,0.16384642485084672,0.17670928363245128,0.16463534756554252,0.1688228293824262,0.16136836165105378,0.1646177529176795
2025-07-29,rolling_hedge_all_120,120,120,0.17280815322335802,0.1637704493963087,0.17809176083326247,0.163988236592313,0.16790900284161658,0.16094372459520334,0.16529682574129584
2025-07-30,rolling_hedge_all_120,120,120,0.17280815322335802,0.1635789196603869,0.17743403663068924,0.16367691145490096,0.16792335024449964,0.1606831323981509,0.16670364961137227
2025-07-31,rolling_hedge_all_120,120,120,0.17280815322335802,0.16374222530855867,0.17789596781625303,0.16372148884551696,0.16735759501771133,0.16042441515896994,0.16685830785299013
2025-08-01,rolling_hedge_all_120,120,120,0.17280815322335802,0.16433670335113254,0.17761185911233995,0.16448019969060532,0.16798243183430064,0.15992741148582473,0.16566139452579687
2025-08-04,rolling_hedge_all_120,120,120,0.17280815322335802,0.16534671353691585,0.17683701945810423,0.16386505932760623,0.1678590089754905,0.15953651176596914,0.1665556869359142
2025-08-05,rolling_hedge_all_120,120,120,0.17280815322335802,0.16554521553410503,0.1780540955395667,0.16417103964222277,0.16652109699319073,0.15882541124241775,0.166883141048497
2025-08-06,rolling_hedge_all_120,120,120,0.17280815322335802,0.16553116958305125,0.17914177228757572,0.16371739405322278,0.16621091223658488,0.15831126247868216,0.16708748936088322
2025-08-07,rolling_hedge_all_120,120,120,0.17280815322335802,0.16495812921580344,0.17958443759999884,0.164487589952994,0.16589343875716517,0.1574762991392725,0.16760010533476608
2025-08-08,rolling_hedge_all_120,120,120,0.17280815322335802,0.1648857595271823,0.18095854581095286,0.16350841383528802,0.16671911549047136,0.15595294770428395,0.16797521763182163
2025-08-11,rolling_hedge_all_120,120,120,0.17280815322335802,0.16472159933904784,0.18149126933276058,0.16390998773756207,0.16687730228267822,0.15598225511852756,0.16701758618942364
2025-08-12,rolling_hedge_all_120,120,120,0.17280815322335802,0.16460189884034854,0.1812512068031773,0.16468199720925175,0.16634651733143485,0.15648501122808614,0.1666333685877014
2025-08-13,rolling_hedge_all_120,120,120,0.17280815322335802,0.16401707914825445,0.18063270735476405,0.16486321500797552,0.16721492819660408,0.15715481372790435,0.1661172565644976
2025-08-14,rolling_hedge_all_120,120,120,0.17280815322335802,0.16416364874086528,0.17992557377174126,0.16543409127232392,0.16812812964369123,0.1569115178298007,0.16543703874157767
2025-08-15,rolling_hedge_all_120,120,120,0.17280815322335802,0.16398382231161154,0.18011051599711522,0.16549958694484906,0.16859782193023312,0.15684038188369678,0.16496787093249418
2025-08-18,rolling_hedge_all_120,120,120,0.17280815322335802,0.16401057529250215,0.17924353634180762,0.1649069663430783,0.16816284536254616,0.15793443744204214,0.16574163921802368
2025-08-19,rolling_hedge_all_120,120,120,0.17280815322335802,0.16405296618138415,0.17864659299718852,0.16565662831548686,0.16882836385213354,0.15788731762607908,0.16492813102772785
2025-08-20,rolling_hedge_all_120,120,120,0.17280815322335802,0.16383631499400123,0.17739916362391636,0.16616290829176428,0.16925881000285742,0.15842756233105298,0.1649152407564077
2025-08-21,rolling_hedge_all_120,120,120,0.17280815322335802,0.16358239220212578,0.17835994226935586,0.1664109455978418,0.16967779848764922,0.156827044687274,0.16514187675575318
2025-08-22,rolling_hedge_all_120,120,120,0.17280815322335802,0.16303977762526167,0.17901941957398795,0.16642356204750305,0.16847248355102115,0.15736115266072892,0.16568360454149725
2025-08-25,rolling_hedge_all_120,120,120,0.17280815322335802,0.16276235733041292,0.17874817531511092,0.16668907006644404,0.1681882068717107,0.15798299912593697,0.16562919129038453
2025-08-26,rolling_hedge_all_120,120,120,0.17280815322335802,0.16254534098976928,0.17930420722687956,0.16689280884354718,0.1668367850331795,0.15867021236395767,0.1657506455426668
2025-08-27,rolling_hedge_all_120,120,120,0.17280815322335802,0.16255472537028412,0.17942432598270894,0.16563453736692252,0.16590224269607778,0.15889530995415665,0.16758885862984987
2025-08-28,rolling_hedge_all_120,120,120,0.17280815322335802,0.16244278338813192,0.17819483159646363,0.16611110744612378,0.1669484189529753,0.15912078092004384,0.1671820776962613
2025-08-29,rolling_hedge_all_120,120,120,0.17280815322335802,0.16198881918168406,0.17675619708601256,0.16680623960464663,0.1666312040763441,0.1604654064814033,0.16735213356990916
2025-09-01,rolling_hedge_all_120,120,120,0.17280815322335802,0.16208905613181757,0.17644419333750422,0.16661660925730623,0.1659563207205052,0.1615507315588484,0.16734308899401845
2025-09-02,rolling_hedge_all_120,120,120,0.17280815322335802,0.16155916986737806,0.17669517718824854,0.16550490137462145,0.16665003130671552,0.16169243918184734,0.16789828108118898
2025-09-03,rolling_hedge_all_120,120,120,0.17280815322335802,0.1619014240248097,0.17602655226115657,0.16631175236537601,0.16725932011227687,0.16125438858361785,0.16724656265276283
2025-09-04,rolling_hedge_all_120,120,120,0.17280815322335802,0.16262765332187692,0.17553267604451803,0.16638298365105686,0.16710910874663645,0.16106630080789797,0.16728127742801377
2025-09-05,rolling_hedge_all_120,120,120,0.17280815322335802,0.16254876045537506,0.1746265993054008,0.16628381582194807,0.16629654919475298,0.16285677378856264,0.16738750143396045
2025-09-08,rolling_hedge_all_120,120,120,0.17280815322335802,0.16197590123564518,0.17579611006378365,0.16698319424278457,0.16571163678218015,0.1623369469807441,0.16719621069486232
2025-09-09,rolling_hedge_all_120,120,120,0.17280815322335802,0.16206440251241858,0.17521197787613108,0.1652742514680192,0.165713816095512,0.16394249095934704,0.1677930610885721
2025-09-10,rolling_hedge_all_120,120,120,0.17280815322335802,0.16159778567339778,0.17521073613672591,0.16569593290894574,0.1656361586052903,0.16432247033177177,0.16753691634386847
2025-09-11,rolling_hedge_all_120,120,120,0.17280815322335802,0.1611219627907996,0.1750557772092972,0.1660041177587462,0.16509471744189894,0.16439137862691314,0.168332046172345
2025-09-12,rolling_hedge_all_120,120,120,0.17280815322335802,0.16135221121953594,0.17434725214761912,0.16654861109405847,0.16570049637256237,0.16439022783992682,0.16766120132629725
2025-09-15,rolling_hedge_all_120,120,120,0.17280815322335802,0.16106715863804713,0.1766873971590379,0.16554753069652223,0.1666533621796882,0.16400092182945952,0.16604362949724502
2025-09-16,rolling_hedge_all_120,120,120,0.17280815322335802,0.16126396821528893,0.17665287997951473,0.16570791181094882,0.16608733708472884,0.16473949362658535,0.1655484092829335
2025-09-17,rolling_hedge_all_120,120,120,0.17280815322335802,0.16196172942926712,0.17627180786816668,0.16552761994502058,0.1656612627464997,0.16516750238285466,0.1654100776281912
2025-09-18,rolling_hedge_all_120,120,120,0.17280815322335802,0.16231071829729665,0.17622615369076952,0.16576721597390043,0.16497152130897122,0.1643492784144331,0.16637511231462906
2025-09-19,rolling_hedge_all_120,120,120,0.17280815322335802,0.162128817908662,0.1764296314769934,0.1685028688727014,0.16496478563430986,0.16324673633727066,0.16472715977006272
2025-09-22,rolling_hedge_all_120,120,120,0.17280815322335802,0.16280685742650966,0.1780071013453646,0.16662948815799017,0.16507580026683652,0.16253484670771953,0.16494590609557952
2025-09-23,rolling_hedge_all_120,120,120,0.17280815322335802,0.16283003984286573,0.1782796380735785,0.16617371223222618,0.16594947968242993,0.1622933329276277,0.16447379724127187
2025-09-24,rolling_hedge_all_120,120,120,0.17280815322335802,0.16282419807902565,0.17736286908078538,0.16723259629779466,0.16515913517989353,0.1628858829274199,0.1645353184350809
2025-09-25,rolling_hedge_all_120,120,120,0.17280815322335802,0.16295666368378353,0.175124712308071,0.16776436986676824,0.16506763648174017,0.16452112461482027,0.16456549304481682
2025-09-26,rolling_hedge_all_120,120,120,0.17280815322335802,0.1627817249665636,0.17753318334454968,0.16657908400648744,0.1660119423681007,0.16297632765705597,0.16411773765724263
2025-09-29,rolling_hedge_all_120,120,120,0.17280815322335802,0.16251901090948392,0.1775301687592559,0.16524299326063935,0.16792788320729732,0.1627157036792306,0.16406424018409296
2025-09-30,rolling_hedge_all_120,120,120,0.17280815322335802,0.16270167135294752,0.17680125829701349,0.16462492687029992,0.16774739369399322,0.16319910708350288,0.164925642702243
2025-10-09,rolling_hedge_all_120,120,120,0.17280815322335802,0.16240301503317472,0.17664932176613318,0.1658336125263339,0.168575151257839,0.16308864397357117,0.16345025544294803
2025-10-10,rolling_hedge_all_120,120,120,0.17280815322335802,0.1622837914118629,0.17831028196703308,0.16584010720814724,0.16786806249175049,0.16086251446761568,0.16483524245359074
2025-10-13,rolling_hedge_all_120,120,120,0.17280815322335802,0.16232584327136193,0.1775489550828955,0.16532833039380262,0.16862737641021627,0.16078078019882747,0.1653887146428963
2025-10-14,rolling_hedge_all_120,120,120,0.17280815322335802,0.16272256876218977,0.17797880471885097,0.16493867335815154,0.16821842471928122,0.16166536580579755,0.16447616263572895
2025-10-15,rolling_hedge_all_120,120,120,0.17280815322335802,0.16224733859913607,0.17860109322095896,0.1639629372555426,0.16872137262245718,0.16233060002682703,0.1641366582750781
2025-10-16,rolling_hedge_all_120,120,120,0.17280815322335802,0.16264269802813605,0.17841818632644108,0.1652307789639686,0.1687053395827966,0.16020196139337323,0.16480103570528457
2025-10-17,rolling_hedge_all_120,120,120,0.17280815322335802,0.16212036158308957,0.17804831508329402,0.16585181454505207,0.16888937256544692,0.1594776443185268,0.16561249190459057
2025-10-20,rolling_hedge_all_120,120,120,0.17280815322335802,0.16191634453902926,0.1776248125856446,0.16593605530196354,0.17047210523037376,0.1595388559422826,0.16451182640070625
2025-10-21,rolling_hedge_all_120,120,120,0.17280815322335802,0.1616992758614553,0.17931068411862403,0.16582253522648716,0.16981706202393737,0.15965653646561423,0.16369390630388192
2025-10-22,rolling_hedge_all_120,120,120,0.17280815322335802,0.16152265593333237,0.18096499184755288,0.16479501013878028,0.16966323854620252,0.15910194292815394,0.163952160605978
2025-10-23,rolling_hedge_all_120,120,120,0.17280815322335802,0.1619347833230679,0.1794856614834194,0.16558325388315998,0.1694275398042104,0.15887825509958994,0.16469050640655244
2025-10-24,rolling_hedge_all_120,120,120,0.17280815322335802,0.16182930288239328,0.1818999928204342,0.16467184196662643,0.1682286587552211,0.1586420441377279,0.16472815943759692
2025-10-27,rolling_hedge_all_120,120,120,0.17280815322335802,0.16205045806877502,0.18120160034188756,0.16511104248607655,0.1676815234227096,0.15883529979796615,0.16512007588258507
2025-10-28,rolling_hedge_all_120,120,120,0.17280815322335802,0.16226539652489463,0.1794998458836572,0.16546757173939908,0.16706611964935236,0.1595838278048015,0.16611723839789513
2025-10-29,rolling_hedge_all_120,120,120,0.17280815322335802,0.16228182912334324,0.17827581692357877,0.16555001915908038,0.16723852283149251,0.1605734503442976,0.1660803616182076
2025-10-30,rolling_hedge_all_120,120,120,0.17280815322335802,0.16262446860045343,0.17756559643620762,0.16632853196177944,0.16770846108736143,0.16011337990184932,0.1656595620123487
2025-10-31,rolling_hedge_all_120,120,120,0.17280815322335802,0.16293391509426178,0.17811779933473357,0.16599912387705584,0.16725002402816935,0.15922444377528258,0.16647469389049685
2025-11-03,rolling_hedge_all_120,120,120,0.17280815322335802,0.16292019109416966,0.1771919315240778,0.1667285357391543,0.16740870430247096,0.1595872422847288,0.16616339505539848
2025-11-04,rolling_hedge_all_120,120,120,0.17280815322335802,0.1627033674388293,0.17647814168145487,0.16756079138201233,0.16724799602432527,0.159222866763997,0.16678683670938121
2025-11-05,rolling_hedge_all_120,120,120,0.17280815322335802,0.16290636439955658,0.175251613927951,0.16710066510965846,0.16746391342423672,0.15982109087392535,0.16745635226467198
2025-11-06,rolling_hedge_all_120,120,120,0.17280815322335802,0.1627705208813895,0.17650906073506992,0.16615919608232932,0.16733999898450666,0.158720378549912,0.16850084476679272
2025-11-07,rolling_hedge_all_120,120,120,0.17280815322335802,0.16233506590470242,0.1778663161244345,0.1647279392258104,0.16709611749521652,0.15826057997439905,0.16971398127543716
2025-11-10,rolling_hedge_all_120,120,120,0.17280815322335802,0.1623598603678459,0.17726756010420194,0.16493762379997304,0.16712896467938002,0.15809821449904848,0.17020777654955058
2025-11-11,rolling_hedge_all_120,120,120,0.17280815322335802,0.16232605724594903,0.17590080336896552,0.1650598601056236,0.1661235199503062,0.16029962540670828,0.17029013392244743
2025-11-12,rolling_hedge_all_120,120,120,0.17280815322335802,0.1621388586736574,0.17636810328782523,0.16375422358456243,0.16589928587843256,0.16026388790515386,0.1715756406703686
2025-11-13,rolling_hedge_all_120,120,120,0.17280815322335802,0.1615152337992964,0.1772486638699985,0.16310095619472886,0.16393311549612807,0.16160990765071973,0.17259212298912832
2025-11-14,rolling_hedge_all_120,120,120,0.17280815322335802,0.16215792682712574,0.17561445303496181,0.16319952367283394,0.1651291771350472,0.16092056632987523,0.1729783530001561
2025-11-17,rolling_hedge_all_120,120,120,0.17280815322335802,0.16242020009318317,0.17598624360874282,0.16361040627052506,0.16423959940781724,0.16037791811636548,0.17336563250336612
2025-11-18,rolling_hedge_all_120,120,120,0.17280815322335802,0.16229154398344575,0.17683615863584545,0.1643989645391446,0.1646795283115819,0.15913920501194795,0.17265459951803436
2025-11-19,rolling_hedge_all_120,120,120,0.17280815322335802,0.16193626256114182,0.17745925068570087,0.16484905391344742,0.16382049526931375,0.15858472278388533,0.17335021478651078
2025-11-20,rolling_hedge_all_120,120,120,0.17280815322335802,0.16194379191822864,0.17729272595740725,0.16591019346219008,0.16346289937870498,0.1571333874195721,0.174257001863897
2025-11-21,rolling_hedge_all_120,120,120,0.17280815322335802,0.16204763705797443,0.17741272609488803,0.16541357884554858,0.16321891092912733,0.15743735711375761,0.17446978995870405
2025-11-24,rolling_hedge_all_120,120,120,0.17280815322335802,0.1627911820572173,0.17818703744258493,0.16414831937776986,0.1633802748016538,0.15677517763157636,0.17471800868919785
2025-11-25,rolling_hedge_all_120,120,120,0.17280815322335802,0.16236288980667057,0.1778220265348064,0.1641930241890687,0.16321537149511198,0.15694674891149904,0.17545993906284318
2025-11-26,rolling_hedge_all_120,120,120,0.17280815322335802,0.1623140863104506,0.17712010505542242,0.16439779929217369,0.16413155495929474,0.1567091630201121,0.17532729136254646
2025-11-27,rolling_hedge_all_120,120,120,0.17280815322335802,0.16255442536992842,0.1773848430836178,0.16294216459718908,0.16583150430508273,0.15651314033564795,0.17477392230853406
2025-11-28,rolling_hedge_all_120,120,120,0.17280815322335802,0.16289499976717375,0.1764675008190129,0.16243886518448886,0.1664997342758351,0.1560632613358054,0.17563563861768397
2025-12-01,rolling_hedge_all_120,120,120,0.17280815322335802,0.162857256913406,0.175724472288585,0.1627074204586222,0.1659971715760228,0.15686714102074414,0.17584653774261985
2025-12-02,rolling_hedge_all_120,120,120,0.17280815322335802,0.16251004645006273,0.1751987666607101,0.16462718210303592,0.16550791235082987,0.15719470668156466,0.1749613857537967
2025-12-03,rolling_hedge_all_120,120,120,0.17280815322335802,0.1627369242406953,0.17659109627209363,0.16381337155834672,0.16399933810723258,0.15774091030541165,0.17511835951622018
2025-12-04,rolling_hedge_all_120,120,120,0.17280815322335802,0.16294217703063046,0.17767330592067618,0.1630041625952104,0.16397885118964584,0.15636768738784862,0.17603381587598854
2025-12-05,rolling_hedge_all_120,120,120,0.17280815322335802,0.16278969249559522,0.17750876594547413,0.1622245899239027,0.16393034688433905,0.1569541408445911,0.1765924639060977
2025-12-08,rolling_hedge_all_120,120,120,0.17280815322335802,0.163390344423062,0.1780529841168001,0.16170971611215243,0.16459322654159533,0.15496102633647624,0.17729270246991385
2025-12-09,rolling_hedge_all_120,120,120,0.17280815322335802,0.1639753775786641,0.1773962109731052,0.16200718455393606,0.16432161934279643,0.15465075643036827,0.17764885112112988
2025-12-10,rolling_hedge_all_120,120,120,0.17280815322335802,0.16351990962359098,0.1780420701147074,0.16267801106986834,0.16398473453821558,0.15450629522089965,0.17726897943271813
2025-12-11,rolling_hedge_all_120,120,120,0.17280815322335802,0.16293009104533573,0.17825230950027102,0.16374013861866968,0.16327787526603768,0.15514388330549508,0.1766557022641908
2025-12-12,rolling_hedge_all_120,120,120,0.17280815322335802,0.1622801470817661,0.17878137974475203,0.16451153223653536,0.1638649361713768,0.1547439146221965,0.17581809014337316
2025-12-15,rolling_hedge_all_120,120,120,0.17280815322335802,0.1627055451884471,0.17850011985419223,0.16554455941276036,0.16445331452229262,0.1540948294693854,0.17470163155292234
2025-12-16,rolling_hedge_all_120,120,120,0.17280815322335802,0.1623543171421303,0.18032184100791435,0.1641635455150233,0.1663248049732386,0.1538770842812719,0.1729584070804215
2025-12-17,rolling_hedge_all_120,120,120,0.17280815322335802,0.16229619373830292,0.1812673879635345,0.16398550701174808,0.1658766299122004,0.15386598597685106,0.17270829539736304
2025-12-18,rolling_hedge_all_120,120,120,0.17280815322335802,0.1623588334692467,0.18009785933778447,0.16324215081309076,0.16647555562442212,0.15446375352466335,0.17336184723079254
2025-12-19,rolling_hedge_all_120,120,120,0.17280815322335802,0.16234335954424728,0.18042168797675756,0.16254473461356625,0.16638237158660887,0.15475589498956088,0.17355195128925915
2025-12-22,rolling_hedge_all_120,120,120,0.17280815322335802,0.16291678932550346,0.17940843920332608,0.16200696919558374,0.1676009963934668,0.1551899352803625,0.1728768706017574
2025-12-23,rolling_hedge_all_120,120,120,0.17280815322335802,0.16278065381147583,0.1780733587678614,0.16383705780599173,0.16707883278727542,0.15485046773767047,0.17337962908972507
2025-12-24,rolling_hedge_all_120,120,120,0.17280815322335802,0.16309557576937364,0.178532039925346,0.1631777732490093,0.167240349586128,0.15424935412828802,0.17370490734185506
2025-12-25,rolling_hedge_all_120,120,120,0.17280815322335802,0.16303914120449484,0.1782576629691542,0.16286897934229252,0.1678793480242604,0.1542393636408748,0.17371550481892326
2025-12-26,rolling_hedge_all_120,120,120,0.17280815322335802,0.16253472618135328,0.17683319714296358,0.1635798263349994,0.16885429190531046,0.1542716627167561,0.17392629571861723
2025-12-29,rolling_hedge_all_120,120,120,0.17280815322335802,0.16272033956603926,0.17511873845467227,0.16376180727021883,0.16942799559668706,0.1549037907013347,0.1740673284110479
2025-12-30,rolling_hedge_all_120,120,120,0.17280815322335802,0.1628954427805315,0.17465207800309848,0.16348548644543734,0.17081863010444848,0.15416710122369917,0.17398126144278497
2025-12-31,rolling_hedge_all_120,120,120,0.17280815322335802,0.16384266507072076,0.17333338634577128,0.16243884674801315,0.17194714914036285,0.1530133484396553,0.1754246042554767
2026-01-05,rolling_hedge_all_120,120,120,0.17280815322335802,0.1637966614424848,0.17226266621097605,0.1637906174170784,0.17187311291531907,0.15333960360657342,0.1749373384075683
2026-01-06,rolling_hedge_all_120,120,120,0.17280815322335802,0.16341292110214523,0.17488480645020096,0.16360351204549806,0.17003515634987715,0.15323876729700456,0.17482483675527416
2026-01-07,rolling_hedge_all_120,120,120,0.17280815322335802,0.1639016943281234,0.1739239178369613,0.16398800698869354,0.16968252415078572,0.15211256419775712,0.17639129249767896
2026-01-08,rolling_hedge_all_120,120,120,0.17280815322335802,0.1639013768939902,0.17296649075593537,0.16428805838490274,0.16930154796859778,0.1532124276752527,0.17633009832132124
2026-01-09,rolling_hedge_all_120,120,120,0.17280815322335802,0.16350895505071195,0.172459830168927,0.16474737812830545,0.16893414886193886,0.1545466819571531,0.1758030058329636
2026-01-12,rolling_hedge_all_120,120,120,0.17280815322335802,0.1635508000509888,0.17218223824202963,0.16525454169414075,0.1697734998539623,0.1542178701124525,0.175021050046426
2026-01-13,rolling_hedge_all_120,120,120,0.17280815322335802,0.16370892884392188,0.1729432928073738,0.1631483009939856,0.17001616379217507,0.1553676647715309,0.17481564879101275
2026-01-14,rolling_hedge_all_120,120,120,0.17280815322335802,0.16425021149504512,0.17083145395089686,0.1624997404036299,0.1716978180740818,0.1554204763345305,0.17530029974181588
2026-01-15,rolling_hedge_all_120,120,120,0.17280815322335802,0.1643588380836693,0.1706134306274892,0.16483254415362417,0.17099275434908812,0.15404883701543234,0.17515359577069692
2026-01-16,rolling_hedge_all_120,120,120,0.17280815322335802,0.16448136046762565,0.16888127140601827,0.1655451512150809,0.17159497815817026,0.15414770950331294,0.175349529249792
2026-01-19,rolling_hedge_all_120,120,120,0.17280815322335802,0.16445056440815065,0.1673356701499916,0.1659909215194156,0.17169295945561863,0.15440167418207393,0.1761282102847495
2026-01-20,rolling_hedge_all_120,120,120,0.17280815322335802,0.16434960165116713,0.1667468800915389,0.16524707083602183,0.17237750452978562,0.15458191217070016,0.17669703072078644
2026-01-21,rolling_hedge_all_120,120,120,0.17280815322335802,0.16491130225504386,0.1659637712145179,0.16650109426705775,0.1729309432072719,0.1536677855001155,0.1760251035559931
2026-01-22,rolling_hedge_all_120,120,120,0.17280815322335802,0.16481200169367624,0.16725478909949346,0.16612468487689389,0.17304888651547864,0.15230483432882055,0.17645480348563736
2026-01-23,rolling_hedge_all_120,120,120,0.17280815322335802,0.16466817779753903,0.16707637866844424,0.16551549558238374,0.17414096543605867,0.15272498878074606,0.17587399373482826
2026-01-26,rolling_hedge_all_120,120,120,0.17280815322335802,0.1650156515500591,0.16705106785613594,0.16565361114132834,0.17416620648256917,0.15239713278112468,0.1757163301887828
2026-01-27,rolling_hedge_all_120,120,120,0.17280815322335802,0.16493806239215142,0.16712220258274202,0.1669461324629319,0.17304789060415257,0.15299846155225785,0.17494725040576425
2026-01-28,rolling_hedge_all_120,120,120,0.17280815322335802,0.16439580880605653,0.1675767791373825,0.16646038817444725,0.17202311716389332,0.15314971368314143,0.1763941930350789
2026-01-29,rolling_hedge_all_120,120,120,0.17280815322335802,0.16344009687253938,0.1683460964922843,0.16554879827364544,0.17298661020503964,0.1544355079388237,0.17524289021766754
2026-01-30,rolling_hedge_all_120,120,120,0.17280815322335802,0.16356095940924506,0.1675619083395157,0.16533256107422703,0.17396071656596218,0.15412281318287308,0.17546104142817703
2026-02-02,rolling_hedge_all_120,120,120,0.17280815322335802,0.16352066219884928,0.16716799776946417,0.16665537118958723,0.17391806414404837,0.1535389111696825,0.1751989935283684
2026-02-03,rolling_hedge_all_120,120,120,0.17280815322335802,0.16421063052140328,0.16635582700897072,0.16559353276152072,0.17441779623251838,0.15341202315082572,0.1760101903247612
2026-02-04,rolling_hedge_all_120,120,120,0.17280815322335802,0.1643189595198499,0.16509792766245787,0.16582399756570798,0.1740307150378244,0.15504661429757255,0.17568178591658729
2026-02-05,rolling_hedge_all_120,120,120,0.17280815322335802,0.16433848581320212,0.16484217038193702,0.16698325864035077,0.17331952988964952,0.1546628851238354,0.17585367015102524
2026-02-06,rolling_hedge_all_120,120,120,0.17280815322335802,0.16502740042955016,0.16426883967976677,0.16655479690930736,0.17323330184606403,0.15429783317186888,0.1766178279634428
2026-02-09,rolling_hedge_all_120,120,120,0.17280815322335802,0.16500322806329676,0.1638748458929077,0.16537195688039363,0.1725425095908664,0.15572447211711493,0.17748298745542054
2026-02-10,rolling_hedge_all_120,120,120,0.17280815322335802,0.1647886498555625,0.16433342865921785,0.16441374644014892,0.17256797099567642,0.15666662603950038,0.17722957800989403
2026-02-11,rolling_hedge_all_120,120,120,0.17280815322335802,0.16473599814106044,0.16409860369019633,0.16479864579720133,0.17180309497154062,0.15741657515948548,0.17714708224051592
2026-02-12,rolling_hedge_all_120,120,120,0.17280815322335802,0.1647787472891924,0.16440185785219844,0.16442846780816087,0.1719371295669294,0.15742184133037745,0.17703195615314152
2026-02-13,rolling_hedge_all_120,120,120,0.17280815322335802,0.16434113086227314,0.16446177675541263,0.16400835634331457,0.1722306959449646,0.1585439843776421,0.17641405571639296
2026-02-24,rolling_hedge_all_120,120,120,0.17280815322335802,0.16523503264846715,0.16558461987750955,0.16271444279332475,0.17210602628292013,0.15759242802698958,0.1767674503707888
2026-02-25,rolling_hedge_all_120,120,120,0.17280815322335802,0.16520309824332333,0.16427957743549051,0.16338077714596067,0.17200574517221165,0.15857377582430776,0.1765570261787061
2026-02-26,rolling_hedge_all_120,120,120,0.17280815322335802,0.16546584271243864,0.16379191023904469,0.1626848042321442,0.17190296729503918,0.15904104100109134,0.17711343452024197
2026-02-27,rolling_hedge_all_120,120,120,0.17280815322335802,0.16563394543544657,0.16353752705027597,0.1620137009439599,0.1730772301655601,0.1581938173938403,0.17754377901091709
2026-03-02,rolling_hedge_all_120,120,120,0.17280815322335802,0.1653441029748065,0.1631510469927943,0.16240353086846232,0.17352235623085116,0.15844887228669935,0.17713009064638627
2026-03-03,rolling_hedge_all_120,120,120,0.17280815322335802,0.16478908325431477,0.16286577644415204,0.16277524170183016,0.1736912188351989,0.15924199622023227,0.1766366835442719
2026-03-04,rolling_hedge_all_120,120,120,0.17280815322335802,0.16471636504700596,0.16233366689664794,0.16283172658538445,0.17372543368555252,0.1600966275963477,0.17629618018906146
2026-03-05,rolling_hedge_all_120,120,120,0.17280815322335802,0.16532723773427088,0.16249703095524867,0.16288096181005843,0.17261436512606432,0.15988249780305203,0.1767979065713057
2026-03-06,rolling_hedge_all_120,120,120,0.17280815322335802,0.16497112325737825,0.1631453973986116,0.16435210016817522,0.1715697201087354,0.1592563174478223,0.17670534161927723
2026-03-09,rolling_hedge_all_120,120,120,0.17280815322335802,0.16538063195818536,0.16267220620299316,0.16556257601366808,0.1705061218872214,0.15880075589159984,0.17707770804633208
2026-03-10,rolling_hedge_all_120,120,120,0.17280815322335802,0.16460598135835844,0.16314768211688874,0.16552705540567259,0.16953092925380778,0.15875908223336335,0.1784292696319091
2026-03-11,rolling_hedge_all_120,120,120,0.17280815322335802,0.164037593832757,0.1623402328647542,0.1652935678782025,0.17020164797424184,0.15909468807949168,0.1790322693705528
2026-03-12,rolling_hedge_all_120,120,120,0.17280815322335802,0.16423753457187154,0.16242515642786307,0.16534530306991266,0.1702243869779509,0.15764474525670363,0.18012287369569818
2026-03-13,rolling_hedge_all_120,120,120,0.17280815322335802,0.16479482009488872,0.1627853527568242,0.1642251492590995,0.16980963832558948,0.15927650894063125,0.17910853062296683
2026-03-16,rolling_hedge_all_120,120,120,0.17280815322335802,0.1644873195538108,0.1640806936288564,0.16529755714093572,0.16920395642068148,0.15811632290799105,0.17881415034772444
2026-03-17,rolling_hedge_all_120,120,120,0.17280815322335802,0.16532806107456263,0.1639100584877751,0.16521394610952966,0.16836537001419213,0.15757653437244792,0.17960602994149247
2026-03-18,rolling_hedge_all_120,120,120,0.17280815322335802,0.1650146620723057,0.16398892410968272,0.1638030105108326,0.16903024759331103,0.15919136886333426,0.17897178685053372
2026-03-19,rolling_hedge_all_120,120,120,0.17280815322335802,0.1651390417656747,0.16583102389098783,0.16329764711668562,0.1692795332100216,0.15800602798268415,0.17844672603394607
2026-03-20,rolling_hedge_all_120,120,120,0.17280815322335802,0.16559857222280322,0.1642535439588305,0.1643815317140919,0.1679821431224771,0.15848945823524657,0.17929475074655069
2026-03-23,rolling_hedge_all_120,120,120,0.17280815322335802,0.16581809819864238,0.16363545999168308,0.16486796286318744,0.1681400587719506,0.15803771290039184,0.17950070727414466
2026-03-24,rolling_hedge_all_120,120,120,0.17280815322335802,0.16541069904813202,0.16362061654418156,0.16448685259167986,0.1685499200283885,0.15949974169799366,0.17843217008962442
2026-03-25,rolling_hedge_all_120,120,120,0.17280815322335802,0.1653548322216955,0.16460980725996502,0.16433173758827926,0.16903142807226876,0.15957369658790482,0.17709849826988677
2026-03-26,rolling_hedge_all_120,120,120,0.17280815322335802,0.16555496829006405,0.16393921798712754,0.1641213912354365,0.16853804436819322,0.16022448695727973,0.177621891161899
2026-03-27,rolling_hedge_all_120,120,120,0.17280815322335802,0.16554118874405316,0.16371544930610915,0.16370489398164018,0.1674654696471418,0.1603172775357363,0.17925572078531943
2026-03-30,rolling_hedge_all_120,120,120,0.17280815322335802,0.16476402023272524,0.16320643722530195,0.16333073247728272,0.1678812860568135,0.1610349009692677,0.17978262303860879
2026-03-31,rolling_hedge_all_120,120,120,0.17280815322335802,0.1646412048354964,0.1631823863601141,0.16289760220102054,0.16784894380541449,0.16063334525644377,0.18079651754151072
2026-04-01,rolling_hedge_all_120,120,120,0.17280815322335802,0.1648666432201933,0.16388111148692108,0.1629186314795068,0.16798280047349026,0.15952825341228327,0.18082255992760524
2026-04-02,rolling_hedge_all_120,120,120,0.17280815322335802,0.16422418728090604,0.16387449545587454,0.16369737275487337,0.1673447271577496,0.1591031924343211,0.18175602491627535
2026-04-03,rolling_hedge_all_120,120,120,0.17280815322335802,0.16473265804039974,0.16264423349755472,0.16366649168460623,0.16649388712157903,0.16048526237932786,0.18197746727653247
2026-04-07,rolling_hedge_all_120,120,120,0.17280815322335802,0.16533777156879087,0.16239163026994793,0.16380441645529514,0.1670290062660768,0.15991921321179223,0.18151796222809696
2026-04-08,rolling_hedge_all_120,120,120,0.17280815322335802,0.16527022967601648,0.1633054952321797,0.16366054388221937,0.16670412600019704,0.15941034667501514,0.18164925853437222
2026-04-09,rolling_hedge_all_120,120,120,0.17280815322335802,0.16506791392009706,0.16313340743189708,0.1637367694489298,0.1662600677692394,0.1608711758889139,0.18093066554092282
2026-04-10,rolling_hedge_all_120,120,120,0.17280815322335802,0.16463331594319866,0.16393504300153033,0.1636217768098635,0.1653301939242624,0.1614056386536086,0.18107403166753652
2026-04-13,rolling_hedge_all_120,120,120,0.17280815322335802,0.16466095718027782,0.16344458651012017,0.16512463257652002,0.1646783545456191,0.16107236706536812,0.1810191021220948
2026-04-14,rolling_hedge_all_120,120,120,0.17280815322335802,0.16453268264801335,0.1626770942256837,0.16641899928093984,0.16546608590389678,0.15983551334980547,0.1810696245916609
2026-04-15,rolling_hedge_all_120,120,120,0.17280815322335802,0.16398995077100936,0.16188399805936154,0.1662095456881321,0.16638980292101058,0.16087173396586765,0.18065496859461877
2026-04-16,rolling_hedge_all_120,120,120,0.17280815322335802,0.16435534492246834,0.16222630264317883,0.1674654362983363,0.16520160025274613,0.1613093608860692,0.17944195499720125
2026-04-17,rolling_hedge_all_120,120,120,0.17280815322335802,0.1645098144339574,0.16279646246999546,0.16771400769184858,0.16465762440785095,0.1606666840903129,0.17965540690603474
2026-04-20,rolling_hedge_all_120,120,120,0.17280815322335802,0.16506209355879783,0.16158763867889073,0.16723991724162132,0.16462432777437372,0.16069724340018213,0.18078877934613427
2026-04-21,rolling_hedge_all_120,120,120,0.17280815322335802,0.1650700384441424,0.16107444028810167,0.16804085083464063,0.16571583465290843,0.15956205733755563,0.1805367784426513
2026-04-22,rolling_hedge_all_120,120,120,0.17280815322335802,0.16521317304819827,0.16165315382934284,0.17002240028231624,0.1654180229473231,0.1592538645065529,0.1784393853862667
2026-04-23,rolling_hedge_all_120,120,120,0.17280815322335802,0.1660309091190518,0.16028785460800218,0.16988870094484387,0.16578964881958425,0.1596953722683484,0.1783075142401695
2026-04-24,rolling_hedge_all_120,120,120,0.17280815322335802,0.16610132287925403,0.16130944585787657,0.16862576694598744,0.16632511003878647,0.1584936455111269,0.17914470876696853
2026-04-27,rolling_hedge_all_120,120,120,0.17280815322335802,0.1659943747730179,0.16301544660499925,0.1678048002625511,0.16647831734330878,0.1570326668863625,0.17967439412976055
2026-04-28,rolling_hedge_all_120,120,120,0.17280815322335802,0.16647050292050258,0.1626112719989673,0.1675851692841282,0.16709065048383948,0.1567649394769029,0.17947746583565954
2026-04-29,rolling_hedge_all_120,120,120,0.17280815322335802,0.1665576384251575,0.16349535877466698,0.16674069537354355,0.16686916896383577,0.1559780486348038,0.18035908982799237
2026-04-30,rolling_hedge_all_120,120,120,0.17280815322335802,0.16663490628016228,0.1634184081928366,0.1679480997172506,0.16624862255021072,0.15617645100449612,0.1795735122550437
2026-05-06,rolling_hedge_all_120,120,120,0.17280815322335802,0.16652159815513906,0.164115193391532,0.1688105327276942,0.16548965786256783,0.15495906014665642,0.18010395771641052
2026-05-07,rolling_hedge_all_120,120,120,0.17280815322335802,0.1670184457109143,0.16551258405522642,0.16738839178682613,0.16475921321173695,0.15649979457058497,0.1788215706647112
2026-05-08,rolling_hedge_all_120,120,120,0.17280815322335802,0.1668125201591916,0.16768860721921627,0.1663908794915049,0.16487240303398049,0.1562317485946708,0.17800384150143594
2026-05-11,rolling_hedge_all_120,120,120,0.17280815322335802,0.16694643722050032,0.16593985370285422,0.16752670070508774,0.16428983306078568,0.1580536823817836,0.17724349292898844
2026-05-12,rolling_hedge_all_120,120,120,0.17280815322335802,0.16735618949274159,0.1647526669266055,0.1677996327186441,0.16420212005332227,0.15938658149604534,0.1765028093126411
2026-05-13,rolling_hedge_all_120,120,120,0.17280815322335802,0.16739980797126774,0.16521973331558792,0.1681221162225808,0.16396792017615097,0.15908832682852758,0.17620209548588486
2026-05-14,rolling_hedge_all_120,120,120,0.17280815322335802,0.16720819279426702,0.1671750255215297,0.16763329699599738,0.16489043904913947,0.15759980588956146,0.17549323974950487
2026-05-15,rolling_hedge_all_120,120,120,0.17280815322335802,0.16773871522725448,0.16551964252145923,0.16938942618780026,0.1643205467861726,0.15811609140918578,0.17491557786812767
2026-05-18,rolling_hedge_all_120,120,120,0.17280815322335802,0.1681147628879846,0.16254075674948146,0.17028931139778686,0.1658234097441229,0.15852485406714248,0.17470690515348172
2026-05-19,rolling_hedge_all_120,120,120,0.17280815322335802,0.16772232673532517,0.16144430238963478,0.17038378615163086,0.16519572697419993,0.16002761980589716,0.17522623794331205
2026-05-20,rolling_hedge_all_120,120,120,0.17280815322335802,0.16763377557649817,0.1623512742849189,0.16999577501041824,0.16480433398645167,0.15929353483455547,0.17592130630715755
2026-05-21,rolling_hedge_all_120,120,120,0.17280815322335802,0.16806196004516305,0.16044009340831897,0.17009262944873252,0.16373399197789504,0.16157804179812268,0.1760932833217678
2026-05-22,rolling_hedge_all_120,120,120,0.17280815322335802,0.16816112679296838,0.158732179991371,0.17067313050593697,0.1644799711770143,0.16236906488298197,0.1755845266497275
2026-05-25,rolling_hedge_all_120,120,120,0.17280815322335802,0.16856333226580814,0.1600651856608428,0.16916728101891806,0.1638324102199471,0.16364376509106413,0.17472802574341978
2026-05-26,rolling_hedge_all_120,120,120,0.17280815322335802,0.16837627291764848,0.1604178941478287,0.16857652663519473,0.16315128190851744,0.16467833144473135,0.17479969294607936
2026-05-27,rolling_hedge_all_120,120,120,0.17280815322335802,0.1675143991484143,0.15890602487528716,0.1707336996695691,0.1635816574244497,0.164925082022679,0.17433913685960067
2026-05-28,rolling_hedge_all_120,120,120,0.17280815322335802,0.1674386646283564,0.15813826575541542,0.17130930126761065,0.16339679875117172,0.1644398740424279,0.17527709555501783
2026-05-29,rolling_hedge_all_120,120,120,0.17280815322335802,0.167637762085894,0.15985974083078844,0.17118973468752655,0.16245630394642172,0.16351578422113588,0.1753406742282333
2026-06-01,rolling_hedge_all_120,120,120,0.17280815322335802,0.1677155596163359,0.15807228297872492,0.17213060575079883,0.16301394236175534,0.16326524304924092,0.1758023662431441
2026-06-02,rolling_hedge_all_120,120,120,0.17280815322335802,0.16726627842301978,0.15821484021634397,0.17358368713539457,0.1625086123807085,0.16306828553428393,0.17535829631024924
2026-06-03,rolling_hedge_all_120,120,120,0.17280815322335802,0.16730549016706714,0.1601947237403875,0.17288675518479224,0.16152820958365627,0.16417372206327976,0.17391109926081702
2026-06-04,rolling_hedge_all_120,120,120,0.17280815322335802,0.16740036950460097,0.16209351062422084,0.17182371280169478,0.1628296405368326,0.16205383398391476,0.173798932548736
2026-06-05,rolling_hedge_all_120,120,120,0.17280815322335802,0.16755850346580875,0.1604139473098037,0.17269504759122759,0.16445430888476686,0.16101348028471701,0.17386471246367605
2026-06-08,rolling_hedge_all_120,120,120,0.17280815322335802,0.16718428664297122,0.15725888423078777,0.17407367415218536,0.16529837439448947,0.16175265776937123,0.17443212281019496
2026-06-09,rolling_hedge_all_120,120,120,0.17280815322335802,0.16731472937068795,0.15750881027680164,0.17490701189697408,0.16569314322892206,0.16069501040718645,0.1738812948194277
2026-06-10,rolling_hedge_all_120,120,120,0.17280815322335802,0.16713500869923803,0.1571974404626319,0.17596362970184004,0.1639603216545188,0.16143188805916822,0.17431171142260282
2026-06-11,rolling_hedge_all_120,120,120,0.17280815322335802,0.16693424991251546,0.15805668976200074,0.17507401651256668,0.16420663070605127,0.1608449369868033,0.1748834761200625
2026-06-12,rolling_hedge_all_120,120,120,0.17280815322335802,0.16667730450418847,0.15795277649518383,0.1748248029120533,0.1641595170802344,0.1619752740290604,0.17441032497927958
2026-06-15,rolling_hedge_all_120,120,120,0.17280815322335802,0.16724559225441238,0.1572256583315889,0.17522506123796408,0.16457142443008807,0.1607087618287697,0.17502350191717678
2026-06-16,rolling_hedge_all_120,120,120,0.17280815322335802,0.1679385277428523,0.15640673542892256,0.17574553695152043,0.1647031196820003,0.15973112741012793,0.17547495278457642
2026-06-17,rolling_hedge_all_120,120,120,0.17280815322335802,0.16749168283122262,0.15707107143723362,0.17313662748230257,0.16525818850434598,0.16119439379115372,0.17584803595374152
2026-06-18,rolling_hedge_all_120,120,120,0.17280815322335802,0.16787393596348782,0.15610854020700984,0.17414202110109553,0.16450936234912988,0.16116142224452615,0.17620471813475078
2026-06-22,rolling_hedge_all_120,120,120,0.17280815322335802,0.16753921746231018,0.15419357611423629,0.17476753831704112,0.16521864631871092,0.16153151269079571,0.17674950909690568
2026-06-23,rolling_hedge_all_120,120,120,0.17280815322335802,0.1674330406813729,0.15446193189949076,0.17526399465210749,0.16456622035724577,0.1614226883189705,0.17685212409081266
2026-06-24,rolling_hedge_all_120,120,120,0.17280815322335802,0.16736997483461397,0.15506529039575306,0.17530812340637397,0.16408427055304012,0.16235729638030807,0.1758150444299108
2026-06-25,rolling_hedge_all_120,120,120,0.17280815322335802,0.1677012970828568,0.15507207595135394,0.17670419057606032,0.162745064035379,0.1626434182780442,0.1751339540763058
2026-06-26,rolling_hedge_all_120,120,120,0.17280815322335802,0.16816880279579982,0.15501195400729975,0.17660821293783907,0.1629092218381775,0.16203572703794275,0.17526608138294103
2026-06-29,rolling_hedge_all_120,120,120,0.17280815322335802,0.16777203997781695,0.15531373590627343,0.17751240991744452,0.1630589325770222,0.1620682705380579,0.17427461108338504
2026-06-30,rolling_hedge_all_120,120,120,0.17280815322335802,0.168155253461637,0.15577269992379905,0.17853152247279264,0.162607415399437,0.16141578490246508,0.17351732383986931
2026-07-01,rolling_hedge_all_120,120,120,0.17280815322335802,0.16792657276523404,0.1552514619487039,0.17911610188899707,0.16081306628644926,0.1629364265858355,0.17395637052478022
2026-07-02,rolling_hedge_all_120,120,120,0.17280815322335802,0.16829183386362448,0.15530532728296298,0.1792600018728521,0.16156002032836347,0.16251418161396783,0.17306863503822909
2026-07-03,rolling_hedge_all_120,120,120,0.17280815322335802,0.16830245481911232,0.15583993269931512,0.178692379591816,0.16128519364748015,0.16226991458902068,0.1736101246532557
2026-07-06,rolling_hedge_all_120,120,120,0.17280815322335802,0.1680606540476369,0.15607039034691983,0.1795251894350474,0.16009987744771073,0.16321785239247757,0.1730260363302075
2026-07-07,rolling_hedge_all_120,120,120,0.17280815322335802,0.16811964512874383,0.15578197189071064,0.1783669489634649,0.15978412882523102,0.16341365278164607,0.17453365241020355
2026-07-08,rolling_hedge_all_120,120,120,0.17280815322335802,0.16839911017268783,0.15521470917954414,0.17784702095014834,0.1609944601023209,0.16334963974183808,0.17419505985346082
2026-07-09,rolling_hedge_all_120,120,120,0.17280815322335802,0.16818580953642656,0.1554327007494035,0.1784247160755605,0.16204120350917803,0.16269364355452504,0.17322192657490648
2026-07-10,rolling_hedge_all_120,120,120,0.17280815322335802,0.16825987613541366,0.15566983394853706,0.17856603292051706,0.161719656489786,0.16124033563087176,0.1745442648748746
2026-07-13,rolling_hedge_all_120,120,120,0.17280815322335802,0.1687740577473294,0.1562770389147517,0.1770898348331086,0.16119560176644512,0.1618555018241608,0.17480796491420444
2026-07-14,rolling_hedge_all_120,120,120,0.17280815322335802,0.16885919562177756,0.15768795585141093,0.1766922961372832,0.16090854664461832,0.16225459531198078,0.17359741043292923
2026-07-15,rolling_hedge_all_120,120,120,0.17280815322335802,0.16847306315478633,0.15804503078845591,0.17805140544974563,0.1609655088387294,0.16055207926193474,0.17391291250634797
2026-07-16,rolling_hedge_all_120,120,120,0.17280815322335802,0.16835766698797586,0.1583258156960663,0.17705537865250406,0.1601491637518997,0.16198993549545598,0.17412203941609805
2026-07-17,rolling_hedge_all_120,120,120,0.17280815322335802,0.1684423753578365,0.15770142958645428,0.17589374826577192,0.16064986901939543,0.16284999917088835,0.1744625785996537
2026-07-20,rolling_hedge_all_120,120,120,0.17280815322335802,0.16851589695813687,0.15767649052691804,0.1753440726688571,0.1607554372976894,0.16336995728974932,0.17433814525864919
2026-07-21,rolling_hedge_all_120,120,120,0.17280815322335802,0.16866122501052025,0.15841846152994365,0.1748976639597854,0.1609717864443763,0.1637016607657937,0.1733492022895807
2026-07-22,rolling_hedge_all_120,120,120,0.17280815322335802,0.16907390196622243,0.1592562149880095,0.17515120226215924,0.16158276455175694,0.16288546750031632,0.17205044873153566
2026-07-23,rolling_hedge_all_120,120,120,0.17280815322335802,0.16833178758593625,0.1596061088376508,0.17423479544591436,0.16153516851631275,0.16394150798193816,0.17235063163224762
2026-07-24,rolling_hedge_all_120,120,120,0.17280815322335802,0.16857245535564094,0.1591188540317159,0.17569172875783343,0.15966123027257456,0.16427720092222436,0.17267853066001082
2026-07-27,rolling_hedge_all_120,120,120,0.17280815322335802,0.1686661491458468,0.1592139018648195,0.17686648915016517,0.15944487067670748,0.1635885361453623,0.17222005301709878
2026-07-28,rolling_hedge_all_120,120,120,0.17280815322335802,0.16864440767916025,0.15879714836503236,0.17725941497162168,0.15987960617596497,0.1635569061703159,0.17186251663790486
2026-07-29,rolling_hedge_all_120,120,120,0.17280815322335802,0.1689249610915859,0.1589276169279372,0.1766338830196868,0.16158818090562088,0.16099161879776297,0.1729337392574063
2026-07-30,rolling_hedge_all_120,120,120,0.17280815322335802,0.16908142865835554,0.1582441562010111,0.17744663350460607,0.16215747482574291,0.16052114216533747,0.17254916464494693
2026-07-31,rolling_hedge_all_120,120,120,0.17280815322335802,0.16954083961692978,0.1593321478853592,0.17760960918271168,0.16216499218065294,0.15923080440328635,0.17212160673106
2026-08-03,rolling_hedge_all_120,120,120,0.17280815322335802,0.16979739433802996,0.15855381169808155,0.17770526119861957,0.161783037407107,0.15954114199716687,0.17261935336099507
2026-08-04,rolling_hedge_all_120,120,120,0.17280815322335802,0.16962844915784228,0.15861335625929773,0.1766460154533259,0.16235846751492802,0.15933528999654267,0.17341842161806337
2026-08-05,rolling_hedge_all_120,120,120,0.17280815322335802,0.1695220043036344,0.15909219910601183,0.17740390257706787,0.1624888240745813,0.15946739564309786,0.17202567429560675
2026-08-06,rolling_hedge_all_120,120,120,0.17280815322335802,0.1690442107680517,0.15913642994797905,0.17790260785550294,0.16228347396645726,0.15926807352094646,0.17236520394106256
2026-08-07,rolling_hedge_all_120,120,120,0.17280815322335802,0.16916851370261674,0.15968224033588577,0.1771200178936605,0.1622874674172325,0.15870515673046356,0.17303660392014106
2026-08-10,rolling_hedge_all_120,120,120,0.17280815322335802,0.1690507069842008,0.1606663115993034,0.17724222259242098,0.16151619723482574,0.15830385888882487,0.17322070270042414
2026-08-11,rolling_hedge_all_120,120,120,0.17280815322335802,0.16903389771386976,0.16120824547791984,0.17783190857103198,0.16120754045669156,0.1578110720930897,0.1729073356873971
2026-08-12,rolling_hedge_all_120,120,120,0.17280815322335802,0.16912629570703663,0.16118628185012332,0.1775039163403184,0.16089945555498256,0.15714836813234567,0.1741356824151933
2026-08-13,rolling_hedge_all_120,120,120,0.17280815322335802,0.16887118624648276,0.1602976767634814,0.17729808762463012,0.16164282617721976,0.15730022506165592,0.17458999812653012
2026-08-14,rolling_hedge_all_120,120,120,0.17280815322335802,0.16857367053362832,0.160399166534388,0.17709923630933874,0.16230711645044166,0.1573003030260914,0.17432050714611183
2026-08-17,rolling_hedge_all_120,120,120,0.17280815322335802,0.16885345861785478,0.16017443513603777,0.17663870579687924,0.16245003066287791,0.15700498024284132,0.1748783895435089
2025-01-02,rolling_hedge_traditional_20,20,0,,0.2,0.2,0.2,0.2,0.2,
2025-01-03,rolling_hedge_traditional_20,20,1,1.7941225779941015,0.20566226631172613,0.18552349253719033,0.21154792464821365,0.202113079282178,0.19515323722069186,
2025-01-06,rolling_hedge_traditional_20,20,2,1.2686362411795196,0.20721409381937939,0.18246961587598104,0.2093586570453591,0.19633889456393233,0.20461873869534813,
2025-01-07,rolling_hedge_traditional_20,20,3,1.0358371533640798,0.20612904877557328,0.19131592388448942,0.20063506871338826,0.1977121075843779,0.20420785104217118,
2025-01-08,rolling_hedge_traditional_20,20,4,0.8970612889970507,0.2071810937488267,0.1857457150555587,0.2020227838979997,0.19677995504930218,0.2082704522483128,
2025-01-09,rolling_hedge_traditional_20,20,5,0.8023560088723958,0.207543267379362,0.1855140924897585,0.20648067999761455,0.19937001557686945,0.20109194455639556,
2025-01-10,rolling_hedge_traditional_20,20,6,0.7324474753487107,0.2060210915806418,0.1909369644661462,0.2053540348702375,0.19640345020211694,0.20128445888085753,
2025-01-13,rolling_hedge_traditional_20,20,7,0.6781145947054967,0.20618226230228437,0.19557658789330762,0.2072228617699655,0.1973834759054539,0.19363481212898856,
2025-01-14,rolling_hedge_traditional_20,20,8,0.6343181205897598,0.20451961639198676,0.19935264476248432,0.2046538430509128,0.195574521214441,0.1958993745801751,
2025-01-15,rolling_hedge_traditional_20,20,9,0.5980408593313672,0.20717556448468621,0.19735214972738774,0.2050521122559749,0.19611151472998517,0.19430865880196602,
2025-01-16,rolling_hedge_traditional_20,20,10,0.5673513747994448,0.2050452148636597,0.20022102370860276,0.20436445315547572,0.19877063543960496,0.1915986728326569,
2025-01-17,rolling_hedge_traditional_20,20,11,0.5409483108283251,0.20471568012932323,0.19364157895075293,0.2052807397507727,0.2022289587915401,0.19413304237761106,
2025-01-20,rolling_hedge_traditional_20,20,12,0.5179185766820399,0.2053706498535842,0.19335997734800178,0.20571149172766667,0.20102632986693533,0.19453155120381205,
2025-01-21,rolling_hedge_traditional_20,20,13,0.49760007303272097,0.20630112699260267,0.19410548245719256,0.2044509752694447,0.2026955789566179,0.19244683632414203,
2025-01-22,rolling_hedge_traditional_20,20,14,0.479499428337824,0.20505204201148608,0.19463837789820965,0.20306682579797644,0.20250216040831892,0.19474059388400888,
2025-01-23,rolling_hedge_traditional_20,20,15,0.4632404577083915,0.2047794434270767,0.19603261136715236,0.20093937640565845,0.20407045444159483,0.19417811435851765,
2025-01-24,rolling_hedge_traditional_20,20,16,0.44853064449852537,0.2041508898871287,0.19445391872201215,0.20120703575443613,0.20476983895873405,0.19541831667768908,
2025-01-27,rolling_hedge_traditional_20,20,17,0.43513864084559645,0.20510557316879463,0.19224434054912834,0.2009333574297834,0.20344682191124577,0.1982699069410478,
2025-02-05,rolling_hedge_traditional_20,20,18,0.42287874705983985,0.20381918135617708,0.1940853735857295,0.1999910668141632,0.20337726364310682,0.19872711460082346,
2025-02-06,rolling_hedge_traditional_20,20,19,0.41159994788426096,0.20275645026634145,0.19381174978247734,0.19798878259843045,0.20487389975164857,0.2005691176011023,
2025-02-07,rolling_hedge_traditional_20,20,20,0.4011780044361979,0.2027729089104624,0.19320818553738178,0.19683067777026797,0.20593434900869795,0.2012538787731899,
2025-02-10,rolling_hedge_traditional_20,20,20,0.4011780044361979,0.20041927780110044,0.1960856151928236,0.195930567738964,0.20507834749834425,0.20248619176876764,
2025-02-11,rolling_hedge_traditional_20,20,20,0.4011780044361979,0.19834413854976796,0.19747471239239317,0.19533009009783875,0.20813640723913235,0.20071465172086775,
2025-02-12,rolling_hedge_traditional_20,20,20,0.4011780044361979,0.1984958386041963,0.1949387030470322,0.19671222512045963,0.20756008688996114,0.20229314633835074,
2025-02-13,rolling_hedge_traditional_20,20,20,0.4011780044361979,0.19712118096531026,0.1987729939447675,0.19579818131493537,0.20660650171025072,0.20170114206473616,
2025-02-14,rolling_hedge_traditional_20,20,20,0.4011780044361979,0.19714471591252014,0.1998370427475011,0.19365451638605702,0.2030388321026347,0.20632489285128705,
2025-02-17,rolling_hedge_traditional_20,20,20,0.4011780044361979,0.19794127860140295,0.19730974813224733,0.19219505147693294,0.20597410454937734,0.20657981724003932,
2025-02-18,rolling_hedge_traditional_20,20,20,0.4011780044361979,0.1972640478682861,0.19589180065516015,0.19113292350909733,0.20532883095444007,0.21038239701301642,
2025-02-19,rolling_hedge_traditional_20,20,20,0.4011780044361979,0.20002760436661957,0.1944981524379246,0.19394533624324092,0.20580583946540115,0.20572306748681368,
2025-02-20,rolling_hedge_traditional_20,20,20,0.4011780044361979,0.198949652537375,0.19669987974787703,0.19383023766019486,0.20452954186269523,0.2059906881918579,
2025-02-21,rolling_hedge_traditional_20,20,20,0.4011780044361979,0.20071697886527226,0.1955212782824176,0.1935909873386575,0.20284116570276214,0.20732958981089042,
2025-02-24,rolling_hedge_traditional_20,20,20,0.4011780044361979,0.2007305479598381,0.2009452723343889,0.194095039927282,0.20028435753923618,0.20394478223925477,
2025-02-25,rolling_hedge_traditional_20,20,20,0.4011780044361979,0.20107551091889456,0.2037519425358639,0.19370133008082982,0.19859262924059523,0.20287858722381646,
2025-02-26,rolling_hedge_traditional_20,20,20,0.4011780044361979,0.2002421432232374,0.20496809067073568,0.19357068659871676,0.19572861327245167,0.20549046623485845,
2025-02-27,rolling_hedge_traditional_20,20,20,0.4011780044361979,0.20150219709245742,0.20355237840787704,0.1938156196317257,0.19547919580987727,0.20565060905806254,
2025-02-28,rolling_hedge_traditional_20,20,20,0.4011780044361979,0.2017585859080256,0.20049846002588922,0.19721531181819174,0.19652010475267775,0.20400753749521564,
2025-03-03,rolling_hedge_traditional_20,20,20,0.4011780044361979,0.20249430499632834,0.2036421994964028,0.19685932113060178,0.19494689928038458,0.20205727509628246,
2025-03-04,rolling_hedge_traditional_20,20,20,0.4011780044361979,0.2023653718352904,0.20440300736872377,0.1964139902591281,0.1985339446062418,0.19828368593061607,
2025-03-05,rolling_hedge_traditional_20,20,20,0.4011780044361979,0.20347391452677563,0.20348232762751636,0.19828330275807107,0.19914347544014455,0.19561697964749233,
2025-03-06,rolling_hedge_traditional_20,20,20,0.4011780044361979,0.20451053364177132,0.20806292424296782,0.20005748671153734,0.19613239601181112,0.19123665939191245,
2025-03-07,rolling_hedge_traditional_20,20,20,0.4011780044361979,0.204931663312382,0.2100686913009461,0.19902380284855026,0.1977140897690578,0.18826175276906387,
2025-03-10,rolling_hedge_traditional_20,20,20,0.4011780044361979,0.2055719003658767,0.21050048148866785,0.19701626281566162,0.1998873830408054,0.1870239722889885,
2025-03-11,rolling_hedge_traditional_20,20,20,0.4011780044361979,0.2065664201892753,0.212950177828713,0.1999110557211763,0.1968834932552837,0.18368885300555163,
2025-03-12,rolling_hedge_traditional_20,20,20,0.4011780044361979,0.20669789518304,0.2137370878951968,0.19956875581682978,0.19552163384957763,0.18447462725535574,
2025-03-13,rolling_hedge_traditional_20,20,20,0.4011780044361979,0.20617844216059447,0.21367823438790876,0.2002630268313665,0.19648477115310084,0.18339552546702942,
2025-03-14,rolling_hedge_traditional_20,20,20,0.4011780044361979,0.2056469507025563,0.21389573805325254,0.200635562620292,0.19978178517566775,0.18003996344823148,
2025-03-17,rolling_hedge_traditional_20,20,20,0.4011780044361979,0.2056187936142901,0.2132780808702473,0.20128535496637207,0.2005126961881415,0.17930507436094914,
2025-03-18,rolling_hedge_traditional_20,20,20,0.4011780044361979,0.20649300412074784,0.21190337558098085,0.2015831528748465,0.2022117256853056,0.17780874173811914,
2025-03-19,rolling_hedge_traditional_20,20,20,0.4011780044361979,0.20549056620032627,0.21308730466780892,0.19603861995883778,0.20419838574665444,0.18118512342637258,
2025-03-20,rolling_hedge_traditional_20,20,20,0.4011780044361979,0.2066367333152806,0.2102026837815362,0.19699424453329015,0.20663047418103608,0.17953586418885703,
2025-03-21,rolling_hedge_traditional_20,20,20,0.4011780044361979,0.20529610012815694,0.20794431355140472,0.19917659461888498,0.20629494835772352,0.18128804334382984,
2025-03-24,rolling_hedge_traditional_20,20,20,0.4011780044361979,0.20603066991059188,0.20508568900854637,0.20012762184201355,0.20675270557654069,0.1820033136623076,
2025-03-25,rolling_hedge_traditional_20,20,20,0.4011780044361979,0.20462525510073734,0.2042127529649124,0.1980175004230275,0.20975927493591903,0.18338521657540366,
2025-03-26,rolling_hedge_traditional_20,20,20,0.4011780044361979,0.20414399636776095,0.20206692513124314,0.19969953697182466,0.21336921289111546,0.18072032863805582,
2025-03-27,rolling_hedge_traditional_20,20,20,0.4011780044361979,0.20274846623813572,0.20195229852298516,0.20186637631849752,0.21485149969741613,0.1785813592229655,
2025-03-28,rolling_hedge_traditional_20,20,20,0.4011780044361979,0.20283185388476163,0.20491458924147554,0.19653102354391588,0.21307211654690722,0.1826504167829397,
2025-03-31,rolling_hedge_traditional_20,20,20,0.4011780044361979,0.20122075409234264,0.20028587648941476,0.19991496802805617,0.2140506768272208,0.18452772456296554,
2025-04-01,rolling_hedge_traditional_20,20,20,0.4011780044361979,0.201560803900206,0.20154746800489623,0.2035038022466134,0.2084384535006221,0.18494947234766224,
2025-04-02,rolling_hedge_traditional_20,20,20,0.4011780044361979,0.20111475945964982,0.2041212898039515,0.20073939897537815,0.20946167619937733,0.18456287556164314,
2025-04-03,rolling_hedge_traditional_20,20,20,0.4011780044361979,0.2005631328116996,0.20450210346881803,0.20023639438937627,0.21058982528066658,0.18410854404943947,
2025-04-07,rolling_hedge_traditional_20,20,20,0.4011780044361979,0.20112537175086667,0.19881806744210176,0.20508986480181793,0.20538323157582572,0.18958346442938787,
2025-04-08,rolling_hedge_traditional_20,20,20,0.4011780044361979,0.20131571655694458,0.2003428656639751,0.20893637311108035,0.20136900140554545,0.18803604326245446,
2025-04-09,rolling_hedge_traditional_20,20,20,0.4011780044361979,0.2007984111779032,0.19856736472264788,0.20672657258626528,0.2026147314517768,0.1912929200614068,
2025-04-10,rolling_hedge_traditional_20,20,20,0.4011780044361979,0.20193118254551876,0.1970841047053561,0.20706458098073668,0.20500202418131788,0.1889181075870706,
2025-04-11,rolling_hedge_traditional_20,20,20,0.4011780044361979,0.20241667180129716,0.19298539744306942,0.206544570232415,0.20738527190749317,0.1906680886157252,
2025-04-14,rolling_hedge_traditional_20,20,20,0.4011780044361979,0.20285640877362326,0.19254360280903018,0.207205118592722,0.20489183277266484,0.1925030370519597,
2025-04-15,rolling_hedge_traditional_20,20,20,0.4011780044361979,0.20278822343185343,0.19313696701665356,0.20950073229166408,0.20470891427753388,0.18986516298229503,
2025-04-16,rolling_hedge_traditional_20,20,20,0.4011780044361979,0.20316466228345292,0.19287399962661816,0.21017848240444797,0.20122302765455105,0.19255982803092983,
2025-04-17,rolling_hedge_traditional_20,20,20,0.4011780044361979,0.201301901773717,0.1916091996543915,0.2118859200885904,0.19948946130225834,0.19571351718104268,
2025-04-18,rolling_hedge_traditional_20,20,20,0.4011780044361979,0.200853846289676,0.19448435590149005,0.2075706226795873,0.19935975683512866,0.19773141829411794,
2025-04-21,rolling_hedge_traditional_20,20,20,0.4011780044361979,0.2028014939722651,0.1962405469008756,0.20630176174367734,0.19818615003044945,0.19647004735273246,
2025-04-22,rolling_hedge_traditional_20,20,20,0.4011780044361979,0.20187425394648817,0.19583703718016238,0.2042445536729085,0.19997080323980151,0.1980733519606393,
2025-04-23,rolling_hedge_traditional_20,20,20,0.4011780044361979,0.20184576418929961,0.19249910882569476,0.20864346056412245,0.19823818616957417,0.1987734802513089,
2025-04-24,rolling_hedge_traditional_20,20,20,0.4011780044361979,0.20191047250436683,0.19453090095624154,0.20478343724695314,0.19756064287363226,0.20121454641880623,
2025-04-25,rolling_hedge_traditional_20,20,20,0.4011780044361979,0.20213104481685937,0.1915971420034972,0.2052174102603755,0.19803194944408964,0.20302245347517844,
2025-04-28,rolling_hedge_traditional_20,20,20,0.4011780044361979,0.20048032008813413,0.1923211875570734,0.2080123090966438,0.19751317936380677,0.20167300389434192,
2025-04-29,rolling_hedge_traditional_20,20,20,0.4011780044361979,0.2008876267627286,0.1982894945673332,0.20317935197143075,0.19742757088115348,0.200215955817354,
2025-04-30,rolling_hedge_traditional_20,20,20,0.4011780044361979,0.19909716784019998,0.20109451411124019,0.2024835295111365,0.1988162252953866,0.19850856324203683,
2025-05-06,rolling_hedge_traditional_20,20,20,0.4011780044361979,0.19823289866396024,0.20050737229565196,0.20250507820362715,0.1965155911279654,0.2022390597087952,
2025-05-07,rolling_hedge_traditional_20,20,20,0.4011780044361979,0.19786752271722527,0.19517445786717716,0.20259442437569677,0.19729166088345226,0.20707193415644848,
2025-05-08,rolling_hedge_traditional_20,20,20,0.4011780044361979,0.19717275364891185,0.1981577445519105,0.19811460525058147,0.20029278326923516,0.20626211327936095,
2025-05-09,rolling_hedge_traditional_20,20,20,0.4011780044361979,0.19779797435748364,0.19779530732891623,0.19293951017645358,0.2034054975443469,0.20806171059279976,
2025-05-12,rolling_hedge_traditional_20,20,20,0.4011780044361979,0.19852917777951667,0.1981727999065401,0.19391828862424385,0.20463003395787444,0.20474969973182502,
2025-05-13,rolling_hedge_traditional_20,20,20,0.4011780044361979,0.19654984241972828,0.1977647069988047,0.19561312225238348,0.204893879544444,0.20517844878463953,
2025-05-14,rolling_hedge_traditional_20,20,20,0.4011780044361979,0.19735552201207,0.20082243336569613,0.19792986476228025,0.2037237583381485,0.20016842152180508,
2025-05-15,rolling_hedge_traditional_20,20,20,0.4011780044361979,0.19635701228852048,0.19940837007478104,0.19929703703028578,0.2055848193237125,0.1993527612827003,
2025-05-16,rolling_hedge_traditional_20,20,20,0.4011780044361979,0.19680379870365514,0.2010821519651057,0.19799217413536144,0.20581695570947467,0.19830491948640305,
2025-05-19,rolling_hedge_traditional_20,20,20,0.4011780044361979,0.19495618590169778,0.20297078274175134,0.1956245712759429,0.20720894605989906,0.19923951402070889,
2025-05-20,rolling_hedge_traditional_20,20,20,0.4011780044361979,0.19599894756038433,0.2035287892174356,0.1970164271932402,0.21048804990615813,0.19296778612278168,
2025-05-21,rolling_hedge_traditional_20,20,20,0.4011780044361979,0.19391037878057682,0.20428366668436104,0.20079299900037512,0.20697958893145826,0.19403336660322879,
2025-05-22,rolling_hedge_traditional_20,20,20,0.4011780044361979,0.1916463271148246,0.20347129005778666,0.199180081702255,0.21100645668796394,0.19469584443716986,
2025-05-23,rolling_hedge_traditional_20,20,20,0.4011780044361979,0.19220269048449498,0.20578593587960187,0.19813198932142426,0.20912248917563675,0.1947568951388422,
2025-05-26,rolling_hedge_traditional_20,20,20,0.4011780044361979,0.1932327839935232,0.20753227487179415,0.19396908550842806,0.21304500173974703,0.19222085388650756,
2025-05-27,rolling_hedge_traditional_20,20,20,0.4011780044361979,0.1926072006925389,0.20545004401549247,0.194787396505168,0.21321612188263162,0.19393923690416892,
2025-05-28,rolling_hedge_traditional_20,20,20,0.4011780044361979,0.19269451829270676,0.2095805604013509,0.1945314362769679,0.21293805350083253,0.19025543152814192,
2025-05-29,rolling_hedge_traditional_20,20,20,0.4011780044361979,0.1929817788702179,0.20708341804311658,0.19631112575097476,0.21296905449060416,0.19065462284508655,
2025-05-30,rolling_hedge_traditional_20,20,20,0.4011780044361979,0.1948976597584206,0.2041892100071057,0.19741692432939306,0.2142928436415469,0.18920336226353382,
2025-06-03,rolling_hedge_traditional_20,20,20,0.4011780044361979,0.19513552648388466,0.20123282798725703,0.19376256529178046,0.21593945254069882,0.193929627696379,
2025-06-04,rolling_hedge_traditional_20,20,20,0.4011780044361979,0.1955877417124164,0.19968874064078218,0.19742922115012737,0.21301549112446672,0.19427880537220737,
2025-06-05,rolling_hedge_traditional_20,20,20,0.4011780044361979,0.1956748572160555,0.2005729269588437,0.19826164696179627,0.21116974493419285,0.19432082392911168,
2025-06-06,rolling_hedge_traditional_20,20,20,0.4011780044361979,0.19496735419400904,0.20195215833381475,0.20010107074366026,0.21288537869347857,0.19009403803503744,
2025-06-09,rolling_hedge_traditional_20,20,20,0.4011780044361979,0.1951449972851597,0.1999629936906029,0.19954397071458632,0.21157720846099828,0.19377082984865282,
2025-06-10,rolling_hedge_traditional_20,20,20,0.4011780044361979,0.1942393566724821,0.1984764542057604,0.19879436037997592,0.2119083283532671,0.19658150038851455,
2025-06-11,rolling_hedge_traditional_20,20,20,0.4011780044361979,0.19366948223246727,0.19897147143200458,0.19990757681581015,0.20915841234363658,0.1982930571760814,
2025-06-12,rolling_hedge_traditional_20,20,20,0.4011780044361979,0.19332482670559126,0.19848383459531554,0.1991840555852958,0.20855202927122493,0.2004552538425725,
2025-06-13,rolling_hedge_traditional_20,20,20,0.4011780044361979,0.19203052463185713,0.19835071950392824,0.19737575215766087,0.2079929355571119,0.204250068149442,
2025-06-16,rolling_hedge_traditional_20,20,20,0.4011780044361979,0.19052433826309437,0.19676250282811106,0.19654833081657402,0.20635102115463855,0.20981380693758192,
2025-06-17,rolling_hedge_traditional_20,20,20,0.4011780044361979,0.19284654869756937,0.19549155397823587,0.196546059803872,0.20795121305081068,0.20716462446951223,
2025-06-18,rolling_hedge_traditional_20,20,20,0.4011780044361979,0.19339712558838354,0.1954589619091501,0.1950449836646721,0.20654265537677788,0.20955627346101627,
2025-06-19,rolling_hedge_traditional_20,20,20,0.4011780044361979,0.19495246239541428,0.19535572811289018,0.18933296905085786,0.20835865931454525,0.21200018112629232,
2025-06-20,rolling_hedge_traditional_20,20,20,0.4011780044361979,0.19658560387333285,0.1944919240095684,0.19241841388815603,0.20395244463244433,0.2125516135964984,
2025-06-23,rolling_hedge_traditional_20,20,20,0.4011780044361979,0.19682771216943784,0.19371052719866722,0.19602913350509168,0.20331050428921718,0.21012212283758616,
2025-06-24,rolling_hedge_traditional_20,20,20,0.4011780044361979,0.19678782691155872,0.1948900497578625,0.19865518814489205,0.20034612473091026,0.20932081045477643,
2025-06-25,rolling_hedge_traditional_20,20,20,0.4011780044361979,0.19746405365119538,0.19507549751456438,0.20198442246259787,0.19787912157107684,0.2075969048005655,
2025-06-26,rolling_hedge_traditional_20,20,20,0.4011780044361979,0.1985496115474001,0.19426833407200567,0.2019259520754798,0.19703769799440063,0.20821840431071395,
2025-06-27,rolling_hedge_traditional_20,20,20,0.4011780044361979,0.19796590453782137,0.196272576713491,0.20226680239126357,0.19569373914885466,0.20780097720856944,
2025-06-30,rolling_hedge_traditional_20,20,20,0.4011780044361979,0.19613995800750864,0.19881947679223488,0.1984135443780526,0.19474149133798255,0.21188552948422132,
2025-07-01,rolling_hedge_traditional_20,20,20,0.4011780044361979,0.1971175657154851,0.19872210802236775,0.19825364595950473,0.19442777568185057,0.21147890462079183,
2025-07-02,rolling_hedge_traditional_20,20,20,0.4011780044361979,0.1974580842937258,0.1964975968626773,0.19732422818611384,0.19689547359301032,0.21182461706447278,
2025-07-03,rolling_hedge_traditional_20,20,20,0.4011780044361979,0.19905820597761378,0.19963459857882798,0.19472529780066747,0.19800386937978406,0.2085780282631067,
2025-07-04,rolling_hedge_traditional_20,20,20,0.4011780044361979,0.1995522235468081,0.20248125571746756,0.19516296885644557,0.19369541033193624,0.20910814154734253,
2025-07-07,rolling_hedge_traditional_20,20,20,0.4011780044361979,0.19822866765273112,0.20335581116664106,0.19862959452543769,0.19213381887796727,0.20765210777722293,
2025-07-08,rolling_hedge_traditional_20,20,20,0.4011780044361979,0.1971984178262549,0.20690821564180248,0.19954695648688311,0.18980540847273386,0.20654100157232563,
2025-07-09,rolling_hedge_traditional_20,20,20,0.4011780044361979,0.19832799961346223,0.21137286430417135,0.19525497512147966,0.1939869173827732,0.2010572435781136,
2025-07-10,rolling_hedge_traditional_20,20,20,0.4011780044361979,0.1989577750910957,0.20718178113050756,0.19437180628409062,0.19652576669268726,0.202962870801619,
2025-07-11,rolling_hedge_traditional_20,20,20,0.4011780044361979,0.19952092063983243,0.21071622226337824,0.1907956870242035,0.19553642604458668,0.20343074402799932,
2025-07-14,rolling_hedge_traditional_20,20,20,0.4011780044361979,0.19993786004169317,0.21235250645942058,0.19152577204193758,0.19619195738089182,0.19999190407605683,
2025-07-15,rolling_hedge_traditional_20,20,20,0.4011780044361979,0.1988563254866826,0.21431045410547284,0.19288354806073782,0.19502436241587073,0.19892530993123614,
2025-07-16,rolling_hedge_traditional_20,20,20,0.4011780044361979,0.1996508523917434,0.21326557038131896,0.1955160776357948,0.19187989225861346,0.19968760733252927,
2025-07-17,rolling_hedge_traditional_20,20,20,0.4011780044361979,0.19951158829186505,0.20868957523754347,0.20414428206090723,0.1916040332970323,0.196050521112652,
2025-07-18,rolling_hedge_traditional_20,20,20,0.4011780044361979,0.19714271508763004,0.21396913338555965,0.20430334550391457,0.19180427652726867,0.192780529495627,
2025-07-21,rolling_hedge_traditional_20,20,20,0.4011780044361979,0.19599997152636886,0.2173052900107957,0.19799987768185817,0.19347374880288581,0.19522111197809147,
2025-07-22,rolling_hedge_traditional_20,20,20,0.4011780044361979,0.19507584210228684,0.22097332716552265,0.1969605852643183,0.19256586877305232,0.19442437669481982,
2025-07-23,rolling_hedge_traditional_20,20,20,0.4011780044361979,0.19407788518456665,0.22460307888756428,0.19569934411766626,0.19221876442867958,0.1934009273815232,
2025-07-24,rolling_hedge_traditional_20,20,20,0.4011780044361979,0.1925501565198745,0.2270711479143671,0.19514051287140316,0.18982358289692483,0.19541459979743048,
2025-07-25,rolling_hedge_traditional_20,20,20,0.4011780044361979,0.19370943487425585,0.22793702520036604,0.1929559373076908,0.18974804166829567,0.1956495609493915,
2025-07-28,rolling_hedge_traditional_20,20,20,0.4011780044361979,0.19490036061291038,0.2213668186675823,0.19689311053178912,0.19014440842051664,0.19669530176720165,
2025-07-29,rolling_hedge_traditional_20,20,20,0.4011780044361979,0.1954522136762102,0.22388366982689437,0.19698075581938015,0.18729085520909453,0.19639250546842077,
2025-07-30,rolling_hedge_traditional_20,20,20,0.4011780044361979,0.19509764226815107,0.22589823763012196,0.19491903653179035,0.1889339660179314,0.19515111755200523,
2025-07-31,rolling_hedge_traditional_20,20,20,0.4011780044361979,0.19389978239450817,0.22345883759345356,0.19557784001312728,0.18925699861655865,0.19780654138235243,
2025-08-01,rolling_hedge_traditional_20,20,20,0.4011780044361979,0.19498516393590276,0.218174212882504,0.19561867145679676,0.19343375557823378,0.19778819614656254,
2025-08-04,rolling_hedge_traditional_20,20,20,0.4011780044361979,0.19796436434906356,0.2160038522799255,0.19501993003462473,0.19505839493795862,0.19595345839842745,
2025-08-05,rolling_hedge_traditional_20,20,20,0.4011780044361979,0.1994728099436068,0.21651808980590453,0.194116985489191,0.19426223409915785,0.1956298806621397,
2025-08-06,rolling_hedge_traditional_20,20,20,0.4011780044361979,0.19979179856266333,0.21586517223533627,0.19449073300882577,0.1907379100085048,0.1991143861846698,
2025-08-07,rolling_hedge_traditional_20,20,20,0.4011780044361979,0.19730791397414232,0.2235685536718222,0.19590164927664325,0.18614438049754467,0.19707750257984763,
2025-08-08,rolling_hedge_traditional_20,20,20,0.4011780044361979,0.1990975523197289,0.22592057869463267,0.19640523415974256,0.18731939324203167,0.19125724158386423,
2025-08-11,rolling_hedge_traditional_20,20,20,0.4011780044361979,0.19885598535291896,0.22495022688489155,0.19552436323453343,0.18732017975188991,0.19334924477576612,
2025-08-12,rolling_hedge_traditional_20,20,20,0.4011780044361979,0.19762405468937214,0.22305489423935365,0.19749072514379779,0.18576707032713063,0.19606325560034568,
2025-08-13,rolling_hedge_traditional_20,20,20,0.4011780044361979,0.19610451191005393,0.22172513871963337,0.19907958456695682,0.18894333271487143,0.1941474320884845,
2025-08-14,rolling_hedge_traditional_20,20,20,0.4011780044361979,0.19614767616285889,0.22310986810581213,0.19697439939904043,0.19065666681819823,0.19311138951409043,
2025-08-15,rolling_hedge_traditional_20,20,20,0.4011780044361979,0.19789535326436236,0.22019278793694996,0.19430667892019063,0.19339805938427593,0.19420712049422104,
2025-08-18,rolling_hedge_traditional_20,20,20,0.4011780044361979,0.199005924731674,0.2167984073020377,0.19773259338863172,0.19124393811962123,0.1952191364580353,
2025-08-19,rolling_hedge_traditional_20,20,20,0.4011780044361979,0.19986340062094987,0.21241685914779904,0.19974797123629207,0.19150663457998202,0.19646513441497693,
2025-08-20,rolling_hedge_traditional_20,20,20,0.4011780044361979,0.2005426121068087,0.20740483324859785,0.20022373587800654,0.19249509667116135,0.1993337220954255,
2025-08-21,rolling_hedge_traditional_20,20,20,0.4011780044361979,0.2013601994958043,0.2077264883203745,0.1992156502113953,0.19530147148133947,0.1963961904910864,
2025-08-22,rolling_hedge_traditional_20,20,20,0.4011780044361979,0.20087878607301593,0.20570681880291805,0.2024242304172114,0.19599898994392867,0.19499117476292596,
2025-08-25,rolling_hedge_traditional_20,20,20,0.4011780044361979,0.20004856183580214,0.2098213859645829,0.20326879623258415,0.1938807699134186,0.19298048605361207,
2025-08-26,rolling_hedge_traditional_20,20,20,0.4011780044361979,0.19915784438479778,0.20795038900164212,0.204882845554914,0.1958879123801439,0.19212100867850207,
2025-08-27,rolling_hedge_traditional_20,20,20,0.4011780044361979,0.2010500846089677,0.20936355334385354,0.2043625417917495,0.19412684880902586,0.19109697144640342,
2025-08-28,rolling_hedge_traditional_20,20,20,0.4011780044361979,0.20092146753532725,0.20904069002969647,0.20706555782561728,0.1951753790370658,0.18779690557229325,
2025-08-29,rolling_hedge_traditional_20,20,20,0.4011780044361979,0.19913031889565222,0.2087032085689796,0.20658556110033516,0.19495373370380145,0.19062717773123158,
2025-09-01,rolling_hedge_traditional_20,20,20,0.4011780044361979,0.19674241652203744,0.2098976060873309,0.20525215481616516,0.19511399072713467,0.19299383184733188,
2025-09-02,rolling_hedge_traditional_20,20,20,0.4011780044361979,0.19582618721543502,0.20986406401108745,0.20435241433975307,0.19786731574993308,0.19209001868379127,
2025-09-03,rolling_hedge_traditional_20,20,20,0.4011780044361979,0.1964351265679526,0.20531952272542014,0.20710065781407735,0.19850512345639099,0.19263956943615898,
2025-09-04,rolling_hedge_traditional_20,20,20,0.4011780044361979,0.1993029542084417,0.2024735256233346,0.20547929562183903,0.19966694417995418,0.19307728036643057,
2025-09-05,rolling_hedge_traditional_20,20,20,0.4011780044361979,0.1985089701306222,0.19649038567967475,0.20817475708279584,0.19817428963538736,0.19865159747151986,
2025-09-08,rolling_hedge_traditional_20,20,20,0.4011780044361979,0.19775638027832193,0.19806898018312188,0.2101628032318569,0.19728301636964005,0.19672881993705918,
2025-09-09,rolling_hedge_traditional_20,20,20,0.4011780044361979,0.1998066999242105,0.19648991432092938,0.2039117059351447,0.2010632643204473,0.198728415499268,
2025-09-10,rolling_hedge_traditional_20,20,20,0.4011780044361979,0.19929961786609562,0.19930930173584005,0.19912153647275846,0.20053250746306725,0.20173703646223867,
2025-09-11,rolling_hedge_traditional_20,20,20,0.4011780044361979,0.1994983278956349,0.19886652192277285,0.2002208355729865,0.19972174125668568,0.2016925733519201,
2025-09-12,rolling_hedge_traditional_20,20,20,0.4011780044361979,0.1991176435393566,0.19417718733010914,0.20353966276277297,0.19955015928258027,0.20361534708518103,
2025-09-15,rolling_hedge_traditional_20,20,20,0.4011780044361979,0.197753697416487,0.19856606718952685,0.20214684475826894,0.20268022112883477,0.19885316950688242,
2025-09-16,rolling_hedge_traditional_20,20,20,0.4011780044361979,0.1970156487833101,0.19934116736185373,0.19853858555690582,0.20232381289263401,0.20278078540529626,
2025-09-17,rolling_hedge_traditional_20,20,20,0.4011780044361979,0.1991899216812123,0.19952659259549083,0.1983572659744865,0.2034250313234867,0.1995011884253237,
2025-09-18,rolling_hedge_traditional_20,20,20,0.4011780044361979,0.1999230552283627,0.19719144104525085,0.20087693047465172,0.20209349848735617,0.19991507476437853,
2025-09-19,rolling_hedge_traditional_20,20,20,0.4011780044361979,0.19973017917173433,0.19762299583480608,0.201793196838777,0.20242763401502606,0.19842599413965648,
2025-09-22,rolling_hedge_traditional_20,20,20,0.4011780044361979,0.2010400383190983,0.19805955456795243,0.1994431083708019,0.20465308031174698,0.19680421843040036,
2025-09-23,rolling_hedge_traditional_20,20,20,0.4011780044361979,0.20167241676109599,0.198187265624827,0.20076824764003323,0.2051527980830152,0.1942192718910285,
2025-09-24,rolling_hedge_traditional_20,20,20,0.4011780044361979,0.20015530711645912,0.19701107932726394,0.20350103666883043,0.20550934887976519,0.19382322800768137,
2025-09-25,rolling_hedge_traditional_20,20,20,0.4011780044361979,0.20055266270325117,0.19497035734162635,0.20338592993583068,0.2036139399215856,0.19747711009770622,
2025-09-26,rolling_hedge_traditional_20,20,20,0.4011780044361979,0.201629679438162,0.19908688883997439,0.20264450599951436,0.2018253160516245,0.1948136096707248,
2025-09-29,rolling_hedge_traditional_20,20,20,0.4011780044361979,0.20077087745484226,0.20142456794889801,0.2031513914180429,0.2051407403179477,0.18951242286026912,
2025-09-30,rolling_hedge_traditional_20,20,20,0.4011780044361979,0.20242608015994193,0.19720339774003648,0.2024989465974529,0.20402794076235586,0.19384363474021282,
2025-10-09,rolling_hedge_traditional_20,20,20,0.4011780044361979,0.20127547967409543,0.19664415161921273,0.20355029748578593,0.2065986743344617,0.19193139688644414,
2025-10-10,rolling_hedge_traditional_20,20,20,0.4011780044361979,0.2001745983779023,0.19890710307995643,0.2037114791212393,0.20827795600432866,0.18892886341657336,
2025-10-13,rolling_hedge_traditional_20,20,20,0.4011780044361979,0.20115623418150858,0.19906291772612528,0.2033849339991252,0.2105165628376589,0.18587935125558208,
2025-10-14,rolling_hedge_traditional_20,20,20,0.4011780044361979,0.20347449362923983,0.19730440065907065,0.202113372143632,0.21042853780507523,0.18667919576298236,
2025-10-15,rolling_hedge_traditional_20,20,20,0.4011780044361979,0.20174715188151912,0.19971528822548587,0.20435192701963126,0.20779437653542074,0.18639125633794307,
2025-10-16,rolling_hedge_traditional_20,20,20,0.4011780044361979,0.20283968455606163,0.1983868941844083,0.20896544741055265,0.20665111662201743,0.1831568572269599,
2025-10-17,rolling_hedge_traditional_20,20,20,0.4011780044361979,0.20221539063644106,0.200761393990673,0.20556363034904437,0.20857140377686972,0.1828881812469719,
2025-10-20,rolling_hedge_traditional_20,20,20,0.4011780044361979,0.2026544565031731,0.2031105846719192,0.202746809496773,0.20982762440670402,0.18166052492143073,
2025-10-21,rolling_hedge_traditional_20,20,20,0.4011780044361979,0.20242191631499823,0.2013638291576757,0.20372833996233425,0.20756519734675544,0.18492071721823639,
2025-10-22,rolling_hedge_traditional_20,20,20,0.4011780044361979,0.20183271835389094,0.2028149182553408,0.2052064073882137,0.2075009842517154,0.1826449717508393,
2025-10-23,rolling_hedge_traditional_20,20,20,0.4011780044361979,0.20149844969971722,0.20252842016805156,0.20460406399383207,0.2078002952095579,0.18356877092884133,
2025-10-24,rolling_hedge_traditional_20,20,20,0.4011780044361979,0.2000805908771001,0.20554425791933012,0.2014172357731308,0.20654472396465598,0.18641319146578303,
2025-10-27,rolling_hedge_traditional_20,20,20,0.4011780044361979,0.2007204766267219,0.2050888671401846,0.19888159596582858,0.20562325043359975,0.18968580983366523,
2025-10-28,rolling_hedge_traditional_20,20,20,0.4011780044361979,0.20008185357281563,0.20292358816569447,0.20064936199341,0.2037532328377053,0.19259196343037463,
2025-10-29,rolling_hedge_traditional_20,20,20,0.4011780044361979,0.19845111008951,0.20200738495793788,0.20164482875649983,0.2033488712819449,0.19454780491410736,
2025-10-30,rolling_hedge_traditional_20,20,20,0.4011780044361979,0.19833363562744893,0.20171595154047609,0.20064520618720202,0.20431431370610897,0.1949908929387639,
2025-10-31,rolling_hedge_traditional_20,20,20,0.4011780044361979,0.19903483130812066,0.20426993346993375,0.1989105844567746,0.2046664292185263,0.1931182215466448,
2025-11-03,rolling_hedge_traditional_20,20,20,0.4011780044361979,0.1987484056013821,0.19845894866372976,0.19971935018529097,0.2054528313847363,0.19762046416486087,
2025-11-04,rolling_hedge_traditional_20,20,20,0.4011780044361979,0.19991388902477972,0.19665348443771608,0.2008828910915599,0.20311897454874567,0.1994307608971986,
2025-11-05,rolling_hedge_traditional_20,20,20,0.4011780044361979,0.2005327958394927,0.19555167337885168,0.2021909252515055,0.20528515261351377,0.19643945291663628,
2025-11-06,rolling_hedge_traditional_20,20,20,0.4011780044361979,0.20047864376579247,0.20029236320788116,0.19938476152530268,0.20437650760010145,0.19546772390092224,
2025-11-07,rolling_hedge_traditional_20,20,20,0.4011780044361979,0.20024089885960952,0.20243414467649837,0.19756596596367157,0.20435235366835278,0.19540663683186774,
2025-11-10,rolling_hedge_traditional_20,20,20,0.4011780044361979,0.19915748623465704,0.20141098496195015,0.20093441585789473,0.20414133190276312,0.19435578104273502,
2025-11-11,rolling_hedge_traditional_20,20,20,0.4011780044361979,0.19886436039514901,0.19884557846548187,0.20154488772229803,0.20315600476712037,0.19758916864995085,
2025-11-12,rolling_hedge_traditional_20,20,20,0.4011780044361979,0.19873155558663208,0.2012577967331172,0.19913304257789813,0.20342585061271154,0.19745175448964117,
2025-11-13,rolling_hedge_traditional_20,20,20,0.4011780044361979,0.19713181270521646,0.20488573045929948,0.1954062422524357,0.20128564194956874,0.20129057263347963,
2025-11-14,rolling_hedge_traditional_20,20,20,0.4011780044361979,0.19800188915247924,0.20192550175447374,0.19739197195801814,0.20047544615974727,0.20220519097528153,
2025-11-17,rolling_hedge_traditional_20,20,20,0.4011780044361979,0.19787310784210074,0.20413287095146732,0.19759187167963377,0.19837996414321005,0.20202218538358818,
2025-11-18,rolling_hedge_traditional_20,20,20,0.4011780044361979,0.19874556410603003,0.20429461068595484,0.1991193890276385,0.19965467905854473,0.19818575712183184,
2025-11-19,rolling_hedge_traditional_20,20,20,0.4011780044361979,0.19957428790270523,0.20361394234800817,0.19930052897448627,0.20164350688237448,0.19586773389242573,
2025-11-20,rolling_hedge_traditional_20,20,20,0.4011780044361979,0.19793522434596014,0.2051665131450149,0.20106852074948056,0.2015953326057943,0.19423440915375,
2025-11-21,rolling_hedge_traditional_20,20,20,0.4011780044361979,0.19864874560118073,0.20324714264966087,0.202012432837207,0.20399990237077906,0.19209177654117232,
2025-11-24,rolling_hedge_traditional_20,20,20,0.4011780044361979,0.2003784592518921,0.20462918873457434,0.19896912062030947,0.20599346539404692,0.1900297659991772,
2025-11-25,rolling_hedge_traditional_20,20,20,0.4011780044361979,0.20040324350788988,0.205143111628615,0.19910437389347183,0.2084439937946303,0.1869052771753931,
2025-11-26,rolling_hedge_traditional_20,20,20,0.4011780044361979,0.20041715994308887,0.20348841544890303,0.19571599599655656,0.21223799496552415,0.18814043364592742,
2025-11-27,rolling_hedge_traditional_20,20,20,0.4011780044361979,0.20047594168496158,0.20440038138175065,0.19312015867130206,0.21292110513880075,0.189082413123185,
2025-11-28,rolling_hedge_traditional_20,20,20,0.4011780044361979,0.2006138503787158,0.20135113457722975,0.19339548315978516,0.21437064286797305,0.1902688890162963,
2025-12-01,rolling_hedge_traditional_20,20,20,0.4011780044361979,0.20012450288096162,0.20351282260807677,0.19425097292639848,0.21445525846796587,0.18765644311659732,
2025-12-02,rolling_hedge_traditional_20,20,20,0.4011780044361979,0.19911937411688677,0.20117252404678004,0.19596806366446862,0.21128998531412638,0.19245005285773814,
2025-12-03,rolling_hedge_traditional_20,20,20,0.4011780044361979,0.1980926853739258,0.20652192500638913,0.19406734047699645,0.20637211397286845,0.19494593516982012,
2025-12-04,rolling_hedge_traditional_20,20,20,0.4011780044361979,0.1984194900299327,0.20648076902660895,0.19541658505992462,0.2039288618269905,0.1957542940565431,
2025-12-05,rolling_hedge_traditional_20,20,20,0.4011780044361979,0.19845418301411694,0.20148807483481454,0.196050564083534,0.20346163361976427,0.2005455444477702,
2025-12-08,rolling_hedge_traditional_20,20,20,0.4011780044361979,0.1989509547940918,0.20459166975269594,0.19247024629531498,0.20494205711777733,0.19904507204011998,
2025-12-09,rolling_hedge_traditional_20,20,20,0.4011780044361979,0.1994019352011342,0.2051464234427592,0.1924131785846642,0.20568253513101376,0.19735592764042867,
2025-12-10,rolling_hedge_traditional_20,20,20,0.4011780044361979,0.20012649846866723,0.20332631570735774,0.19695074841269133,0.20596801222029468,0.19362842519098905,
2025-12-11,rolling_hedge_traditional_20,20,20,0.4011780044361979,0.19986110044821195,0.2005548589521847,0.19932556568808407,0.20723188846880805,0.19302658644271112,
2025-12-12,rolling_hedge_traditional_20,20,20,0.4011780044361979,0.19725215165161,0.20567394357426183,0.19481960044478694,0.2067265301596141,0.19552777416972716,
2025-12-15,rolling_hedge_traditional_20,20,20,0.4011780044361979,0.1984961380186025,0.20213070366425048,0.1988503131355875,0.20571721083425545,0.19480563434730408,
2025-12-16,rolling_hedge_traditional_20,20,20,0.4011780044361979,0.19750343556077124,0.20320382804238765,0.19587288577874473,0.20858414332943054,0.19483570728866587,
2025-12-17,rolling_hedge_traditional_20,20,20,0.4011780044361979,0.19777180164916142,0.20470298556076233,0.19621500334862924,0.20619789882328293,0.1951123106181642,
2025-12-18,rolling_hedge_traditional_20,20,20,0.4011780044361979,0.19835723345238154,0.20202697416024068,0.19424593482362126,0.2061540896641736,0.1992157678995829,
2025-12-19,rolling_hedge_traditional_20,20,20,0.4011780044361979,0.1991172273055696,0.20172508324169564,0.19362176635686154,0.20573350509029387,0.19980241800557938,
2025-12-22,rolling_hedge_traditional_20,20,20,0.4011780044361979,0.19743002325085512,0.19851448097674287,0.19531281051838162,0.2066986033253349,0.2020440819286855,
2025-12-23,rolling_hedge_traditional_20,20,20,0.4011780044361979,0.19629546135378284,0.1984432178625865,0.1963977287474002,0.2045499385869743,0.2043136534492561,
2025-12-24,rolling_hedge_traditional_20,20,20,0.4011780044361979,0.19862501977316863,0.20170539216461827,0.19416773612632168,0.2023682409357195,0.20313361100017202,
2025-12-25,rolling_hedge_traditional_20,20,20,0.4011780044361979,0.1984246804438957,0.19834665705635646,0.19671900550005436,0.20217564664421162,0.20433401035548188,
2025-12-26,rolling_hedge_traditional_20,20,20,0.4011780044361979,0.19721412265434296,0.19976218770174858,0.19709227792578005,0.2037144787194018,0.2022169329987266,
2025-12-29,rolling_hedge_traditional_20,20,20,0.4011780044361979,0.19830273929944234,0.1999970265393761,0.1972559123785774,0.2022390394711305,0.20220528231147364,
2025-12-30,rolling_hedge_traditional_20,20,20,0.4011780044361979,0.198945781947859,0.20150493716201645,0.19507768872884138,0.20636070075827612,0.19811089140300706,
2025-12-31,rolling_hedge_traditional_20,20,20,0.4011780044361979,0.20063186576307862,0.1984603150789624,0.19598314822866697,0.2121737663738922,0.19275090455539984,
2026-01-05,rolling_hedge_traditional_20,20,20,0.4011780044361979,0.20006596086052636,0.19605800733207562,0.19677531095112005,0.21562242809565843,0.19147829276061964,
2026-01-06,rolling_hedge_traditional_20,20,20,0.4011780044361979,0.19972793555880491,0.19914158011949268,0.19723881945453314,0.21286740182313899,0.1910242630440303,
2026-01-07,rolling_hedge_traditional_20,20,20,0.4011780044361979,0.20050669038611918,0.19908189979287652,0.1966364640469402,0.20937275475784053,0.19440219101622347,
2026-01-08,rolling_hedge_traditional_20,20,20,0.4011780044361979,0.1989742845291186,0.1994888387981806,0.1970969388415335,0.209478567507056,0.19496137032411118,
2026-01-09,rolling_hedge_traditional_20,20,20,0.4011780044361979,0.19793563794447758,0.19814264880741947,0.1977387025966962,0.20802771582703142,0.19815529482437536,
2026-01-12,rolling_hedge_traditional_20,20,20,0.4011780044361979,0.20042990954265932,0.1958154205141711,0.19875687816482931,0.20903531594899963,0.1959624758293405,
2026-01-13,rolling_hedge_traditional_20,20,20,0.4011780044361979,0.2028690683720362,0.1925029879878918,0.1995066856665313,0.20795455674970606,0.19716670122383453,
2026-01-14,rolling_hedge_traditional_20,20,20,0.4011780044361979,0.20170092727124075,0.19340991296747748,0.19586615900551316,0.21218895182608707,0.19683404892968148,
2026-01-15,rolling_hedge_traditional_20,20,20,0.4011780044361979,0.20274070892136561,0.1921256199068656,0.20094552135035906,0.20741558379470212,0.19677256602670762,
2026-01-16,rolling_hedge_traditional_20,20,20,0.4011780044361979,0.20251634711566618,0.18869171567402712,0.20262613883895952,0.2096635963050861,0.19650220206626093,
2026-01-19,rolling_hedge_traditional_20,20,20,0.4011780044361979,0.2014524896192866,0.19081076108512315,0.20498181028775933,0.2080650165761824,0.19468992243164862,
2026-01-20,rolling_hedge_traditional_20,20,20,0.4011780044361979,0.1999263688294916,0.19082565892864933,0.2046041584399707,0.2079612817335042,0.19668253206838407,
2026-01-21,rolling_hedge_traditional_20,20,20,0.4011780044361979,0.20119589590322695,0.1920785367841741,0.20760881506005655,0.20603502841321913,0.19308172383932323,
2026-01-22,rolling_hedge_traditional_20,20,20,0.4011780044361979,0.20243975339499923,0.19315195710271857,0.20520603489771844,0.20819007261792694,0.1910121819866369,
2026-01-23,rolling_hedge_traditional_20,20,20,0.4011780044361979,0.20125884205592992,0.19328556358216306,0.20502404611858635,0.20716751825582774,0.19326402998749298,
2026-01-26,rolling_hedge_traditional_20,20,20,0.4011780044361979,0.20200303915165646,0.1956163249934992,0.20412833562455623,0.2071732398722408,0.19107906035804736,
2026-01-27,rolling_hedge_traditional_20,20,20,0.4011780044361979,0.20141589568682547,0.19677447440658202,0.20586125970293784,0.20114223929541797,0.19480613090823662,
2026-01-28,rolling_hedge_traditional_20,20,20,0.4011780044361979,0.20111590443032845,0.19839712186591527,0.20464717375969954,0.20182490104822456,0.19401489889583223,
2026-01-29,rolling_hedge_traditional_20,20,20,0.4011780044361979,0.2002624396437773,0.19908207984374296,0.20154450294975168,0.201617042553946,0.1974939350087821,
2026-01-30,rolling_hedge_traditional_20,20,20,0.4011780044361979,0.19875933477838148,0.2002306521314186,0.20232285829503543,0.19966654750843504,0.19902060728672955,
2026-02-02,rolling_hedge_traditional_20,20,20,0.4011780044361979,0.19929276311029664,0.2016177148613126,0.2027658613832523,0.1963253019673494,0.19999835867778903,
2026-02-03,rolling_hedge_traditional_20,20,20,0.4011780044361979,0.2005206385398417,0.20003494729005947,0.20245693951916893,0.19843231595193295,0.19855515869899698,
2026-02-04,rolling_hedge_traditional_20,20,20,0.4011780044361979,0.20015612924639348,0.200072681454247,0.20142703920246938,0.198533103822594,0.19981104627429613,
2026-02-05,rolling_hedge_traditional_20,20,20,0.4011780044361979,0.20013979557515071,0.20122914669101957,0.20310305510477866,0.1978529146596404,0.19767508796941052,
2026-02-06,rolling_hedge_traditional_20,20,20,0.4011780044361979,0.20273090203412764,0.20003773535686498,0.20337984302924872,0.19772702710851975,0.196124492471239,
2026-02-09,rolling_hedge_traditional_20,20,20,0.4011780044361979,0.20178330654239732,0.19926973285397395,0.20101402861547077,0.19775460904599776,0.20017832294216026,
2026-02-10,rolling_hedge_traditional_20,20,20,0.4011780044361979,0.20074648864713565,0.1997420543281771,0.20213281571197175,0.19893408918320782,0.19844455212950776,
2026-02-11,rolling_hedge_traditional_20,20,20,0.4011780044361979,0.20040038896035423,0.2017195056198367,0.20190017692226542,0.19478502080309829,0.20119490769444534,
2026-02-12,rolling_hedge_traditional_20,20,20,0.4011780044361979,0.2012544526015019,0.19997303182523013,0.19765625536247972,0.19473661147139262,0.20637964873939568,
2026-02-13,rolling_hedge_traditional_20,20,20,0.4011780044361979,0.19995819728904898,0.2002253293553194,0.19594985731240352,0.19363239801779522,0.21023421802543288,
2026-02-24,rolling_hedge_traditional_20,20,20,0.4011780044361979,0.20298580018838447,0.2026160661496305,0.19137104781263614,0.19377749911266687,0.20924958673668193,
2026-02-25,rolling_hedge_traditional_20,20,20,0.4011780044361979,0.2035550010855975,0.20042312228313292,0.19380171833591583,0.19409510233637237,0.20812505595898137,
2026-02-26,rolling_hedge_traditional_20,20,20,0.4011780044361979,0.20280141878515134,0.1998572467417548,0.19214841802058794,0.19363992958994314,0.21155298686256271,
2026-02-27,rolling_hedge_traditional_20,20,20,0.4011780044361979,0.20277586644090242,0.19955113797114257,0.19216401729396748,0.19434125908858108,0.21116771920540658,
2026-03-02,rolling_hedge_traditional_20,20,20,0.4011780044361979,0.20158003209447703,0.19729206303450736,0.19655716362877318,0.19477792345134926,0.20979281779089318,
2026-03-03,rolling_hedge_traditional_20,20,20,0.4011780044361979,0.20070538412570615,0.1976784204387746,0.1965027293059886,0.19318447727501734,0.21192898885451317,
2026-03-04,rolling_hedge_traditional_20,20,20,0.4011780044361979,0.20095730567082093,0.19604414533229822,0.19605697617896423,0.19760522494620472,0.2093363478717119,
2026-03-05,rolling_hedge_traditional_20,20,20,0.4011780044361979,0.2018298039211626,0.1943773817264102,0.19648758435858843,0.19658146707527963,0.2107237629185591,
2026-03-06,rolling_hedge_traditional_20,20,20,0.4011780044361979,0.20171007581113928,0.19579349529489665,0.20248932593732472,0.1920548570793203,0.20795224587731911,
2026-03-09,rolling_hedge_traditional_20,20,20,0.4011780044361979,0.20160328888602186,0.19658515909411275,0.20570905096744593,0.18950589499377266,0.20659660605864685,
2026-03-10,rolling_hedge_traditional_20,20,20,0.4011780044361979,0.20095536535361774,0.19547775800439957,0.20537284031472258,0.18846185710225274,0.20973217922500725,
2026-03-11,rolling_hedge_traditional_20,20,20,0.4011780044361979,0.20012273627109184,0.19256540233529057,0.20596135119187722,0.1898807526298435,0.21146975757189682,
2026-03-12,rolling_hedge_traditional_20,20,20,0.4011780044361979,0.20049216274238765,0.19129454490947484,0.2090885961384881,0.19035667501964026,0.2087680211900092,
2026-03-13,rolling_hedge_traditional_20,20,20,0.4011780044361979,0.2005662383293573,0.19386025446653377,0.20374888191692822,0.18958071688282013,0.21224390840436055,
2026-03-16,rolling_hedge_traditional_20,20,20,0.4011780044361979,0.199223978534982,0.19688897123412488,0.20129790908909395,0.19126755845581128,0.21132158268598786,
2026-03-17,rolling_hedge_traditional_20,20,20,0.4011780044361979,0.20119887501536834,0.20039200124258347,0.19965979679321666,0.19037601180498886,0.20837331514384258,
2026-03-18,rolling_hedge_traditional_20,20,20,0.4011780044361979,0.2008982465528872,0.198655625920916,0.1992563375347897,0.19107175775679763,0.21011803223460943,
2026-03-19,rolling_hedge_traditional_20,20,20,0.4011780044361979,0.20091690178207927,0.1996316727593162,0.19992495484961145,0.19345312979476537,0.20607334081422773,
2026-03-20,rolling_hedge_traditional_20,20,20,0.4011780044361979,0.20120674443647854,0.19930087006587424,0.2031857569708542,0.19313585642618264,0.20317077210061035,
2026-03-23,rolling_hedge_traditional_20,20,20,0.4011780044361979,0.20282178637106205,0.1986606137598512,0.2026323130611287,0.1929323371119224,0.20295294969603564,
2026-03-24,rolling_hedge_traditional_20,20,20,0.4011780044361979,0.2004600016309341,0.19483177581011388,0.20420207143267377,0.19455526548522445,0.2059508856410538,
2026-03-25,rolling_hedge_traditional_20,20,20,0.4011780044361979,0.2005519053505575,0.1983129352863914,0.20380730738194805,0.1942692129578652,0.20305863902323784,
2026-03-26,rolling_hedge_traditional_20,20,20,0.4011780044361979,0.20014250703691794,0.19819676101910708,0.20612149566496302,0.19350459078402998,0.202034645494982,
2026-03-27,rolling_hedge_traditional_20,20,20,0.4011780044361979,0.20154109947382975,0.19931406583525169,0.20508540455368868,0.19029716128511404,0.2037622688521158,
2026-03-30,rolling_hedge_traditional_20,20,20,0.4011780044361979,0.20134740513966698,0.19964614404043193,0.20477540958572757,0.19124902589188877,0.20298201534228483,
2026-03-31,rolling_hedge_traditional_20,20,20,0.4011780044361979,0.20194158068684098,0.20008408093134655,0.2061047714288013,0.1919107528521573,0.1999588141008539,
2026-04-01,rolling_hedge_traditional_20,20,20,0.4011780044361979,0.2033960705345863,0.20171057051513286,0.206088404957304,0.19059489160846127,0.19821006238451555,
2026-04-02,rolling_hedge_traditional_20,20,20,0.4011780044361979,0.20113865665457203,0.205704426124603,0.2077141925154434,0.19028606658168004,0.19515665812370156,
2026-04-03,rolling_hedge_traditional_20,20,20,0.4011780044361979,0.20303592762918465,0.2029276102256434,0.20414358087606688,0.19413526233575185,0.19575761893335317,
2026-04-07,rolling_hedge_traditional_20,20,20,0.4011780044361979,0.2048055572957262,0.19884309400507313,0.19998410111851525,0.19690333786858125,0.1994639097121041,
2026-04-08,rolling_hedge_traditional_20,20,20,0.4011780044361979,0.20501803041572558,0.19888252372068055,0.2000686522490577,0.2005003786049679,0.19553041500956841,
2026-04-09,rolling_hedge_traditional_20,20,20,0.4011780044361979,0.2041928852735459,0.20224749269952152,0.20035189020035485,0.1983073125181701,0.19490041930840774,
2026-04-10,rolling_hedge_traditional_20,20,20,0.4011780044361979,0.20284449178368494,0.20394939935062464,0.19904767409415994,0.19727702796954272,0.19688140680198774,
2026-04-13,rolling_hedge_traditional_20,20,20,0.4011780044361979,0.20421202881740497,0.2002636845584204,0.205822485736858,0.1970421372207161,0.1926596636666005,
2026-04-14,rolling_hedge_traditional_20,20,20,0.4011780044361979,0.2031652910461605,0.19702149959111237,0.20891032655511127,0.1985526015197707,0.19235028128784515,
2026-04-15,rolling_hedge_traditional_20,20,20,0.4011780044361979,0.19966235404498925,0.19333458230384745,0.2125536797330986,0.20168527173117184,0.1927641121868928,
2026-04-16,rolling_hedge_traditional_20,20,20,0.4011780044361979,0.20056966443966634,0.19600728048677138,0.21663471219364921,0.1979897378949536,0.18879860498495937,
2026-04-17,rolling_hedge_traditional_20,20,20,0.4011780044361979,0.2015182645101966,0.1952177326899611,0.21640451724716125,0.19740544587478379,0.18945403967789728,
2026-04-20,rolling_hedge_traditional_20,20,20,0.4011780044361979,0.20174530236525873,0.19467078292625942,0.21293643571178894,0.1988906401938423,0.19175683880285066,
2026-04-21,rolling_hedge_traditional_20,20,20,0.4011780044361979,0.20030183108919541,0.1960865039679917,0.21511066556513223,0.20120091788530384,0.1873000814923767,
2026-04-22,rolling_hedge_traditional_20,20,20,0.4011780044361979,0.20080683128332855,0.19678886943796464,0.2207992021770432,0.19881408401016823,0.18279101309149537,
2026-04-23,rolling_hedge_traditional_20,20,20,0.4011780044361979,0.20259075072563437,0.1938120318591149,0.21823644521470717,0.1980572640187624,0.18730350818178118,
2026-04-24,rolling_hedge_traditional_20,20,20,0.4011780044361979,0.2030840942355126,0.19833543929116956,0.21264502246628256,0.20022062135290425,0.18571482265413103,
2026-04-27,rolling_hedge_traditional_20,20,20,0.4011780044361979,0.20149461881366837,0.2010535755045262,0.21265551281541192,0.20111440769331623,0.1836818851730772,
2026-04-28,rolling_hedge_traditional_20,20,20,0.4011780044361979,0.20294704469831532,0.19999743431914338,0.21372419171912813,0.20082737752033453,0.18250395174307862,
2026-04-29,rolling_hedge_traditional_20,20,20,0.4011780044361979,0.20336134752972948,0.20224421951408936,0.2114183478440129,0.20118718883042966,0.1817888962817386,
2026-04-30,rolling_hedge_traditional_20,20,20,0.4011780044361979,0.2032046874915055,0.202116786076198,0.2125987265550625,0.19899064336442807,0.18308915651280594,
2026-05-06,rolling_hedge_traditional_20,20,20,0.4011780044361979,0.204245569758207,0.19814936219167625,0.21343854590894645,0.1992119743388804,0.1849545478022899,
2026-05-07,rolling_hedge_traditional_20,20,20,0.4011780044361979,0.2045269552362592,0.20292770829407233,0.20971419210230408,0.19642861432818814,0.18640253003917623,
2026-05-08,rolling_hedge_traditional_20,20,20,0.4011780044361979,0.20261513179040352,0.20852432898990755,0.20753457433219372,0.19714619501675154,0.18417976987074375,
2026-05-11,rolling_hedge_traditional_20,20,20,0.4011780044361979,0.20263838802937165,0.2052476652346896,0.20783169673893137,0.19507520520555355,0.1892070447914538,
2026-05-12,rolling_hedge_traditional_20,20,20,0.4011780044361979,0.2041351020713751,0.2045155319357196,0.20649450515040313,0.19602268477905851,0.18883217606344355,
2026-05-13,rolling_hedge_traditional_20,20,20,0.4011780044361979,0.20409410955908192,0.20220217883706934,0.2109808300807002,0.19743379350459023,0.18528908801855834,
2026-05-14,rolling_hedge_traditional_20,20,20,0.4011780044361979,0.2028440540882322,0.20625133806109194,0.20544804939324646,0.20056503199224243,0.18489152646518697,
2026-05-15,rolling_hedge_traditional_20,20,20,0.4011780044361979,0.20425025551702042,0.20590013145084468,0.20390096460224189,0.19671641918607788,0.18923222924381508,
2026-05-18,rolling_hedge_traditional_20,20,20,0.4011780044361979,0.2054216181384887,0.20344039435690847,0.20334373260560412,0.19643476293104267,0.1913594919679561,
2026-05-19,rolling_hedge_traditional_20,20,20,0.4011780044361979,0.20515772338265256,0.19737499279608606,0.20310510249681593,0.19815184700195437,0.1962103343224911,
2026-05-20,rolling_hedge_traditional_20,20,20,0.4011780044361979,0.20460644202983233,0.20077905199191404,0.20181802801432072,0.19677145041896368,0.19602502754496934,
2026-05-21,rolling_hedge_traditional_20,20,20,0.4011780044361979,0.20454392863255297,0.19833588298689073,0.20440731728912281,0.1945996040815827,0.19811326700985088,
2026-05-22,rolling_hedge_traditional_20,20,20,0.4011780044361979,0.2054979271616127,0.19410482139626647,0.20378720254824986,0.1954494827922102,0.2011605661016608,
2026-05-25,rolling_hedge_traditional_20,20,20,0.4011780044361979,0.2051921436114007,0.1984042689522064,0.19663375371908207,0.19505950975634911,0.20471032396096175,
2026-05-26,rolling_hedge_traditional_20,20,20,0.4011780044361979,0.20317215477071685,0.20159411375639202,0.19642483090592255,0.1945771625865307,0.20423173798043787,
2026-05-27,rolling_hedge_traditional_20,20,20,0.4011780044361979,0.20166102934404476,0.19501252700622915,0.20208820433363614,0.19557553684519022,0.20566270247089968,
2026-05-28,rolling_hedge_traditional_20,20,20,0.4011780044361979,0.20201980511307366,0.18888029859952968,0.20638343868676542,0.19720003676536962,0.20551642083526173,
2026-05-29,rolling_hedge_traditional_20,20,20,0.4011780044361979,0.20143543534740802,0.19341483867895826,0.20334725367684642,0.1966167666868052,0.20518570560998206,
2026-06-01,rolling_hedge_traditional_20,20,20,0.4011780044361979,0.20120019138804848,0.18666083992030114,0.20534494966616573,0.19917427595313572,0.20761974307234904,
2026-06-02,rolling_hedge_traditional_20,20,20,0.4011780044361979,0.2000560337314957,0.18463150410781545,0.20639560370618387,0.20100304026287635,0.20791381819162866,
2026-06-03,rolling_hedge_traditional_20,20,20,0.4011780044361979,0.19886818010256355,0.18912304317775694,0.20181305049152085,0.19926844565266957,0.2109272805754892,
2026-06-04,rolling_hedge_traditional_20,20,20,0.4011780044361979,0.19734853462058255,0.18894728382322076,0.20529108867291693,0.20268375015802612,0.20572934272525367,
2026-06-05,rolling_hedge_traditional_20,20,20,0.4011780044361979,0.1977281532275143,0.18405671847437372,0.2090004629806891,0.20267136917203132,0.20654329614539155,
2026-06-08,rolling_hedge_traditional_20,20,20,0.4011780044361979,0.1974279262682842,0.18075675953879894,0.21183681678211239,0.20513412403136136,0.20484437337944303,
2026-06-09,rolling_hedge_traditional_20,20,20,0.4011780044361979,0.1967871305229311,0.18009506831199648,0.21418023077536297,0.2061496232502702,0.20278794713943932,
2026-06-10,rolling_hedge_traditional_20,20,20,0.4011780044361979,0.19717966843681398,0.18130805358494936,0.21283226425335353,0.2038433656927796,0.20483664803210358,
2026-06-11,rolling_hedge_traditional_20,20,20,0.4011780044361979,0.19820907488589176,0.1797059418418267,0.21235834197062528,0.20326139313979313,0.20646524816186312,
2026-06-12,rolling_hedge_traditional_20,20,20,0.4011780044361979,0.1968434013971776,0.18206703178686534,0.2115522839140268,0.20512925344014546,0.20440802946178482,
2026-06-15,rolling_hedge_traditional_20,20,20,0.4011780044361979,0.19766858663400372,0.18584401925171976,0.21320918652054818,0.20382198355677214,0.1994562240369562,
2026-06-16,rolling_hedge_traditional_20,20,20,0.4011780044361979,0.1981878990184331,0.19141449615505549,0.2097141460725814,0.20565620428939668,0.19502725446453342,
2026-06-17,rolling_hedge_traditional_20,20,20,0.4011780044361979,0.19809282823102514,0.18718371383879198,0.20747031324280754,0.20702129564529761,0.2002318490420777,
2026-06-18,rolling_hedge_traditional_20,20,20,0.4011780044361979,0.1971662841755231,0.19086412790826204,0.20705343754971814,0.2110722429042556,0.19384390746224112,
2026-06-22,rolling_hedge_traditional_20,20,20,0.4011780044361979,0.19688454832705712,0.19215818966169562,0.20816926011116862,0.20921118209607498,0.1935768198040035,
2026-06-23,rolling_hedge_traditional_20,20,20,0.4011780044361979,0.19656956622067737,0.18721231715880307,0.212275584121002,0.209676294355831,0.19426623814368663,
2026-06-24,rolling_hedge_traditional_20,20,20,0.4011780044361979,0.19702445245208017,0.18706813505830974,0.21275831115317773,0.20917471757525774,0.19397438376117457,
2026-06-25,rolling_hedge_traditional_20,20,20,0.4011780044361979,0.19855381045630657,0.18815212276658788,0.2121906534778442,0.20488435328059065,0.19621906001867062,
2026-06-26,rolling_hedge_traditional_20,20,20,0.4011780044361979,0.19846411993491506,0.18962226731170084,0.2109768969906958,0.20331579415421336,0.1976209216084749,
2026-06-29,rolling_hedge_traditional_20,20,20,0.4011780044361979,0.19860612241052591,0.18827038678390182,0.2108117355952846,0.2037167977014076,0.19859495750888004,
2026-06-30,rolling_hedge_traditional_20,20,20,0.4011780044361979,0.19854741518079677,0.1906683548460224,0.21295460943332054,0.19991259397455158,0.1979170265653088,
2026-07-01,rolling_hedge_traditional_20,20,20,0.4011780044361979,0.19846162145012017,0.19064103595054369,0.21138216994253592,0.1982501736737925,0.20126499898300784,
2026-07-02,rolling_hedge_traditional_20,20,20,0.4011780044361979,0.20072401779266627,0.1858299328789799,0.2142260969299752,0.20202618324079255,0.19719376915758605,
2026-07-03,rolling_hedge_traditional_20,20,20,0.4011780044361979,0.20152603376573533,0.18399076473555667,0.21374926122041824,0.2019278381219664,0.19880610215632338,
2026-07-06,rolling_hedge_traditional_20,20,20,0.4011780044361979,0.20183273932117723,0.18602533714370903,0.21424005267828286,0.19916396890611587,0.1987379019507151,
2026-07-07,rolling_hedge_traditional_20,20,20,0.4011780044361979,0.2030650985481397,0.19217992319915117,0.20862786707453204,0.19967488578942139,0.19645222538875567,
2026-07-08,rolling_hedge_traditional_20,20,20,0.4011780044361979,0.20319586735283723,0.19289990749741218,0.20547619727715213,0.1995573512236517,0.19887067664894667,
2026-07-09,rolling_hedge_traditional_20,20,20,0.4011780044361979,0.20301240728208517,0.1935191211626108,0.20264804936019515,0.20329384656190028,0.19752657563320858,
2026-07-10,rolling_hedge_traditional_20,20,20,0.4011780044361979,0.2026954960396396,0.19259697335969356,0.20637846959889397,0.20222054396944614,0.19610851703232673,
2026-07-13,rolling_hedge_traditional_20,20,20,0.4011780044361979,0.20416741231764204,0.1936791306987936,0.2041402842213537,0.19980651350396791,0.19820665925824274,
2026-07-14,rolling_hedge_traditional_20,20,20,0.4011780044361979,0.20423231029718827,0.19646634030767007,0.20193444419112014,0.19770021384581576,0.19966669135820575,
2026-07-15,rolling_hedge_traditional_20,20,20,0.4011780044361979,0.20357443245005613,0.19644757505581598,0.20483455413957616,0.1963941652625488,0.19874927309200288,
2026-07-16,rolling_hedge_traditional_20,20,20,0.4011780044361979,0.20335243585730037,0.19626501647827513,0.20552614727657684,0.19651839053465206,0.1983380098531956,
2026-07-17,rolling_hedge_traditional_20,20,20,0.4011780044361979,0.20340229157746711,0.1958066735867862,0.20472754045499109,0.19539462495096385,0.20066886942979176,
2026-07-20,rolling_hedge_traditional_20,20,20,0.4011780044361979,0.20390848907961184,0.19741853632728396,0.20282933872644096,0.19544611750528074,0.2003975183613823,
2026-07-21,rolling_hedge_traditional_20,20,20,0.4011780044361979,0.20286386759224526,0.2003394975369091,0.20196174462227096,0.1957027167191609,0.1991321735294138,
2026-07-22,rolling_hedge_traditional_20,20,20,0.4011780044361979,0.20251202506282037,0.20085954120418467,0.2020132602326706,0.19854629415523986,0.19606887934508446,
2026-07-23,rolling_hedge_traditional_20,20,20,0.4011780044361979,0.2012585894605176,0.20365106801077534,0.19925472527900462,0.20080268220053427,0.1950329350491681,
2026-07-24,rolling_hedge_traditional_20,20,20,0.4011780044361979,0.2020670825733102,0.20372579369253457,0.20124593279033062,0.19721419478655916,0.19574699615726546,
2026-07-27,rolling_hedge_traditional_20,20,20,0.4011780044361979,0.2025509636198204,0.20352852455089562,0.20209237035676408,0.19549890829378075,0.19632923317873915,
2026-07-28,rolling_hedge_traditional_20,20,20,0.4011780044361979,0.20237950222773987,0.20355086649929774,0.1997899281546,0.19822425687728948,0.19605544624107302,
2026-07-29,rolling_hedge_traditional_20,20,20,0.4011780044361979,0.20336948089485155,0.20690903691961035,0.19848161319730023,0.20256608030878034,0.18867378867945758,
2026-07-30,rolling_hedge_traditional_20,20,20,0.4011780044361979,0.20280502456077618,0.20670386309100214,0.19937362835574873,0.2030529344579627,0.1880645495345104,
2026-07-31,rolling_hedge_traditional_20,20,20,0.4011780044361979,0.20264501313388708,0.20850717391265305,0.19769154687736726,0.2031220416385486,0.18803422443754395,
2026-08-03,rolling_hedge_traditional_20,20,20,0.4011780044361979,0.20311353826376272,0.20724932268014662,0.19715952772801754,0.20412464094843835,0.18835297037963472,
2026-08-04,rolling_hedge_traditional_20,20,20,0.4011780044361979,0.20259886293492604,0.20932754178659313,0.19740466877975274,0.2028748019726294,0.18779412452609873,
2026-08-05,rolling_hedge_traditional_20,20,20,0.4011780044361979,0.20217057602480112,0.210301138667311,0.19983693597784546,0.20127319903257654,0.18641815029746583,
2026-08-06,rolling_hedge_traditional_20,20,20,0.4011780044361979,0.2018665885972208,0.21061693238687976,0.19940036207442777,0.1985646773008408,0.1895514396406308,
2026-08-07,rolling_hedge_traditional_20,20,20,0.4011780044361979,0.2015607891613842,0.2123202128849868,0.19822632027509085,0.19838957190743767,0.18950310577110055,
2026-08-10,rolling_hedge_traditional_20,20,20,0.4011780044361979,0.20238352318144798,0.21214994986198954,0.20266512686549354,0.19754823973538377,0.18525316035568518,
2026-08-11,rolling_hedge_traditional_20,20,20,0.4011780044361979,0.20179514078675623,0.20925925926422578,0.20355938515278632,0.19814413232255257,0.1872420824736791,
2026-08-12,rolling_hedge_traditional_20,20,20,0.4011780044361979,0.20258045976163552,0.2091028717072264,0.2007149683587241,0.19876654442755778,0.1888351557448562,
2026-08-13,rolling_hedge_traditional_20,20,20,0.4011780044361979,0.20203956172778498,0.20782343011004956,0.20276132436963748,0.19924281122037218,0.18813287257215577,
2026-08-14,rolling_hedge_traditional_20,20,20,0.4011780044361979,0.2015605244998254,0.2079444262154103,0.20075726525467052,0.19937443888529524,0.19036334514479852,
2026-08-17,rolling_hedge_traditional_20,20,20,0.4011780044361979,0.20129365220116147,0.2080844328919352,0.1997261743730475,0.19880339599074884,0.19209234454310706,
2025-01-02,rolling_hedge_traditional_60,60,0,,0.2,0.2,0.2,0.2,0.2,
2025-01-03,rolling_hedge_traditional_60,60,1,1.7941225779941015,0.20566226631172613,0.18552349253719033,0.21154792464821365,0.202113079282178,0.19515323722069186,
2025-01-06,rolling_hedge_traditional_60,60,2,1.2686362411795196,0.20721409381937939,0.18246961587598104,0.2093586570453591,0.19633889456393233,0.20461873869534813,
2025-01-07,rolling_hedge_traditional_60,60,3,1.0358371533640798,0.20612904877557328,0.19131592388448942,0.20063506871338826,0.1977121075843779,0.20420785104217118,
2025-01-08,rolling_hedge_traditional_60,60,4,0.8970612889970507,0.2071810937488267,0.1857457150555587,0.2020227838979997,0.19677995504930218,0.2082704522483128,
2025-01-09,rolling_hedge_traditional_60,60,5,0.8023560088723958,0.207543267379362,0.1855140924897585,0.20648067999761455,0.19937001557686945,0.20109194455639556,
2025-01-10,rolling_hedge_traditional_60,60,6,0.7324474753487107,0.2060210915806418,0.1909369644661462,0.2053540348702375,0.19640345020211694,0.20128445888085753,
2025-01-13,rolling_hedge_traditional_60,60,7,0.6781145947054967,0.20618226230228437,0.19557658789330762,0.2072228617699655,0.1973834759054539,0.19363481212898856,
2025-01-14,rolling_hedge_traditional_60,60,8,0.6343181205897598,0.20451961639198676,0.19935264476248432,0.2046538430509128,0.195574521214441,0.1958993745801751,
2025-01-15,rolling_hedge_traditional_60,60,9,0.5980408593313672,0.20717556448468621,0.19735214972738774,0.2050521122559749,0.19611151472998517,0.19430865880196602,
2025-01-16,rolling_hedge_traditional_60,60,10,0.5673513747994448,0.2050452148636597,0.20022102370860276,0.20436445315547572,0.19877063543960496,0.1915986728326569,
2025-01-17,rolling_hedge_traditional_60,60,11,0.5409483108283251,0.20471568012932323,0.19364157895075293,0.2052807397507727,0.2022289587915401,0.19413304237761106,
2025-01-20,rolling_hedge_traditional_60,60,12,0.5179185766820399,0.2053706498535842,0.19335997734800178,0.20571149172766667,0.20102632986693533,0.19453155120381205,
2025-01-21,rolling_hedge_traditional_60,60,13,0.49760007303272097,0.20630112699260267,0.19410548245719256,0.2044509752694447,0.2026955789566179,0.19244683632414203,
2025-01-22,rolling_hedge_traditional_60,60,14,0.479499428337824,0.20505204201148608,0.19463837789820965,0.20306682579797644,0.20250216040831892,0.19474059388400888,
2025-01-23,rolling_hedge_traditional_60,60,15,0.4632404577083915,0.2047794434270767,0.19603261136715236,0.20093937640565845,0.20407045444159483,0.19417811435851765,
2025-01-24,rolling_hedge_traditional_60,60,16,0.44853064449852537,0.2041508898871287,0.19445391872201215,0.20120703575443613,0.20476983895873405,0.19541831667768908,
2025-01-27,rolling_hedge_traditional_60,60,17,0.43513864084559645,0.20510557316879463,0.19224434054912834,0.2009333574297834,0.20344682191124577,0.1982699069410478,
2025-02-05,rolling_hedge_traditional_60,60,18,0.42287874705983985,0.20381918135617708,0.1940853735857295,0.1999910668141632,0.20337726364310682,0.19872711460082346,
2025-02-06,rolling_hedge_traditional_60,60,19,0.41159994788426096,0.20275645026634145,0.19381174978247734,0.19798878259843045,0.20487389975164857,0.2005691176011023,
2025-02-07,rolling_hedge_traditional_60,60,20,0.4011780044361979,0.2027729089104624,0.19320818553738178,0.19683067777026797,0.20593434900869795,0.2012538787731899,
2025-02-10,rolling_hedge_traditional_60,60,21,0.39150964379463254,0.20166681402933836,0.1930202983978094,0.19847613521624233,0.20545866328466894,0.2013780890719409,
2025-02-11,rolling_hedge_traditional_60,60,22,0.382508218858117,0.20061691780998248,0.1922632907138604,0.19832390518841359,0.20666312880080345,0.20213275748694,
2025-02-12,rolling_hedge_traditional_60,60,23,0.37410041809700845,0.20078428781457475,0.1921804707685764,0.19716826988951283,0.20619312035859091,0.20367385116874512,
2025-02-13,rolling_hedge_traditional_60,60,24,0.36622373767435534,0.20028468788267478,0.1930155582016055,0.19701881621681278,0.2047141494293661,0.2049667882695407,
2025-02-14,rolling_hedge_traditional_60,60,25,0.3588245155988203,0.20080645889342005,0.1933094649150571,0.19717062260167373,0.20249653895034037,0.20621691463950884,
2025-02-17,rolling_hedge_traditional_60,60,26,0.3518563859603583,0.20108403001533348,0.1933291211636934,0.1956499571011626,0.20349598244826508,0.20644090927154557,
2025-02-18,rolling_hedge_traditional_60,60,27,0.3452790511213599,0.2008272628126484,0.19432817379163828,0.1959449724728279,0.20330866382129675,0.2055909271015886,
2025-02-19,rolling_hedge_traditional_60,60,28,0.33905729735274837,0.20247935088924057,0.19505240865689452,0.19733268461769507,0.20251236146274057,0.20262319437342924,
2025-02-20,rolling_hedge_traditional_60,60,29,0.3331601988516988,0.2031386206179575,0.19585657165479364,0.1976504530679563,0.20159987029880116,0.20175448436049137,
2025-02-21,rolling_hedge_traditional_60,60,30,0.3275604689655637,0.2035587545193929,0.1965260120159283,0.1972594273790875,0.20166478205063776,0.2009910240349535,
2025-02-24,rolling_hedge_traditional_60,60,31,0.3222339274936866,0.2034381809726331,0.19697820598760488,0.19834411921224276,0.20160182338489338,0.19963767044262581,
2025-02-25,rolling_hedge_traditional_60,60,32,0.3171590602948799,0.20419353691661682,0.1988634704768014,0.19845167622472001,0.19956753450319842,0.19892378187866347,
2025-02-26,rolling_hedge_traditional_60,60,33,0.31231665287440685,0.20420796841110775,0.2001472300401881,0.1977701604272916,0.19840771219578227,0.19946692892563025,
2025-02-27,rolling_hedge_traditional_60,60,34,0.30768948369821886,0.20445422985194306,0.19927047350068722,0.19721051782360619,0.1981530967749754,0.2009116820487883,
2025-02-28,rolling_hedge_traditional_60,60,35,0.30326206605924194,0.20449595244673427,0.1977957245864618,0.1985296675527719,0.20001480469512595,0.19916385071890608,
2025-03-03,rolling_hedge_traditional_60,60,36,0.2990204296656836,0.20467999939667234,0.19898278814261366,0.19848801814776076,0.19936831110923717,0.1984808832037161,
2025-03-04,rolling_hedge_traditional_60,60,37,0.2949519349239072,0.2052428651600854,0.19788082061317658,0.1980099211421004,0.20126780946625278,0.1975985836183848,
2025-03-05,rolling_hedge_traditional_60,60,38,0.29104511428499047,0.20518215202109938,0.19839275548920643,0.19876069763411788,0.20170326373557615,0.19596113112000016,
2025-03-06,rolling_hedge_traditional_60,60,39,0.2872895361142189,0.20522875737589924,0.20133411949620855,0.1986911464930822,0.2006218767847016,0.19412409985010842,
2025-03-07,rolling_hedge_traditional_60,60,40,0.2836756873997224,0.20554616083705218,0.2021501885084623,0.1971480353623044,0.2026047608272545,0.19255085446492665,
2025-03-10,rolling_hedge_traditional_60,60,41,0.28019487229462287,0.20517360346792007,0.20215639292285728,0.19691119380075633,0.20389453958498646,0.19186427022347985,
2025-03-11,rolling_hedge_traditional_60,60,42,0.27683912402711436,0.2051078993945098,0.20311191873445855,0.1988631655538902,0.20273431830945635,0.19018269800768509,
2025-03-12,rolling_hedge_traditional_60,60,43,0.2736011281455475,0.20529306397176397,0.20341469565029446,0.19779071876944396,0.2015362655356139,0.1919652560728837,
2025-03-13,rolling_hedge_traditional_60,60,44,0.27047415541416253,0.20452669409117186,0.20387025133467157,0.19813133723915977,0.20121754205189815,0.19225417528309868,
2025-03-14,rolling_hedge_traditional_60,60,45,0.2674520029574653,0.20455078977674893,0.20411318187940203,0.1984922267847186,0.20190013635449588,0.1909436652046345,
2025-03-17,rolling_hedge_traditional_60,60,46,0.2645289424811173,0.20471543919383053,0.2036022999428244,0.19774523062930538,0.20316206256835387,0.1907749676656858,
2025-03-18,rolling_hedge_traditional_60,60,47,0.26169967458529025,0.20503735844886942,0.2033909984649101,0.19811356180839862,0.20414544841240082,0.18931263286542113,
2025-03-19,rolling_hedge_traditional_60,60,48,0.25895928834101994,0.20556695278167883,0.20451943278854173,0.19552961303778882,0.2047571033381243,0.18962689805386637,
2025-03-20,rolling_hedge_traditional_60,60,49,0.25630322542772876,0.20677599297915852,0.20325935111091778,0.19637680332361493,0.20556598730814615,0.1880218652781627,
2025-03-21,rolling_hedge_traditional_60,60,50,0.2537272482359039,0.20620055471086554,0.2022937220109791,0.19742540655480467,0.2053422564316721,0.18873806029167875,
2025-03-24,rolling_hedge_traditional_60,60,51,0.251227411427013,0.20652604510242312,0.2008160501056057,0.19883028429322797,0.20552091630222774,0.1883067041965155,
2025-03-25,rolling_hedge_traditional_60,60,52,0.24880003651636048,0.2062226686888773,0.20173524132522036,0.19759596997106246,0.20568546587921108,0.18876065413562873,
2025-03-26,rolling_hedge_traditional_60,60,53,0.24644168910634556,0.20596023036103134,0.20145212763707698,0.19812232456184972,0.20687129968222984,0.18759401775781206,
2025-03-27,rolling_hedge_traditional_60,60,54,0.24414915844957022,0.20533418227520264,0.2007110998902361,0.19901141297308256,0.2074904418686199,0.1874528629928588,
2025-03-28,rolling_hedge_traditional_60,60,55,0.2419194390651641,0.2053676391518698,0.20121767577965965,0.19679288130638617,0.20785227608819662,0.18876952767388774,
2025-03-31,rolling_hedge_traditional_60,60,56,0.239749714168912,0.20453239059674413,0.19939931722439172,0.19878136912907077,0.20780144470853226,0.18948547834126114,
2025-04-01,rolling_hedge_traditional_60,60,57,0.237637340709414,0.2051770941872304,0.19921875703054542,0.20046725557545364,0.20602370066535983,0.18911319254141065,
2025-04-02,rolling_hedge_traditional_60,60,58,0.23557983582949482,0.20486188574527067,0.20110211611649784,0.1994377217708767,0.20692859493560503,0.18766968143174972,
2025-04-03,rolling_hedge_traditional_60,60,59,0.2335748645951603,0.20457596741375886,0.20370766599061188,0.19907255849971156,0.20662046340875395,0.18602334468716378,
2025-04-07,rolling_hedge_traditional_60,60,60,0.23162022885419575,0.20517025789298599,0.2010544842446268,0.20054710557886238,0.20523723991901469,0.18799091236451013,
2025-04-08,rolling_hedge_traditional_60,60,60,0.23162022885419575,0.20428358761846355,0.20392861903286819,0.20100709922163934,0.20371864938070627,0.18706204474632257,
2025-04-09,rolling_hedge_traditional_60,60,60,0.23162022885419575,0.20333559294972237,0.20508879638896985,0.20112113690692665,0.20441674274839478,0.1860377310059863,
2025-04-10,rolling_hedge_traditional_60,60,60,0.23162022885419575,0.2041907389165822,0.20314527428129117,0.20196051747572388,0.20468155757890377,0.18602191174749907,
2025-04-11,rolling_hedge_traditional_60,60,60,0.23162022885419575,0.2033640644602273,0.20293716488987654,0.20153406003439844,0.20609329410790336,0.1860714165075943,
2025-04-14,rolling_hedge_traditional_60,60,60,0.23162022885419575,0.20338875318571206,0.2034728794509457,0.2009003062027149,0.20462640257950232,0.18761165858112505,
2025-04-15,rolling_hedge_traditional_60,60,60,0.23162022885419575,0.2038145086168171,0.20201210525721483,0.2016846676025497,0.20666552196785645,0.185823196555562,
2025-04-16,rolling_hedge_traditional_60,60,60,0.23162022885419575,0.20420117140100405,0.2003362811459693,0.20165899043254604,0.20532608500026206,0.18847747202021856,
2025-04-17,rolling_hedge_traditional_60,60,60,0.23162022885419575,0.20413511237127474,0.1993506323622863,0.20100951906091985,0.20568790554923705,0.18981683065628208,
2025-04-18,rolling_hedge_traditional_60,60,60,0.23162022885419575,0.2038557664349294,0.20076188045624463,0.19909116633849736,0.2062428420684927,0.1900483447018359,
2025-04-21,rolling_hedge_traditional_60,60,60,0.23162022885419575,0.2052439100154449,0.19983060119339718,0.19948463436329017,0.20434059305082447,0.1911002613770434,
2025-04-22,rolling_hedge_traditional_60,60,60,0.23162022885419575,0.20508139872761685,0.20110768008627522,0.1991294372502811,0.20411271695300548,0.19056876698282144,
2025-04-23,rolling_hedge_traditional_60,60,60,0.23162022885419575,0.20449535558203005,0.20026487383384756,0.20016575714966614,0.2038259376143952,0.19124807582006098,
2025-04-24,rolling_hedge_traditional_60,60,60,0.23162022885419575,0.20381893143343166,0.20099876798705726,0.19896271333305326,0.20377438091314054,0.19244520633331716,
2025-04-25,rolling_hedge_traditional_60,60,60,0.23162022885419575,0.20392275366147233,0.19842548832073736,0.20064116410949537,0.2047659183440519,0.19224467556424307,
2025-04-28,rolling_hedge_traditional_60,60,60,0.23162022885419575,0.2030980341328596,0.19873677444299848,0.20106195215173164,0.20404245032283905,0.19306078894957124,
2025-04-29,rolling_hedge_traditional_60,60,60,0.23162022885419575,0.2027735278522534,0.20137100257229923,0.20005369908541723,0.20353025308123593,0.19227151740879425,
2025-04-30,rolling_hedge_traditional_60,60,60,0.23162022885419575,0.20177604801537966,0.20411175387070446,0.2013813925571247,0.2032992259894757,0.18943157956731557,
2025-05-06,rolling_hedge_traditional_60,60,60,0.23162022885419575,0.201665551898533,0.20474970615793758,0.20092330045713855,0.20288617675973772,0.18977526472665315,
2025-05-07,rolling_hedge_traditional_60,60,60,0.23162022885419575,0.20179099411573226,0.20448448475926276,0.2017867048730952,0.2022621108429806,0.18967570540892933,
2025-05-08,rolling_hedge_traditional_60,60,60,0.23162022885419575,0.20191114906996627,0.20404430892395384,0.20133296528597114,0.20200379616799455,0.1907077805521141,
2025-05-09,rolling_hedge_traditional_60,60,60,0.23162022885419575,0.20279834085272413,0.20501561592239329,0.1992902786261134,0.2028192126230446,0.1900765519757246,
2025-05-12,rolling_hedge_traditional_60,60,60,0.23162022885419575,0.2034772318722101,0.20553953067692413,0.2003122204712329,0.20245335834860742,0.18821765863102555,
2025-05-13,rolling_hedge_traditional_60,60,60,0.23162022885419575,0.2030549545380978,0.20486295830184678,0.20133043534360234,0.20318181503362376,0.18756983678282943,
2025-05-14,rolling_hedge_traditional_60,60,60,0.23162022885419575,0.2034779657144084,0.20411685221173445,0.2027723859462409,0.2044023857590812,0.1852304103685351,
2025-05-15,rolling_hedge_traditional_60,60,60,0.23162022885419575,0.20283234646291795,0.20313381392987098,0.20417198241318443,0.20601573236587012,0.18384612482815646,
2025-05-16,rolling_hedge_traditional_60,60,60,0.23162022885419575,0.20301394507542256,0.20410888560910043,0.20505005276786878,0.2064488529853925,0.18137826356221573,
2025-05-19,rolling_hedge_traditional_60,60,60,0.23162022885419575,0.202668063719064,0.20433306635571982,0.20423008654914324,0.20625642551887516,0.18251235785719774,
2025-05-20,rolling_hedge_traditional_60,60,60,0.23162022885419575,0.2016418068048609,0.20453227619319486,0.20273110585646478,0.20826379206441992,0.18283101908105945,
2025-05-21,rolling_hedge_traditional_60,60,60,0.23162022885419575,0.20075661063730618,0.20509101104304395,0.20308639310553234,0.20756035412089918,0.1835056310932183,
2025-05-22,rolling_hedge_traditional_60,60,60,0.23162022885419575,0.19974740836488752,0.204390904959403,0.20269922844361143,0.20895673857711164,0.18420571965498642,
2025-05-23,rolling_hedge_traditional_60,60,60,0.23162022885419575,0.19995800788693652,0.2038426895035472,0.2014628477962103,0.20921625256542017,0.18552020224788593,
2025-05-26,rolling_hedge_traditional_60,60,60,0.23162022885419575,0.19980711788765393,0.20235663999595915,0.20028080251903968,0.21221523464313657,0.1853402049542108,
2025-05-27,rolling_hedge_traditional_60,60,60,0.23162022885419575,0.1992018688418553,0.20117710572916755,0.19959014303315253,0.21399493492098784,0.18603594747483682,
2025-05-28,rolling_hedge_traditional_60,60,60,0.23162022885419575,0.1986233978850081,0.2016910379238454,0.2009628228819034,0.21502014497446764,0.18370259633477548,
2025-05-29,rolling_hedge_traditional_60,60,60,0.23162022885419575,0.1978792040705994,0.20240782837840954,0.20045829788138161,0.21365935839774478,0.18559531127186465,
2025-05-30,rolling_hedge_traditional_60,60,60,0.23162022885419575,0.19825105662840373,0.20158647577752287,0.2002846397537132,0.21485472447998596,0.1850231033603742,
2025-06-03,rolling_hedge_traditional_60,60,60,0.23162022885419575,0.19756379157695866,0.20225929623862632,0.1997888725264736,0.21338662705873,0.18700141259921144,
2025-06-04,rolling_hedge_traditional_60,60,60,0.23162022885419575,0.19710944513084794,0.20253108318156196,0.2004172453262104,0.21092316450252968,0.18901906185885003,
2025-06-05,rolling_hedge_traditional_60,60,60,0.23162022885419575,0.19667871739097997,0.20016913501903533,0.20070635892992725,0.2110410019289611,0.19140478673109626,
2025-06-06,rolling_hedge_traditional_60,60,60,0.23162022885419575,0.19614620858084592,0.19941691977561432,0.20192311651954542,0.21077292987556,0.1917408252484344,
2025-06-09,rolling_hedge_traditional_60,60,60,0.23162022885419575,0.19676017664291653,0.19899153750073115,0.20072765421286679,0.20954856643124178,0.19397206521224375,
2025-06-10,rolling_hedge_traditional_60,60,60,0.23162022885419575,0.19630398237484406,0.19728218041573795,0.1995925937570856,0.21115741703014734,0.19566382642218502,
2025-06-11,rolling_hedge_traditional_60,60,60,0.23162022885419575,0.19547321914263172,0.19647727551239147,0.20143407731338508,0.2111485605512432,0.19546686748034853,
2025-06-12,rolling_hedge_traditional_60,60,60,0.23162022885419575,0.19598571120004246,0.19553773134786895,0.2020698125479668,0.21148432552524923,0.1949224193788725,
2025-06-13,rolling_hedge_traditional_60,60,60,0.23162022885419575,0.19490957710615844,0.19441810214745395,0.20219113105431324,0.2108012062108322,0.1976799834812422,
2025-06-16,rolling_hedge_traditional_60,60,60,0.23162022885419575,0.19430028438562352,0.19485762069100476,0.20228023217743024,0.20992974841502207,0.1986321143309195,
2025-06-17,rolling_hedge_traditional_60,60,60,0.23162022885419575,0.19480527175459011,0.1950224517720098,0.2012489510896036,0.2095965700607884,0.19932675532300806,
2025-06-18,rolling_hedge_traditional_60,60,60,0.23162022885419575,0.19471906252809287,0.19460161771928258,0.20215414043853605,0.20965843295273717,0.19886674636135143,
2025-06-19,rolling_hedge_traditional_60,60,60,0.23162022885419575,0.1941692546820759,0.1966460511526003,0.19853632408210006,0.20861143766725035,0.20203693241597334,
2025-06-20,rolling_hedge_traditional_60,60,60,0.23162022885419575,0.19487402492632813,0.1967142750274338,0.1987652105175682,0.20765224614681912,0.2019942433818506,
2025-06-23,rolling_hedge_traditional_60,60,60,0.23162022885419575,0.1947864694346244,0.19727181217102652,0.19910608107740918,0.20723523641855032,0.20160040089838957,
2025-06-24,rolling_hedge_traditional_60,60,60,0.23162022885419575,0.19541311118202723,0.19703181722780713,0.2007153942645473,0.20672797322108735,0.2001117041045309,
2025-06-25,rolling_hedge_traditional_60,60,60,0.23162022885419575,0.1954377256727432,0.19715431888802132,0.20093174065968053,0.20490976973126535,0.2015664450482896,
2025-06-26,rolling_hedge_traditional_60,60,60,0.23162022885419575,0.19629104731174804,0.19727745605881147,0.2010513829721851,0.20459473216419768,0.20078538149305777,
2025-06-27,rolling_hedge_traditional_60,60,60,0.23162022885419575,0.19517534465618996,0.19748613052132813,0.20386870216620442,0.2034709466599418,0.19999887599633576,
2025-06-30,rolling_hedge_traditional_60,60,60,0.23162022885419575,0.19547606190815386,0.20086735496156807,0.19954825030664258,0.20357784750450003,0.20053048531913542,
2025-07-01,rolling_hedge_traditional_60,60,60,0.23162022885419575,0.19513828493545227,0.20072107848074286,0.19689827503504295,0.20508989362423077,0.20215246792453112,
2025-07-02,rolling_hedge_traditional_60,60,60,0.23162022885419575,0.19507276457311096,0.1981698566163643,0.1984827081784551,0.2035643238876227,0.2047103467444471,
2025-07-03,rolling_hedge_traditional_60,60,60,0.23162022885419575,0.19580653256921743,0.19738549050038545,0.19747931442049382,0.20364471311704638,0.20568394939285697,
2025-07-04,rolling_hedge_traditional_60,60,60,0.23162022885419575,0.195321961436879,0.20159506248671455,0.19628453786074768,0.20382801169225723,0.20297042652340153,
2025-07-07,rolling_hedge_traditional_60,60,60,0.23162022885419575,0.19500654336995876,0.2007077323854916,0.19494382062220805,0.20393882779614292,0.20540307582619854,
2025-07-08,rolling_hedge_traditional_60,60,60,0.23162022885419575,0.19431945402812822,0.20208233583532154,0.1956161595680185,0.20340171249661834,0.20458033807191353,
2025-07-09,rolling_hedge_traditional_60,60,60,0.23162022885419575,0.19347206972698747,0.20460108371204783,0.1947394282309975,0.20454340948558755,0.20264400884437964,
2025-07-10,rolling_hedge_traditional_60,60,60,0.23162022885419575,0.19405092863177745,0.20372372463353572,0.19511184517719515,0.20502423149796642,0.20208927005952512,
2025-07-11,rolling_hedge_traditional_60,60,60,0.23162022885419575,0.1930681305095543,0.20482613235061264,0.19280088912061139,0.20520556347935126,0.2040992845398704,
2025-07-14,rolling_hedge_traditional_60,60,60,0.23162022885419575,0.19269212084860018,0.20579721353338715,0.19204399701673594,0.20481348971645486,0.20465317888482182,
2025-07-15,rolling_hedge_traditional_60,60,60,0.23162022885419575,0.19238428087552234,0.20723019586192004,0.19148984966801058,0.20581733999457696,0.20307833359997002,
2025-07-16,rolling_hedge_traditional_60,60,60,0.23162022885419575,0.19379866006363733,0.20701560458378385,0.19298746491980756,0.2050066361224116,0.2011916343103596,
2025-07-17,rolling_hedge_traditional_60,60,60,0.23162022885419575,0.19345741040203943,0.20485548608476117,0.1966765896689015,0.2039270760569579,0.20108343778733992,
2025-07-18,rolling_hedge_traditional_60,60,60,0.23162022885419575,0.19177067208099818,0.206845767396061,0.19770777982677235,0.20382323996815557,0.19985254072801276,
2025-07-21,rolling_hedge_traditional_60,60,60,0.23162022885419575,0.1915349597797299,0.20952741100068878,0.19561059531781533,0.20336467545162412,0.19996235845014196,
2025-07-22,rolling_hedge_traditional_60,60,60,0.23162022885419575,0.19160566977799123,0.21337072636550325,0.1941516101837045,0.20329597408294092,0.1975760195898601,
2025-07-23,rolling_hedge_traditional_60,60,60,0.23162022885419575,0.19108576194900728,0.21428364312528872,0.19579969638053032,0.2017576133177192,0.19707328522745457,
2025-07-24,rolling_hedge_traditional_60,60,60,0.23162022885419575,0.19089822666101525,0.21764440372023444,0.19532575424842882,0.1996903289826609,0.19644128638766067,
2025-07-25,rolling_hedge_traditional_60,60,60,0.23162022885419575,0.19139221372221762,0.2178973320755919,0.19526528713567592,0.19886557408433672,0.19657959298217775,
2025-07-28,rolling_hedge_traditional_60,60,60,0.23162022885419575,0.19213032667334703,0.21409333218945784,0.19600027402694026,0.19924835720437925,0.19852770990587545,
2025-07-29,rolling_hedge_traditional_60,60,60,0.23162022885419575,0.19317224194343505,0.213670957056195,0.19389587568468453,0.198246584014309,0.20101434130137655,
2025-07-30,rolling_hedge_traditional_60,60,60,0.23162022885419575,0.19342815426000595,0.21244899884147742,0.19429861491499656,0.19913929019257795,0.20068494179094218,
2025-07-31,rolling_hedge_traditional_60,60,60,0.23162022885419575,0.19360903115644332,0.21351393631169616,0.19358028322919837,0.19889577157380442,0.20040097772885762,
2025-08-01,rolling_hedge_traditional_60,60,60,0.23162022885419575,0.19408433607099562,0.21313049313017784,0.19486953759519196,0.1997853638044926,0.19813026939914208,
2025-08-04,rolling_hedge_traditional_60,60,60,0.23162022885419575,0.1951186296062072,0.21119511928896928,0.19617216531881215,0.19908199827392545,0.19843208751208596,
2025-08-05,rolling_hedge_traditional_60,60,60,0.23162022885419575,0.19486781241045012,0.21269751108657292,0.1957475661363721,0.19740234859698655,0.19928476176961826,
2025-08-06,rolling_hedge_traditional_60,60,60,0.23162022885419575,0.19530045849133423,0.21520367547102515,0.1940859006656795,0.19625352789467576,0.19915643747728543,
2025-08-07,rolling_hedge_traditional_60,60,60,0.23162022885419575,0.1940977816620359,0.21682562124963195,0.19402886893529198,0.19468978486208818,0.200357943290952,
2025-08-08,rolling_hedge_traditional_60,60,60,0.23162022885419575,0.194681980864851,0.22020375221160035,0.19124229168788046,0.19453564538738408,0.19933632984828414,
2025-08-11,rolling_hedge_traditional_60,60,60,0.23162022885419575,0.19390131755895534,0.21962391703214612,0.190709161432824,0.1940272077846329,0.20173839619144174,
2025-08-12,rolling_hedge_traditional_60,60,60,0.23162022885419575,0.19395503998995997,0.2188947471825419,0.19259715053491006,0.19329299144033418,0.20126007085225392,
2025-08-13,rolling_hedge_traditional_60,60,60,0.23162022885419575,0.19385212895836484,0.21749987208065763,0.19414490291586955,0.19260935113678315,0.20189374490832465,
2025-08-14,rolling_hedge_traditional_60,60,60,0.23162022885419575,0.19477890768106002,0.21559151476086472,0.19454425185321367,0.19451708417492206,0.2005682415299394,
2025-08-15,rolling_hedge_traditional_60,60,60,0.23162022885419575,0.19532941850811758,0.21646603393304792,0.1948733979750842,0.19379595346681788,0.19953519611693227,
2025-08-18,rolling_hedge_traditional_60,60,60,0.23162022885419575,0.1953995225837111,0.21590662195124338,0.19536200218122768,0.1931169807561897,0.2002148725276281,
2025-08-19,rolling_hedge_traditional_60,60,60,0.23162022885419575,0.1953066926861158,0.21618082339959074,0.1974018862273326,0.19109698281771115,0.20001361486924962,
2025-08-20,rolling_hedge_traditional_60,60,60,0.23162022885419575,0.19551403538653764,0.21537223646406703,0.19885674835629466,0.19011729794041235,0.2001396818526883,
2025-08-21,rolling_hedge_traditional_60,60,60,0.23162022885419575,0.1957280599608869,0.21644162319817523,0.19794611923936573,0.18988915462263656,0.1999950429789355,
2025-08-22,rolling_hedge_traditional_60,60,60,0.23162022885419575,0.19579848784142004,0.21697437817530807,0.1986748383184236,0.18948189956134948,0.19907039610349883,
2025-08-25,rolling_hedge_traditional_60,60,60,0.23162022885419575,0.19490374530719426,0.2173247759772547,0.19918870550812692,0.18792268661877645,0.2006600865886477,
2025-08-26,rolling_hedge_traditional_60,60,60,0.23162022885419575,0.19530571674675148,0.2175871913724301,0.2000853837764375,0.18725094837922485,0.19977075972515607,
2025-08-27,rolling_hedge_traditional_60,60,60,0.23162022885419575,0.19641181023697804,0.21820217696937638,0.1980912947309433,0.1886323837045502,0.19866233435815198,
2025-08-28,rolling_hedge_traditional_60,60,60,0.23162022885419575,0.1965300733288378,0.21860670211985647,0.19843767227087072,0.18999633074196964,0.19642922153846534,
2025-08-29,rolling_hedge_traditional_60,60,60,0.23162022885419575,0.19636556352816295,0.21710402907823945,0.19838916246474725,0.18979204932687066,0.19834919560197975,
2025-09-01,rolling_hedge_traditional_60,60,60,0.23162022885419575,0.19592541103049416,0.21706485428598724,0.19927705247576533,0.1898752733174443,0.19785740889030906,
2025-09-02,rolling_hedge_traditional_60,60,60,0.23162022885419575,0.19564470230503353,0.21950224752109598,0.1987460226985636,0.18960518247376754,0.19650184500153942,
2025-09-03,rolling_hedge_traditional_60,60,60,0.23162022885419575,0.1968247741253436,0.21905118897083112,0.19800620353418816,0.19034029271917458,0.19577754065046246,
2025-09-04,rolling_hedge_traditional_60,60,60,0.23162022885419575,0.19747325741126026,0.21925642043845117,0.19747857989855513,0.18979208844656775,0.19599965380516562,
2025-09-05,rolling_hedge_traditional_60,60,60,0.23162022885419575,0.19844449028493805,0.21900582758352058,0.19721242043500603,0.1891767876579208,0.19616047403861464,
2025-09-08,rolling_hedge_traditional_60,60,60,0.23162022885419575,0.1980690471081791,0.22041102363752002,0.1981796017013543,0.1890117632248333,0.19432856432811335,
2025-09-09,rolling_hedge_traditional_60,60,60,0.23162022885419575,0.19790798009186503,0.21947481276607692,0.19667390901268134,0.18951443828605954,0.19642885984331726,
2025-09-10,rolling_hedge_traditional_60,60,60,0.23162022885419575,0.19713786235923944,0.21984248689537067,0.1963694449715393,0.1892492599087142,0.19740094586513635,
2025-09-11,rolling_hedge_traditional_60,60,60,0.23162022885419575,0.19722379148690206,0.21763842070349365,0.20075945421680402,0.18966197110350838,0.19471636248929186,
2025-09-12,rolling_hedge_traditional_60,60,60,0.23162022885419575,0.19670755871557655,0.2161862810766932,0.20122677236422987,0.19130120688753632,0.19457818095596402,
2025-09-15,rolling_hedge_traditional_60,60,60,0.23162022885419575,0.19582825029413028,0.21890138867402087,0.19875616455543632,0.1926712562673828,0.19384294020902978,
2025-09-16,rolling_hedge_traditional_60,60,60,0.23162022885419575,0.19536779729617995,0.21894002903460175,0.19726490164726881,0.19211557613278368,0.19631169588916586,
2025-09-17,rolling_hedge_traditional_60,60,60,0.23162022885419575,0.19644906818583202,0.21814068795875108,0.19673732866531313,0.19312675059879053,0.1955461645913133,
2025-09-18,rolling_hedge_traditional_60,60,60,0.23162022885419575,0.19646649432415503,0.21826917804987458,0.19730945306298017,0.19264585406114504,0.19530902050184515,
2025-09-19,rolling_hedge_traditional_60,60,60,0.23162022885419575,0.19678452862427015,0.21781342053453598,0.19838644375253497,0.1932002031059984,0.19381540398266045,
2025-09-22,rolling_hedge_traditional_60,60,60,0.23162022885419575,0.19769982153504514,0.2168442759981117,0.19978430173905287,0.1933862960672575,0.19228530466053273,
2025-09-23,rolling_hedge_traditional_60,60,60,0.23162022885419575,0.19789283676427002,0.217242452899263,0.2015407247228818,0.19314099353343647,0.19018299208014866,
2025-09-24,rolling_hedge_traditional_60,60,60,0.23162022885419575,0.19791245378876518,0.21848273267227478,0.20160327900975694,0.1933108540573131,0.18869068047188997,
2025-09-25,rolling_hedge_traditional_60,60,60,0.23162022885419575,0.19739643045537805,0.2156604630852817,0.20350263625697274,0.1931014473416023,0.1903390228607653,
2025-09-26,rolling_hedge_traditional_60,60,60,0.23162022885419575,0.19753557800384342,0.21498691325007974,0.20273722548706807,0.19434371643874124,0.19039656682026754,
2025-09-29,rolling_hedge_traditional_60,60,60,0.23162022885419575,0.19737060298884132,0.21587054330253844,0.20188212872872588,0.19719206274074508,0.18768466223914929,
2025-09-30,rolling_hedge_traditional_60,60,60,0.23162022885419575,0.1986871078889588,0.21356725084100409,0.20050339562285965,0.19774668452816008,0.18949556111901739,
2025-10-09,rolling_hedge_traditional_60,60,60,0.23162022885419575,0.1986236671383785,0.2102264813197009,0.20293808055476442,0.19750424968821575,0.19070752129894025,
2025-10-10,rolling_hedge_traditional_60,60,60,0.23162022885419575,0.1982587811432015,0.2142534263145046,0.20299389260283865,0.19635246882416565,0.18814143111528958,
2025-10-13,rolling_hedge_traditional_60,60,60,0.23162022885419575,0.1994713383273974,0.2120242056752891,0.2047154311225815,0.19750204792281578,0.1862869769519162,
2025-10-14,rolling_hedge_traditional_60,60,60,0.23162022885419575,0.20021744934975427,0.21139405011902562,0.20456870619186773,0.19694394795689765,0.18687584638245472,
2025-10-15,rolling_hedge_traditional_60,60,60,0.23162022885419575,0.1996855075633182,0.21084517895941207,0.2034666113914974,0.19670245443144754,0.1893002476543247,
2025-10-16,rolling_hedge_traditional_60,60,60,0.23162022885419575,0.1991122944824391,0.21102465211006458,0.2042253122911813,0.19768991022485843,0.18794783089145664,
2025-10-17,rolling_hedge_traditional_60,60,60,0.23162022885419575,0.1988828282124276,0.21295456911161903,0.20168613089903376,0.19930510934040926,0.18717136243651042,
2025-10-20,rolling_hedge_traditional_60,60,60,0.23162022885419575,0.19996696830469432,0.20989035944015752,0.20044319668910865,0.20158587436966982,0.18811360119636958,
2025-10-21,rolling_hedge_traditional_60,60,60,0.23162022885419575,0.19959374837696056,0.20957162199556592,0.20214349859715705,0.20073942585577245,0.1879517051745439,
2025-10-22,rolling_hedge_traditional_60,60,60,0.23162022885419575,0.19933835602916472,0.20846092586359485,0.20208465531892994,0.20067455125320102,0.1894415115351095,
2025-10-23,rolling_hedge_traditional_60,60,60,0.23162022885419575,0.2007792510789324,0.20552139582272783,0.20188523250875298,0.2020442582738808,0.1897698623157061,
2025-10-24,rolling_hedge_traditional_60,60,60,0.23162022885419575,0.20082270759076692,0.206026573539719,0.20090513222678674,0.2022239748387724,0.19002161180395483,
2025-10-27,rolling_hedge_traditional_60,60,60,0.23162022885419575,0.20077926924042921,0.2048392019428468,0.20179455000391414,0.2022866751583209,0.19030030365448897,
2025-10-28,rolling_hedge_traditional_60,60,60,0.23162022885419575,0.20069034287664428,0.20619443121150607,0.20194870970021198,0.201233164046374,0.18993335216526364,
2025-10-29,rolling_hedge_traditional_60,60,60,0.23162022885419575,0.19957467132649076,0.20465407170645908,0.20421515119679892,0.2024686455824727,0.18908746018777856,
2025-10-30,rolling_hedge_traditional_60,60,60,0.23162022885419575,0.19973974797585656,0.20459446777711615,0.20493874936821566,0.20218374442557488,0.18854329045323678,
2025-10-31,rolling_hedge_traditional_60,60,60,0.23162022885419575,0.2003155769096629,0.20468185637500266,0.2054131595106093,0.20194534227486685,0.1876440649298584,
2025-11-03,rolling_hedge_traditional_60,60,60,0.23162022885419575,0.19973088566506067,0.20354981860163007,0.20518330499779838,0.20122973058170346,0.19030626015380742,
2025-11-04,rolling_hedge_traditional_60,60,60,0.23162022885419575,0.19853091694453437,0.2045263093278015,0.20540612535210565,0.20189758885699025,0.18963905951856824,
2025-11-05,rolling_hedge_traditional_60,60,60,0.23162022885419575,0.1992878435307137,0.2013627599723782,0.2052683435236584,0.2041409083021108,0.1899401446711388,
2025-11-06,rolling_hedge_traditional_60,60,60,0.23162022885419575,0.1989296124661901,0.2012430822635349,0.2057798481652193,0.20544774835141089,0.18859970875364476,
2025-11-07,rolling_hedge_traditional_60,60,60,0.23162022885419575,0.19981533280782204,0.20217384725092524,0.20384531554701316,0.2070774287116577,0.18708807568258182,
2025-11-10,rolling_hedge_traditional_60,60,60,0.23162022885419575,0.1993194830345837,0.19823724148001004,0.20723393049251834,0.2073616212253043,0.18784772376758374,
2025-11-11,rolling_hedge_traditional_60,60,60,0.23162022885419575,0.20004436273848208,0.19668790370715483,0.20799708945156012,0.20620787140031904,0.1890627727024839,
2025-11-12,rolling_hedge_traditional_60,60,60,0.23162022885419575,0.20016514887072256,0.1985273921273103,0.2042727039283017,0.20711886164844187,0.18991589342522347,
2025-11-13,rolling_hedge_traditional_60,60,60,0.23162022885419575,0.19964836428638424,0.201551397999094,0.2019748934559221,0.20497853929806698,0.19184680496053275,
2025-11-14,rolling_hedge_traditional_60,60,60,0.23162022885419575,0.19990359059033286,0.20097216647858387,0.20186972076573956,0.20510400163711937,0.19215052052822443,
2025-11-17,rolling_hedge_traditional_60,60,60,0.23162022885419575,0.19989939628603523,0.2008559787952954,0.20233760958917385,0.2045119734410851,0.1923950418884104,
2025-11-18,rolling_hedge_traditional_60,60,60,0.23162022885419575,0.199384121569422,0.20244600320167533,0.2029009577695414,0.2057293700296189,0.18953954742974238,
2025-11-19,rolling_hedge_traditional_60,60,60,0.23162022885419575,0.199117526448041,0.2033731909713954,0.20176815790666353,0.20668396047440227,0.18905716419949775,
2025-11-20,rolling_hedge_traditional_60,60,60,0.23162022885419575,0.1992003776871979,0.20416866171524045,0.20230797085519878,0.2074346802024101,0.1868883095399528,
2025-11-21,rolling_hedge_traditional_60,60,60,0.23162022885419575,0.19921364015623855,0.20340554857297738,0.20248472279571356,0.20733100590539158,0.18756508256967894,
2025-11-24,rolling_hedge_traditional_60,60,60,0.23162022885419575,0.20045490823255302,0.20418282037247953,0.19976334934550263,0.20814258184387607,0.18745634020558868,
2025-11-25,rolling_hedge_traditional_60,60,60,0.23162022885419575,0.2008440987847578,0.20347520127868593,0.19949829621334397,0.20977239873564368,0.18641000498756857,
2025-11-26,rolling_hedge_traditional_60,60,60,0.23162022885419575,0.20026747191033498,0.20207204053484723,0.19885437926197833,0.21202302086619668,0.18678308742664276,
2025-11-27,rolling_hedge_traditional_60,60,60,0.23162022885419575,0.19937051949062304,0.20173988360540043,0.19831244462887057,0.2132213094958916,0.18735584277921435,
2025-11-28,rolling_hedge_traditional_60,60,60,0.23162022885419575,0.20010637039880202,0.2002683590371726,0.19743927253063692,0.21315014359443188,0.18903585443895657,
2025-12-01,rolling_hedge_traditional_60,60,60,0.23162022885419575,0.20027775727742372,0.20058330964700377,0.1979904755286969,0.21258673900878677,0.1885617185380888,
2025-12-02,rolling_hedge_traditional_60,60,60,0.23162022885419575,0.1998713496734894,0.19953300359212378,0.1999486458030313,0.21135532010285168,0.18929168082850376,
2025-12-03,rolling_hedge_traditional_60,60,60,0.23162022885419575,0.20059880614322376,0.19948766553460254,0.19922126276222674,0.20914350144010926,0.19154876411983773,
2025-12-04,rolling_hedge_traditional_60,60,60,0.23162022885419575,0.2000861189624034,0.20189817246957706,0.1989936975408881,0.20866888623720267,0.19035312478992883,
2025-12-05,rolling_hedge_traditional_60,60,60,0.23162022885419575,0.19934486582209193,0.2016266710707831,0.19841255826118723,0.20936290490902018,0.19125299993691755,
2025-12-08,rolling_hedge_traditional_60,60,60,0.23162022885419575,0.19956889435486816,0.20290896963208155,0.19805197509742423,0.2114140135287484,0.18805614738687765,
2025-12-09,rolling_hedge_traditional_60,60,60,0.23162022885419575,0.2009981125134111,0.20070983184210553,0.19766075601631686,0.21122610502648692,0.18940519460167962,
2025-12-10,rolling_hedge_traditional_60,60,60,0.23162022885419575,0.2003177515317976,0.20245382433954143,0.20018487392531942,0.2099871784797485,0.1870563717235932,
2025-12-11,rolling_hedge_traditional_60,60,60,0.23162022885419575,0.19991904480473907,0.2022231662921681,0.20203991468661642,0.2088484334970341,0.18696944071944221,
2025-12-12,rolling_hedge_traditional_60,60,60,0.23162022885419575,0.19856356298620584,0.20487712742504313,0.19867000390768824,0.209187465831424,0.1887018398496387,
2025-12-15,rolling_hedge_traditional_60,60,60,0.23162022885419575,0.1994553198957007,0.2054794221756119,0.19954930997003706,0.2080503603231336,0.18746558763551666,
2025-12-16,rolling_hedge_traditional_60,60,60,0.23162022885419575,0.19921261998016726,0.20513605928242676,0.1992151858332788,0.20914120426813834,0.18729493063598887,
2025-12-17,rolling_hedge_traditional_60,60,60,0.23162022885419575,0.19949274769074493,0.20644579423642534,0.2003355027949088,0.20889096737359142,0.18483498790432953,
2025-12-18,rolling_hedge_traditional_60,60,60,0.23162022885419575,0.1987175522430878,0.2056402763321148,0.19987467497326047,0.20903512706185562,0.1867323693896813,
2025-12-19,rolling_hedge_traditional_60,60,60,0.23162022885419575,0.1987387626494823,0.2060812664679053,0.19821877506499688,0.2094674165979509,0.1874937792196646,
2025-12-22,rolling_hedge_traditional_60,60,60,0.23162022885419575,0.19912759207599573,0.204723104232911,0.1960426296490478,0.21067611752984056,0.18943055651220483,
2025-12-23,rolling_hedge_traditional_60,60,60,0.23162022885419575,0.19814805038461045,0.20375858042456135,0.19778811147874573,0.20976891014952742,0.19053634756255508,
2025-12-24,rolling_hedge_traditional_60,60,60,0.23162022885419575,0.1985651784714581,0.20418725594880585,0.1951028631946406,0.21041021752857478,0.19173448485652056,
2025-12-25,rolling_hedge_traditional_60,60,60,0.23162022885419575,0.19842406349760075,0.20258005120372818,0.19451899854875876,0.21127137815588906,0.1932055085940232,
2025-12-26,rolling_hedge_traditional_60,60,60,0.23162022885419575,0.19817366053585403,0.20309277164814724,0.1938858457888317,0.21320802656988833,0.1916396954572787,
2025-12-29,rolling_hedge_traditional_60,60,60,0.23162022885419575,0.19838159039481407,0.20113094243044413,0.1949516706484534,0.2128580468028333,0.19267774972345508,
2025-12-30,rolling_hedge_traditional_60,60,60,0.23162022885419575,0.1988194192456347,0.19957805348860458,0.1953206113748884,0.21207912396385847,0.1942027919270139,
2025-12-31,rolling_hedge_traditional_60,60,60,0.23162022885419575,0.19954341911382412,0.2001937625981518,0.19546833075020972,0.2138956379031711,0.19089884963464335,
2026-01-05,rolling_hedge_traditional_60,60,60,0.23162022885419575,0.19937891299604782,0.20153823723746755,0.19513051548813964,0.21387035428006423,0.19008197999828086,
2026-01-06,rolling_hedge_traditional_60,60,60,0.23162022885419575,0.19907027304392844,0.20174596627140848,0.19473068300408342,0.2119953442593674,0.19245773342121222,
2026-01-07,rolling_hedge_traditional_60,60,60,0.23162022885419575,0.19917967906483744,0.20290291842856836,0.1942143917922281,0.21073217037548966,0.19297084033887651,
2026-01-08,rolling_hedge_traditional_60,60,60,0.23162022885419575,0.19839764597478268,0.20196764025125866,0.194791916053166,0.21065192214388898,0.19419087557690368,
2026-01-09,rolling_hedge_traditional_60,60,60,0.23162022885419575,0.1981275253056721,0.20153549786643488,0.1964221380466552,0.21012706574284193,0.19378777303839598,
2026-01-12,rolling_hedge_traditional_60,60,60,0.23162022885419575,0.19850939536490148,0.20067032919201824,0.19624655734826774,0.21019922165203825,0.1943744964427743,
2026-01-13,rolling_hedge_traditional_60,60,60,0.23162022885419575,0.19891930019885812,0.19995357243877188,0.1952546268505196,0.20881473197098666,0.19705776854086374,
2026-01-14,rolling_hedge_traditional_60,60,60,0.23162022885419575,0.1989069626095246,0.1997488832956108,0.19560502537295651,0.20939262501350084,0.19634650370840723,
2026-01-15,rolling_hedge_traditional_60,60,60,0.23162022885419575,0.19941955425184762,0.19967449045800428,0.1976651822983733,0.20908126610989666,0.19415950688187808,
2026-01-16,rolling_hedge_traditional_60,60,60,0.23162022885419575,0.1999364725486988,0.1980728131847732,0.19893087247739485,0.21020181411381517,0.19285802767531796,
2026-01-19,rolling_hedge_traditional_60,60,60,0.23162022885419575,0.19872414415010367,0.19871752161385217,0.20012063493766588,0.20922332380132241,0.1932143754970559,
2026-01-20,rolling_hedge_traditional_60,60,60,0.23162022885419575,0.1986926821130817,0.1974698871141915,0.20006618762572081,0.2103405023999593,0.19343074074704675,
2026-01-21,rolling_hedge_traditional_60,60,60,0.23162022885419575,0.1994424172198773,0.19716348682180695,0.20100723346231533,0.2109647172105758,0.19142214528542467,
2026-01-22,rolling_hedge_traditional_60,60,60,0.23162022885419575,0.1995082023350534,0.19804991154944535,0.20038446089871942,0.21241044293940858,0.18964698227737314,
2026-01-23,rolling_hedge_traditional_60,60,60,0.23162022885419575,0.200202015311733,0.19906952026944888,0.1970032897394343,0.2127034060692459,0.19102176861013784,
2026-01-26,rolling_hedge_traditional_60,60,60,0.23162022885419575,0.20054566742827812,0.1990306578304128,0.19647160196343078,0.21298413229324414,0.19096794048463414,
2026-01-27,rolling_hedge_traditional_60,60,60,0.23162022885419575,0.19958890294875853,0.19880597473776004,0.19781851100611494,0.21113345242717202,0.19265315888019452,
2026-01-28,rolling_hedge_traditional_60,60,60,0.23162022885419575,0.19976812745084682,0.2011205359853307,0.19773985882682327,0.21070679845711404,0.19066467927988515,
2026-01-29,rolling_hedge_traditional_60,60,60,0.23162022885419575,0.19902096301335953,0.2009988620014852,0.19569321686216792,0.21117388527935602,0.1931130728436314,
2026-01-30,rolling_hedge_traditional_60,60,60,0.23162022885419575,0.19855263218211625,0.2029761219618759,0.19557149117606076,0.21052765495436895,0.19237209972557806,
2026-02-02,rolling_hedge_traditional_60,60,60,0.23162022885419575,0.19877336640070842,0.20238472026980872,0.1971097332826859,0.20904494766241796,0.1926872323843791,
2026-02-03,rolling_hedge_traditional_60,60,60,0.23162022885419575,0.19927821842859877,0.20040971936649393,0.1975465877482458,0.20847718225426226,0.1942882922023992,
2026-02-04,rolling_hedge_traditional_60,60,60,0.23162022885419575,0.19979205653385956,0.20216021551735935,0.1945245512386338,0.20740780012610746,0.1961153765840397,
2026-02-05,rolling_hedge_traditional_60,60,60,0.23162022885419575,0.19916072456318282,0.20339193193994257,0.19568888040963944,0.20749013584776954,0.19426832723946574,
2026-02-06,rolling_hedge_traditional_60,60,60,0.23162022885419575,0.20045559332726,0.20086504993770105,0.1988653358887969,0.20674495272392132,0.19306906812232075,
2026-02-09,rolling_hedge_traditional_60,60,60,0.23162022885419575,0.20120618807805082,0.19748171635546327,0.1994844523119414,0.20806836164287562,0.1937592816116688,
2026-02-10,rolling_hedge_traditional_60,60,60,0.23162022885419575,0.20051116038096645,0.19870691674491456,0.19795302698524384,0.20789102323159772,0.19493787265727747,
2026-02-11,rolling_hedge_traditional_60,60,60,0.23162022885419575,0.20039316767232135,0.19840518247587163,0.19807930467945203,0.20721758814478602,0.1959047570275689,
2026-02-12,rolling_hedge_traditional_60,60,60,0.23162022885419575,0.20091617775897402,0.19727104371318196,0.19687141500298824,0.20614037489032241,0.19880098863453344,
2026-02-13,rolling_hedge_traditional_60,60,60,0.23162022885419575,0.20024732788663116,0.19625001018072025,0.19708052116075878,0.20543022340832262,0.20099191736356725,
2026-02-24,rolling_hedge_traditional_60,60,60,0.23162022885419575,0.20171369189148064,0.19736343575416232,0.19456488031355929,0.2045784696887035,0.2017795223520943,
2026-02-25,rolling_hedge_traditional_60,60,60,0.23162022885419575,0.2015720222983764,0.1959401078673745,0.19538911970704204,0.2044438571494509,0.20265489297775613,
2026-02-26,rolling_hedge_traditional_60,60,60,0.23162022885419575,0.20092232695479445,0.19458390510000464,0.19708901123979597,0.20365729761391396,0.20374745909149103,
2026-02-27,rolling_hedge_traditional_60,60,60,0.23162022885419575,0.20095126448262696,0.19499511166947628,0.19640233920960828,0.20407471328986623,0.20357657134842233,
2026-03-02,rolling_hedge_traditional_60,60,60,0.23162022885419575,0.2009221675999019,0.19559586431332798,0.19754115126999486,0.2024685710005357,0.2034722458162396,
2026-03-03,rolling_hedge_traditional_60,60,60,0.23162022885419575,0.20074351738548382,0.19528859661253328,0.19851576972246052,0.2014177175194059,0.20403439876011645,
2026-03-04,rolling_hedge_traditional_60,60,60,0.23162022885419575,0.19979687558384931,0.19577419516938413,0.19939646767189573,0.2014472596038982,0.20358520197097274,
2026-03-05,rolling_hedge_traditional_60,60,60,0.23162022885419575,0.2007685614600219,0.195876580899751,0.19907040863440517,0.20040107767774099,0.20388337132808088,
2026-03-06,rolling_hedge_traditional_60,60,60,0.23162022885419575,0.2005890834507546,0.19795438898053624,0.1995037430576296,0.19992823698051734,0.20202454753056215,
2026-03-09,rolling_hedge_traditional_60,60,60,0.23162022885419575,0.2006848954291641,0.1973854223348452,0.20237058526622778,0.20052346146724329,0.19903563550251943,
2026-03-10,rolling_hedge_traditional_60,60,60,0.23162022885419575,0.20035175427630664,0.1961994279113466,0.20296395491831934,0.19985412654767942,0.20063073634634795,
2026-03-11,rolling_hedge_traditional_60,60,60,0.23162022885419575,0.20036633977472776,0.19535622717450044,0.20337641924609265,0.2004484456453013,0.2004525681593779,
2026-03-12,rolling_hedge_traditional_60,60,60,0.23162022885419575,0.2007753445649672,0.19455516386429839,0.20414421540845457,0.19884320799669333,0.20168206816558656,
2026-03-13,rolling_hedge_traditional_60,60,60,0.23162022885419575,0.19993124167085863,0.196952908213254,0.2023655012515138,0.19804985750614326,0.2027004913582303,
2026-03-16,rolling_hedge_traditional_60,60,60,0.23162022885419575,0.20000352553001582,0.19723788035882953,0.2014587396813068,0.19816229448403067,0.2031375599458171,
2026-03-17,rolling_hedge_traditional_60,60,60,0.23162022885419575,0.20204707951833428,0.19745207534829545,0.19974119613634309,0.19818576095507018,0.202573888041957,
2026-03-18,rolling_hedge_traditional_60,60,60,0.23162022885419575,0.20268150963656392,0.19480072524651623,0.20058176480787065,0.1986889104652877,0.20324708984376147,
2026-03-19,rolling_hedge_traditional_60,60,60,0.23162022885419575,0.20183197777167364,0.19701592685453587,0.19872759595984246,0.20002394215777214,0.20240055725617578,
2026-03-20,rolling_hedge_traditional_60,60,60,0.23162022885419575,0.20306446324161423,0.19505699407859195,0.2010640815049074,0.19716507039866293,0.20364939077622352,
2026-03-23,rolling_hedge_traditional_60,60,60,0.23162022885419575,0.2031524692275778,0.19285470050076525,0.2007457167776237,0.1976624500169386,0.20558466347709461,
2026-03-24,rolling_hedge_traditional_60,60,60,0.23162022885419575,0.20294074965686593,0.1932695683596221,0.20025689934696492,0.19784722448311323,0.20568555815343384,
2026-03-25,rolling_hedge_traditional_60,60,60,0.23162022885419575,0.20240318487604989,0.19401386670280085,0.20125299274515268,0.19778091301500722,0.2045490426609894,
2026-03-26,rolling_hedge_traditional_60,60,60,0.23162022885419575,0.2025075847375356,0.19440029696883357,0.2033104707146877,0.19604360600378853,0.20373804157515457,
2026-03-27,rolling_hedge_traditional_60,60,60,0.23162022885419575,0.20405589247890774,0.19550931656281142,0.20139359243621896,0.19576056843634643,0.20328063008571542,
2026-03-30,rolling_hedge_traditional_60,60,60,0.23162022885419575,0.2025068400356423,0.1944397966669202,0.20370106323155554,0.19596844069135444,0.20338385937452755,
2026-03-31,rolling_hedge_traditional_60,60,60,0.23162022885419575,0.20280148624813682,0.19628543365552142,0.20394166640105266,0.19545954780484776,0.20151186589044146,
2026-04-01,rolling_hedge_traditional_60,60,60,0.23162022885419575,0.2033966599376372,0.19688163142556434,0.2046090290906235,0.19385892654015477,0.20125375300602014,
2026-04-02,rolling_hedge_traditional_60,60,60,0.23162022885419575,0.20245617897370724,0.1991189979637607,0.20513280921949273,0.19350822224634973,0.19978379159668974,
2026-04-03,rolling_hedge_traditional_60,60,60,0.23162022885419575,0.20292682130902404,0.19872780939816823,0.20477198166736513,0.1929704326340634,0.2006029549913793,
2026-04-07,rolling_hedge_traditional_60,60,60,0.23162022885419575,0.2029823792600158,0.1975055526055643,0.20464245087130586,0.19196313829218806,0.202906478970926,
2026-04-08,rolling_hedge_traditional_60,60,60,0.23162022885419575,0.2030673518072099,0.19769715374996644,0.2047843997423654,0.19151257114273082,0.20293852355772748,
2026-04-09,rolling_hedge_traditional_60,60,60,0.23162022885419575,0.20284322434125776,0.19701526970697317,0.20512534641178753,0.19232224487852195,0.2026939146614595,
2026-04-10,rolling_hedge_traditional_60,60,60,0.23162022885419575,0.2020654661195117,0.19723077342642292,0.20552665607246087,0.19207244109080576,0.2031046632907987,
2026-04-13,rolling_hedge_traditional_60,60,60,0.23162022885419575,0.20288677482772713,0.19732970521916768,0.20742264841625904,0.19111128200066846,0.2012495895361778,
2026-04-14,rolling_hedge_traditional_60,60,60,0.23162022885419575,0.20300426581505904,0.19656050445142464,0.2079194709453296,0.19286833437411882,0.19964742441406788,
2026-04-15,rolling_hedge_traditional_60,60,60,0.23162022885419575,0.20159458169267924,0.19599863951160554,0.2076269408512613,0.1941268478987969,0.2006529900456571,
2026-04-16,rolling_hedge_traditional_60,60,60,0.23162022885419575,0.20137230832621536,0.1968601413163345,0.21037176471269559,0.1931545911197516,0.19824119452500302,
2026-04-17,rolling_hedge_traditional_60,60,60,0.23162022885419575,0.20169671369999917,0.19804786382317327,0.21047351805924927,0.1918272053418112,0.1979546990757671,
2026-04-20,rolling_hedge_traditional_60,60,60,0.23162022885419575,0.20248417525842483,0.1965407606202998,0.20790197549343054,0.19244111144408246,0.20063197718376227,
2026-04-21,rolling_hedge_traditional_60,60,60,0.23162022885419575,0.20190079243720166,0.19721587814227057,0.20783127433838694,0.19304851483919097,0.20000354024294983,
2026-04-22,rolling_hedge_traditional_60,60,60,0.23162022885419575,0.20268724202822921,0.19686145584550652,0.2091643568356051,0.1928360627720337,0.19845088251862542,
2026-04-23,rolling_hedge_traditional_60,60,60,0.23162022885419575,0.20400667481904003,0.19580958180698743,0.20894072499485528,0.19233436020321115,0.1989086581759062,
2026-04-24,rolling_hedge_traditional_60,60,60,0.23162022885419575,0.20363911402326404,0.19806703980171456,0.20618038607606573,0.19286464836953476,0.19924881172942094,
2026-04-27,rolling_hedge_traditional_60,60,60,0.23162022885419575,0.20354466589590553,0.20012651809257165,0.20562255691424056,0.19192838410919935,0.198777874988083,
2026-04-28,rolling_hedge_traditional_60,60,60,0.23162022885419575,0.20354815140679608,0.19837062242591108,0.20871170207187562,0.19254205755394263,0.19682746654147468,
2026-04-29,rolling_hedge_traditional_60,60,60,0.23162022885419575,0.20363334051165236,0.2001429469814529,0.20816216388177552,0.19222181119218096,0.19583973743293817,
2026-04-30,rolling_hedge_traditional_60,60,60,0.23162022885419575,0.20450525393311197,0.2000163575369418,0.20851786708992565,0.19272269348980398,0.19423782795021657,
2026-05-06,rolling_hedge_traditional_60,60,60,0.23162022885419575,0.20430584975605348,0.19901109956099156,0.21021299830268703,0.19209229377437126,0.19437775860589668,
2026-05-07,rolling_hedge_traditional_60,60,60,0.23162022885419575,0.20541540409151557,0.2009398842046194,0.2095289239027959,0.19009203666690433,0.1940237511341648,
2026-05-08,rolling_hedge_traditional_60,60,60,0.23162022885419575,0.20530965868701748,0.20225032038716562,0.2077333806865061,0.1906189560048907,0.19408768423442016,
2026-05-11,rolling_hedge_traditional_60,60,60,0.23162022885419575,0.20506018319223177,0.1997751640395229,0.20775485564007481,0.19083695680828494,0.19657284031988562,
2026-05-12,rolling_hedge_traditional_60,60,60,0.23162022885419575,0.20497745139430285,0.19958154804133446,0.20750890261596178,0.19099948977218095,0.19693260817622013,
2026-05-13,rolling_hedge_traditional_60,60,60,0.23162022885419575,0.20439314122399652,0.19848070045965796,0.21114285489906565,0.19149689507006906,0.19448640834721093,
2026-05-14,rolling_hedge_traditional_60,60,60,0.23162022885419575,0.2045316478377108,0.20022348551884608,0.20887001374042755,0.19268218581390495,0.19369266708911073,
2026-05-15,rolling_hedge_traditional_60,60,60,0.23162022885419575,0.2039141237143914,0.19989822419398556,0.20826045256979814,0.19232957619191762,0.19559762332990718,
2026-05-18,rolling_hedge_traditional_60,60,60,0.23162022885419575,0.20369883779852352,0.19836988655540505,0.20902678558729862,0.1933906376693555,0.19551385238941746,
2026-05-19,rolling_hedge_traditional_60,60,60,0.23162022885419575,0.20390599362884632,0.19550088805178992,0.2109457400614271,0.1927068917904122,0.1969404864675245,
2026-05-20,rolling_hedge_traditional_60,60,60,0.23162022885419575,0.20412507326078205,0.19750942986098918,0.2104189366969446,0.19294952527987563,0.19499703490140854,
2026-05-21,rolling_hedge_traditional_60,60,60,0.23162022885419575,0.20432989306585003,0.19555415803509693,0.21191193486024862,0.19230785667079553,0.19589615736800883,
2026-05-22,rolling_hedge_traditional_60,60,60,0.23162022885419575,0.205013047061462,0.19361945372003464,0.21248860950422568,0.19399915430258743,0.1948797354116902,
2026-05-25,rolling_hedge_traditional_60,60,60,0.23162022885419575,0.2038673333542658,0.19440352332593994,0.21237356333803453,0.19348717762210094,0.19586840235965866,
2026-05-26,rolling_hedge_traditional_60,60,60,0.23162022885419575,0.20374736452703668,0.1964329362326854,0.21052989228453908,0.1925743803017378,0.19671542665400113,
2026-05-27,rolling_hedge_traditional_60,60,60,0.23162022885419575,0.2028691895570528,0.1951767110442301,0.21215953163703657,0.19387213467329598,0.1959224330883846,
2026-05-28,rolling_hedge_traditional_60,60,60,0.23162022885419575,0.20300482824623522,0.19377957151993033,0.21416746836252432,0.19345681689970481,0.19559131497160526,
2026-05-29,rolling_hedge_traditional_60,60,60,0.23162022885419575,0.20339703966441142,0.1960460461509797,0.2127745985334315,0.19352588398606768,0.19425643166510972,
2026-06-01,rolling_hedge_traditional_60,60,60,0.23162022885419575,0.20387435263048231,0.1935784855557932,0.2134687996844153,0.19559386507799303,0.19348449705131626,
2026-06-02,rolling_hedge_traditional_60,60,60,0.23162022885419575,0.20395790873608113,0.1931922969902569,0.2147789976307122,0.19461254270197287,0.19345825394097693,
2026-06-03,rolling_hedge_traditional_60,60,60,0.23162022885419575,0.2025633774439506,0.19588122341665495,0.21347730221458378,0.19359792285162752,0.1944801740731831,
2026-06-04,rolling_hedge_traditional_60,60,60,0.23162022885419575,0.20287767806810733,0.1968902156181669,0.21123799066838284,0.19613390991638763,0.19286020572895532,
2026-06-05,rolling_hedge_traditional_60,60,60,0.23162022885419575,0.2031056017131127,0.19478549449802957,0.20973239630698592,0.19823771031878326,0.19413879716308857,
2026-06-08,rolling_hedge_traditional_60,60,60,0.23162022885419575,0.2030251701496754,0.19099364838141836,0.21155844600063228,0.20045932698309718,0.19396340848517674,
2026-06-09,rolling_hedge_traditional_60,60,60,0.23162022885419575,0.20304486152812423,0.1920584928697782,0.212299241591256,0.20032952290344042,0.1922678811074012,
2026-06-10,rolling_hedge_traditional_60,60,60,0.23162022885419575,0.20248426103605807,0.192476023473525,0.21336753212573115,0.19926348201174654,0.1924087013529392,
2026-06-11,rolling_hedge_traditional_60,60,60,0.23162022885419575,0.20315429427234935,0.19166144637927376,0.2139356780828006,0.20060529165787938,0.19064328960769694,
2026-06-12,rolling_hedge_traditional_60,60,60,0.23162022885419575,0.20249838674441345,0.19106151450631687,0.2143155064173056,0.20025255461933122,0.19187203771263286,
2026-06-15,rolling_hedge_traditional_60,60,60,0.23162022885419575,0.20153590960728265,0.189836854880272,0.21700400346068227,0.20107121804252098,0.19055201400924207,
2026-06-16,rolling_hedge_traditional_60,60,60,0.23162022885419575,0.20218196270782268,0.19123024063080488,0.21712765663781122,0.20093662203826143,0.1885235179852997,
2026-06-17,rolling_hedge_traditional_60,60,60,0.23162022885419575,0.20242899665228928,0.19026989486491305,0.21493123860212693,0.20061630946201447,0.19175356041865627,
2026-06-18,rolling_hedge_traditional_60,60,60,0.23162022885419575,0.2019525535603199,0.19073281872559575,0.2142334459706503,0.20242690090637983,0.1906542808370542,
2026-06-22,rolling_hedge_traditional_60,60,60,0.23162022885419575,0.20148601419849368,0.1898967613095443,0.2157784902789306,0.20324687711249387,0.1895918571005376,
2026-06-23,rolling_hedge_traditional_60,60,60,0.23162022885419575,0.201545837236125,0.1899510081753612,0.2171517101703135,0.2020040209360149,0.1893474234821854,
2026-06-24,rolling_hedge_traditional_60,60,60,0.23162022885419575,0.2016765873542824,0.18992874532711052,0.21582610270428823,0.2009774765635374,0.19159108805078148,
2026-06-25,rolling_hedge_traditional_60,60,60,0.23162022885419575,0.20191638741237009,0.18938295210893463,0.21572109645200024,0.20035377976962032,0.19262578425707477,
2026-06-26,rolling_hedge_traditional_60,60,60,0.23162022885419575,0.2011398711450243,0.18821689057509633,0.21762281911590972,0.20092123165337225,0.19209918751059726,
2026-06-29,rolling_hedge_traditional_60,60,60,0.23162022885419575,0.20174968168277185,0.189475587156776,0.21632645185364874,0.2006687879738648,0.19177949133293856,
2026-06-30,rolling_hedge_traditional_60,60,60,0.23162022885419575,0.20182954171494288,0.18821021728815326,0.21747258409376935,0.2002028343169336,0.19228482258620094,
2026-07-01,rolling_hedge_traditional_60,60,60,0.23162022885419575,0.20102724824082002,0.18694336261932595,0.21788313440160284,0.19902941428342202,0.1951168404548293,
2026-07-02,rolling_hedge_traditional_60,60,60,0.23162022885419575,0.2022382092913234,0.18464400840945325,0.21722584045718105,0.20032349672785751,0.19556844511418475,
2026-07-03,rolling_hedge_traditional_60,60,60,0.23162022885419575,0.20196096747825984,0.18602250754747518,0.216873190288855,0.20059745439008628,0.19454588029532371,
2026-07-06,rolling_hedge_traditional_60,60,60,0.23162022885419575,0.20132775989929813,0.18736868849637453,0.21816209554034885,0.19947873404624866,0.1936627220177298,
2026-07-07,rolling_hedge_traditional_60,60,60,0.23162022885419575,0.20183213664159258,0.18718167572693903,0.21665793814152431,0.19990890788763827,0.19441934160230587,
2026-07-08,rolling_hedge_traditional_60,60,60,0.23162022885419575,0.20240127684459916,0.18681719894401333,0.21534232732435277,0.2009875170064392,0.19445167988059564,
2026-07-09,rolling_hedge_traditional_60,60,60,0.23162022885419575,0.20249582951544062,0.18665138808576767,0.21549665084379738,0.20266471944898867,0.19269141210600566,
2026-07-10,rolling_hedge_traditional_60,60,60,0.23162022885419575,0.20224548551200525,0.18735657112903759,0.21423057989435287,0.20359576878929017,0.19257159467531415,
2026-07-13,rolling_hedge_traditional_60,60,60,0.23162022885419575,0.20308674892574682,0.18919485408199116,0.21148927925562702,0.20099388725240028,0.19523523048423466,
2026-07-14,rolling_hedge_traditional_60,60,60,0.23162022885419575,0.2042477677816472,0.19166382971846438,0.21074024613710965,0.19882752958273636,0.19452062678004234,
2026-07-15,rolling_hedge_traditional_60,60,60,0.23162022885419575,0.20396194675392335,0.19151262217633488,0.21025649563129045,0.20003613361030706,0.1942328018281442,
2026-07-16,rolling_hedge_traditional_60,60,60,0.23162022885419575,0.20349788406733169,0.19086528689374893,0.20863283340269567,0.20010240211859062,0.19690159351763317,
2026-07-17,rolling_hedge_traditional_60,60,60,0.23162022885419575,0.20295025111080967,0.1914139057298829,0.20946864368676,0.20040607739747815,0.19576112207506924,
2026-07-20,rolling_hedge_traditional_60,60,60,0.23162022885419575,0.20361396056328807,0.19067908308952583,0.2086198748360904,0.1999104725238978,0.197176608987198,
2026-07-21,rolling_hedge_traditional_60,60,60,0.23162022885419575,0.20272959860149142,0.19191688389162292,0.206248718866775,0.2001671685984484,0.19893763004166226,
2026-07-22,rolling_hedge_traditional_60,60,60,0.23162022885419575,0.20164930700467257,0.19390325830807498,0.20643059884813056,0.20128176964800565,0.1967350661911163,
2026-07-23,rolling_hedge_traditional_60,60,60,0.23162022885419575,0.20091227647216012,0.19234084450857789,0.2078181237241331,0.20073559340474184,0.19819316189038708,
2026-07-24,rolling_hedge_traditional_60,60,60,0.23162022885419575,0.2014941155980607,0.18968023639344944,0.21082882966720443,0.19868647082764948,0.19931034751363594,
2026-07-27,rolling_hedge_traditional_60,60,60,0.23162022885419575,0.20152511935793435,0.1914025781159592,0.20945175551088535,0.19758017197335428,0.20004037504186678,
2026-07-28,rolling_hedge_traditional_60,60,60,0.23162022885419575,0.20126335944283621,0.18890848280543102,0.21048107665121335,0.19849225250847025,0.2008548285920492,
2026-07-29,rolling_hedge_traditional_60,60,60,0.23162022885419575,0.20119428356316046,0.18955848801213462,0.20948489459985198,0.20115923707171618,0.19860309675313675,
2026-07-30,rolling_hedge_traditional_60,60,60,0.23162022885419575,0.20152107321138066,0.18930627281364878,0.2089541221922183,0.2026526703289869,0.19756586145376537,
2026-07-31,rolling_hedge_traditional_60,60,60,0.23162022885419575,0.2009878111611833,0.1890543202316932,0.20971181304459502,0.20461964131510504,0.1956264142474235,
2026-08-03,rolling_hedge_traditional_60,60,60,0.23162022885419575,0.20164848657353454,0.18673875330110393,0.21183388385157212,0.20356069700468526,0.19621817926910404,
2026-08-04,rolling_hedge_traditional_60,60,60,0.23162022885419575,0.20190844317440187,0.1894138279272306,0.21041727049493725,0.20458566868401398,0.19367478971941623,
2026-08-05,rolling_hedge_traditional_60,60,60,0.23162022885419575,0.20137067532050706,0.18994127317952697,0.2114072263653796,0.20417593127508113,0.19310489385950524,
2026-08-06,rolling_hedge_traditional_60,60,60,0.23162022885419575,0.20132301208424383,0.1911981251243306,0.20869622828644743,0.203441371364368,0.19534126314061015,
2026-08-07,rolling_hedge_traditional_60,60,60,0.23162022885419575,0.20160178388937425,0.19061068915949456,0.20995000047378487,0.20241423214025264,0.19542329433709368,
2026-08-10,rolling_hedge_traditional_60,60,60,0.23162022885419575,0.202096047319671,0.19256855005215787,0.21083484850077483,0.20156692304530838,0.1929336310820878,
2026-08-11,rolling_hedge_traditional_60,60,60,0.23162022885419575,0.20220767198139983,0.19485772407883967,0.21092090668226507,0.19987357457677152,0.19214012268072386,
2026-08-12,rolling_hedge_traditional_60,60,60,0.23162022885419575,0.2025428591467595,0.19806510517413814,0.20889057563500216,0.20045768312454726,0.19004377691955282,
2026-08-13,rolling_hedge_traditional_60,60,60,0.23162022885419575,0.2020698715773199,0.19475141562591933,0.20924693073606232,0.2015993302674937,0.1923324517932047,
2026-08-14,rolling_hedge_traditional_60,60,60,0.23162022885419575,0.20127935350563117,0.19675668239317431,0.20734565139712685,0.20327442006791172,0.19134389263615603,
2026-08-17,rolling_hedge_traditional_60,60,60,0.23162022885419575,0.20124313555409626,0.1985352048689944,0.20625530927781693,0.20192884122382052,0.19203750907527184,
2025-01-02,rolling_hedge_traditional_120,120,0,,0.2,0.2,0.2,0.2,0.2,
2025-01-03,rolling_hedge_traditional_120,120,1,1.7941225779941015,0.20566226631172613,0.18552349253719033,0.21154792464821365,0.202113079282178,0.19515323722069186,
2025-01-06,rolling_hedge_traditional_120,120,2,1.2686362411795196,0.20721409381937939,0.18246961587598104,0.2093586570453591,0.19633889456393233,0.20461873869534813,
2025-01-07,rolling_hedge_traditional_120,120,3,1.0358371533640798,0.20612904877557328,0.19131592388448942,0.20063506871338826,0.1977121075843779,0.20420785104217118,
2025-01-08,rolling_hedge_traditional_120,120,4,0.8970612889970507,0.2071810937488267,0.1857457150555587,0.2020227838979997,0.19677995504930218,0.2082704522483128,
2025-01-09,rolling_hedge_traditional_120,120,5,0.8023560088723958,0.207543267379362,0.1855140924897585,0.20648067999761455,0.19937001557686945,0.20109194455639556,
2025-01-10,rolling_hedge_traditional_120,120,6,0.7324474753487107,0.2060210915806418,0.1909369644661462,0.2053540348702375,0.19640345020211694,0.20128445888085753,
2025-01-13,rolling_hedge_traditional_120,120,7,0.6781145947054967,0.20618226230228437,0.19557658789330762,0.2072228617699655,0.1973834759054539,0.19363481212898856,
2025-01-14,rolling_hedge_traditional_120,120,8,0.6343181205897598,0.20451961639198676,0.19935264476248432,0.2046538430509128,0.195574521214441,0.1958993745801751,
2025-01-15,rolling_hedge_traditional_120,120,9,0.5980408593313672,0.20717556448468621,0.19735214972738774,0.2050521122559749,0.19611151472998517,0.19430865880196602,
2025-01-16,rolling_hedge_traditional_120,120,10,0.5673513747994448,0.2050452148636597,0.20022102370860276,0.20436445315547572,0.19877063543960496,0.1915986728326569,
2025-01-17,rolling_hedge_traditional_120,120,11,0.5409483108283251,0.20471568012932323,0.19364157895075293,0.2052807397507727,0.2022289587915401,0.19413304237761106,
2025-01-20,rolling_hedge_traditional_120,120,12,0.5179185766820399,0.2053706498535842,0.19335997734800178,0.20571149172766667,0.20102632986693533,0.19453155120381205,
2025-01-21,rolling_hedge_traditional_120,120,13,0.49760007303272097,0.20630112699260267,0.19410548245719256,0.2044509752694447,0.2026955789566179,0.19244683632414203,
2025-01-22,rolling_hedge_traditional_120,120,14,0.479499428337824,0.20505204201148608,0.19463837789820965,0.20306682579797644,0.20250216040831892,0.19474059388400888,
2025-01-23,rolling_hedge_traditional_120,120,15,0.4632404577083915,0.2047794434270767,0.19603261136715236,0.20093937640565845,0.20407045444159483,0.19417811435851765,
2025-01-24,rolling_hedge_traditional_120,120,16,0.44853064449852537,0.2041508898871287,0.19445391872201215,0.20120703575443613,0.20476983895873405,0.19541831667768908,
2025-01-27,rolling_hedge_traditional_120,120,17,0.43513864084559645,0.20510557316879463,0.19224434054912834,0.2009333574297834,0.20344682191124577,0.1982699069410478,
2025-02-05,rolling_hedge_traditional_120,120,18,0.42287874705983985,0.20381918135617708,0.1940853735857295,0.1999910668141632,0.20337726364310682,0.19872711460082346,
2025-02-06,rolling_hedge_traditional_120,120,19,0.41159994788426096,0.20275645026634145,0.19381174978247734,0.19798878259843045,0.20487389975164857,0.2005691176011023,
2025-02-07,rolling_hedge_traditional_120,120,20,0.4011780044361979,0.2027729089104624,0.19320818553738178,0.19683067777026797,0.20593434900869795,0.2012538787731899,
2025-02-10,rolling_hedge_traditional_120,120,21,0.39150964379463254,0.20166681402933836,0.1930202983978094,0.19847613521624233,0.20545866328466894,0.2013780890719409,
2025-02-11,rolling_hedge_traditional_120,120,22,0.382508218858117,0.20061691780998248,0.1922632907138604,0.19832390518841359,0.20666312880080345,0.20213275748694,
2025-02-12,rolling_hedge_traditional_120,120,23,0.37410041809700845,0.20078428781457475,0.1921804707685764,0.19716826988951283,0.20619312035859091,0.20367385116874512,
2025-02-13,rolling_hedge_traditional_120,120,24,0.36622373767435534,0.20028468788267478,0.1930155582016055,0.19701881621681278,0.2047141494293661,0.2049667882695407,
2025-02-14,rolling_hedge_traditional_120,120,25,0.3588245155988203,0.20080645889342005,0.1933094649150571,0.19717062260167373,0.20249653895034037,0.20621691463950884,
2025-02-17,rolling_hedge_traditional_120,120,26,0.3518563859603583,0.20108403001533348,0.1933291211636934,0.1956499571011626,0.20349598244826508,0.20644090927154557,
2025-02-18,rolling_hedge_traditional_120,120,27,0.3452790511213599,0.2008272628126484,0.19432817379163828,0.1959449724728279,0.20330866382129675,0.2055909271015886,
2025-02-19,rolling_hedge_traditional_120,120,28,0.33905729735274837,0.20247935088924057,0.19505240865689452,0.19733268461769507,0.20251236146274057,0.20262319437342924,
2025-02-20,rolling_hedge_traditional_120,120,29,0.3331601988516988,0.2031386206179575,0.19585657165479364,0.1976504530679563,0.20159987029880116,0.20175448436049137,
2025-02-21,rolling_hedge_traditional_120,120,30,0.3275604689655637,0.2035587545193929,0.1965260120159283,0.1972594273790875,0.20166478205063776,0.2009910240349535,
2025-02-24,rolling_hedge_traditional_120,120,31,0.3222339274936866,0.2034381809726331,0.19697820598760488,0.19834411921224276,0.20160182338489338,0.19963767044262581,
2025-02-25,rolling_hedge_traditional_120,120,32,0.3171590602948799,0.20419353691661682,0.1988634704768014,0.19845167622472001,0.19956753450319842,0.19892378187866347,
2025-02-26,rolling_hedge_traditional_120,120,33,0.31231665287440685,0.20420796841110775,0.2001472300401881,0.1977701604272916,0.19840771219578227,0.19946692892563025,
2025-02-27,rolling_hedge_traditional_120,120,34,0.30768948369821886,0.20445422985194306,0.19927047350068722,0.19721051782360619,0.1981530967749754,0.2009116820487883,
2025-02-28,rolling_hedge_traditional_120,120,35,0.30326206605924194,0.20449595244673427,0.1977957245864618,0.1985296675527719,0.20001480469512595,0.19916385071890608,
2025-03-03,rolling_hedge_traditional_120,120,36,0.2990204296656836,0.20467999939667234,0.19898278814261366,0.19848801814776076,0.19936831110923717,0.1984808832037161,
2025-03-04,rolling_hedge_traditional_120,120,37,0.2949519349239072,0.2052428651600854,0.19788082061317658,0.1980099211421004,0.20126780946625278,0.1975985836183848,
2025-03-05,rolling_hedge_traditional_120,120,38,0.29104511428499047,0.20518215202109938,0.19839275548920643,0.19876069763411788,0.20170326373557615,0.19596113112000016,
2025-03-06,rolling_hedge_traditional_120,120,39,0.2872895361142189,0.20522875737589924,0.20133411949620855,0.1986911464930822,0.2006218767847016,0.19412409985010842,
2025-03-07,rolling_hedge_traditional_120,120,40,0.2836756873997224,0.20554616083705218,0.2021501885084623,0.1971480353623044,0.2026047608272545,0.19255085446492665,
2025-03-10,rolling_hedge_traditional_120,120,41,0.28019487229462287,0.20517360346792007,0.20215639292285728,0.19691119380075633,0.20389453958498646,0.19186427022347985,
2025-03-11,rolling_hedge_traditional_120,120,42,0.27683912402711436,0.2051078993945098,0.20311191873445855,0.1988631655538902,0.20273431830945635,0.19018269800768509,
2025-03-12,rolling_hedge_traditional_120,120,43,0.2736011281455475,0.20529306397176397,0.20341469565029446,0.19779071876944396,0.2015362655356139,0.1919652560728837,
2025-03-13,rolling_hedge_traditional_120,120,44,0.27047415541416253,0.20452669409117186,0.20387025133467157,0.19813133723915977,0.20121754205189815,0.19225417528309868,
2025-03-14,rolling_hedge_traditional_120,120,45,0.2674520029574653,0.20455078977674893,0.20411318187940203,0.1984922267847186,0.20190013635449588,0.1909436652046345,
2025-03-17,rolling_hedge_traditional_120,120,46,0.2645289424811173,0.20471543919383053,0.2036022999428244,0.19774523062930538,0.20316206256835387,0.1907749676656858,
2025-03-18,rolling_hedge_traditional_120,120,47,0.26169967458529025,0.20503735844886942,0.2033909984649101,0.19811356180839862,0.20414544841240082,0.18931263286542113,
2025-03-19,rolling_hedge_traditional_120,120,48,0.25895928834101994,0.20556695278167883,0.20451943278854173,0.19552961303778882,0.2047571033381243,0.18962689805386637,
2025-03-20,rolling_hedge_traditional_120,120,49,0.25630322542772876,0.20677599297915852,0.20325935111091778,0.19637680332361493,0.20556598730814615,0.1880218652781627,
2025-03-21,rolling_hedge_traditional_120,120,50,0.2537272482359039,0.20620055471086554,0.2022937220109791,0.19742540655480467,0.2053422564316721,0.18873806029167875,
2025-03-24,rolling_hedge_traditional_120,120,51,0.251227411427013,0.20652604510242312,0.2008160501056057,0.19883028429322797,0.20552091630222774,0.1883067041965155,
2025-03-25,rolling_hedge_traditional_120,120,52,0.24880003651636048,0.2062226686888773,0.20173524132522036,0.19759596997106246,0.20568546587921108,0.18876065413562873,
2025-03-26,rolling_hedge_traditional_120,120,53,0.24644168910634556,0.20596023036103134,0.20145212763707698,0.19812232456184972,0.20687129968222984,0.18759401775781206,
2025-03-27,rolling_hedge_traditional_120,120,54,0.24414915844957022,0.20533418227520264,0.2007110998902361,0.19901141297308256,0.2074904418686199,0.1874528629928588,
2025-03-28,rolling_hedge_traditional_120,120,55,0.2419194390651641,0.2053676391518698,0.20121767577965965,0.19679288130638617,0.20785227608819662,0.18876952767388774,
2025-03-31,rolling_hedge_traditional_120,120,56,0.239749714168912,0.20453239059674413,0.19939931722439172,0.19878136912907077,0.20780144470853226,0.18948547834126114,
2025-04-01,rolling_hedge_traditional_120,120,57,0.237637340709414,0.2051770941872304,0.19921875703054542,0.20046725557545364,0.20602370066535983,0.18911319254141065,
2025-04-02,rolling_hedge_traditional_120,120,58,0.23557983582949482,0.20486188574527067,0.20110211611649784,0.1994377217708767,0.20692859493560503,0.18766968143174972,
2025-04-03,rolling_hedge_traditional_120,120,59,0.2335748645951603,0.20457596741375886,0.20370766599061188,0.19907255849971156,0.20662046340875395,0.18602334468716378,
2025-04-07,rolling_hedge_traditional_120,120,60,0.23162022885419575,0.20517025789298599,0.2010544842446268,0.20054710557886238,0.20523723991901469,0.18799091236451013,
2025-04-08,rolling_hedge_traditional_120,120,61,0.22971385710352857,0.20499740562960664,0.20196164639620715,0.20246644807785752,0.20398000183013296,0.1865944980661957,
2025-04-09,rolling_hedge_traditional_120,120,62,0.22785379525916008,0.20464332762560447,0.2017186788328278,0.2028254089722149,0.20373146396042233,0.1870811206089305,
2025-04-10,rolling_hedge_traditional_120,120,63,0.22603819823516558,0.205467957444463,0.2011411156786016,0.20208276445506407,0.20408477602332215,0.18722338639854916,
2025-04-11,rolling_hedge_traditional_120,120,64,0.22426532224926268,0.2051310443741049,0.19920026737453342,0.20206581589984776,0.2051374144254084,0.1884654579261055,
2025-04-14,rolling_hedge_traditional_120,120,65,0.2225335177820048,0.20539929730054818,0.19918459683801146,0.2026954892516789,0.20431059893227535,0.18841001767748614,
2025-04-15,rolling_hedge_traditional_120,120,66,0.22084122312497814,0.20549713563013833,0.19914581785646157,0.20325030787273335,0.20525691537073276,0.18684982326993396,
2025-04-16,rolling_hedge_traditional_120,120,67,0.21918695846064123,0.20598258974251688,0.19886770510125046,0.20388657196651477,0.20415790371243187,0.18710522947728608,
2025-04-17,rolling_hedge_traditional_120,120,68,0.21756932042279822,0.20545088070344206,0.1991686761451054,0.20254016679131884,0.20376870038495914,0.18907157597517452,
2025-04-18,rolling_hedge_traditional_120,120,69,0.2159869770922594,0.20620361558449682,0.19974853112663235,0.2009567454052202,0.20436313857778904,0.18872796930586153,
2025-04-21,rolling_hedge_traditional_120,120,70,0.21443866338713272,0.20677289512171346,0.1999117345390981,0.20114248727986292,0.20352536264591717,0.18864752041340827,
2025-04-22,rolling_hedge_traditional_120,120,71,0.21292317681148706,0.2065449243002092,0.19847059809027592,0.2012460769173628,0.2046610082107023,0.18907739248144986,
2025-04-23,rolling_hedge_traditional_120,120,72,0.21143937352991993,0.2063123662879656,0.1974935969284539,0.2024581919406346,0.2039081429948902,0.18982770184805572,
2025-04-24,rolling_hedge_traditional_120,120,73,0.20998616473890888,0.20613185547760052,0.19837709016594252,0.20090902772556019,0.20456327483888892,0.19001875179200797,
2025-04-25,rolling_hedge_traditional_120,120,74,0.20856251330878803,0.2057328328012504,0.1962326601640684,0.20189315616713002,0.20537777484710884,0.19076357602044214,
2025-04-28,rolling_hedge_traditional_120,120,75,0.20716743067281596,0.20490483283145927,0.19707961921988362,0.20135465033470673,0.20543796194922684,0.19122293566472365,
2025-04-29,rolling_hedge_traditional_120,120,76,0.20579997394213048,0.20437233043642547,0.19863079921364812,0.20059349204242494,0.2053348693037083,0.19106850900379305,
2025-04-30,rolling_hedge_traditional_120,120,77,0.20445924322745954,0.2039860669606986,0.19989326000688615,0.20167689166523445,0.2045627675511275,0.18988101381605338,
2025-05-06,rolling_hedge_traditional_120,120,78,0.20314437915030173,0.2033143765360763,0.20125191811620452,0.20082041021689198,0.2041802791923323,0.19043301593849488,
2025-05-07,rolling_hedge_traditional_120,120,79,0.20185456052793702,0.20294426673311788,0.20081024491999316,0.20058606226167994,0.20439587190186656,0.19126355418334248,
2025-05-08,rolling_hedge_traditional_120,120,80,0.20058900221809894,0.20307831247853717,0.20004331465051606,0.19958431927915435,0.2047366130980619,0.19255744049373055,
2025-05-09,rolling_hedge_traditional_120,120,81,0.19934695311045572,0.20329524615738837,0.20067875599958548,0.19864528275539742,0.20525083257045085,0.1921298825171779,
2025-05-12,rolling_hedge_traditional_120,120,82,0.19812769425322652,0.20334377097325237,0.20063634727985885,0.19944402861366692,0.2056062377525277,0.1909696153806941,
2025-05-13,rolling_hedge_traditional_120,120,83,0.19693053710431804,0.2030707915554655,0.19994388964212625,0.19968400173293135,0.20604173804656475,0.19125957902291224,
2025-05-14,rolling_hedge_traditional_120,120,84,0.19575482189731627,0.20316258600544224,0.19971578879712182,0.20079469736768418,0.20634098746689028,0.18998594036286143,
2025-05-15,rolling_hedge_traditional_120,120,85,0.19459991611352404,0.20290836842366575,0.1990124166047524,0.20202184276600305,0.2065171804620981,0.18954019174348083,
2025-05-16,rolling_hedge_traditional_120,120,86,0.19346521305200617,0.2032308523024202,0.19977880119051403,0.2018681443159632,0.20745463115445656,0.187667571036646,
2025-05-19,rolling_hedge_traditional_120,120,87,0.19235013049029753,0.2027735692708636,0.20044867836349087,0.20129175130271773,0.20716303886395526,0.1883229621989725,
2025-05-20,rolling_hedge_traditional_120,120,88,0.1912541094290585,0.2028185073235632,0.20093563798308584,0.20078546820955054,0.20832195575132084,0.18713843073247968,
2025-05-21,rolling_hedge_traditional_120,120,89,0.19017661291452928,0.20246514531965204,0.20179810087520658,0.20122170879601495,0.20718098191128898,0.18733406309783737,
2025-05-22,rolling_hedge_traditional_120,120,90,0.18911712493314825,0.20188215158215184,0.2015723260472796,0.20064012127469286,0.20832296529869454,0.18758243579718104,
2025-05-23,rolling_hedge_traditional_120,120,91,0.18807514937316538,0.20199001378260714,0.20134258807617564,0.20023775617700088,0.2084455234624307,0.18798411850178567,
2025-05-26,rolling_hedge_traditional_120,120,92,0.18705020904850422,0.20233378796148752,0.2012522135236568,0.19933947492305557,0.20957024174976485,0.18750428184203521,
2025-05-27,rolling_hedge_traditional_120,120,93,0.1860418447805103,0.20188937508387553,0.2010755061684749,0.19838353828371827,0.21020702371536584,0.18844455674856542,
2025-05-28,rolling_hedge_traditional_120,120,94,0.18504961453357152,0.20162163758638177,0.20097744339450807,0.1991490163261215,0.21080604359285418,0.18744585910013442,
2025-05-29,rolling_hedge_traditional_120,120,95,0.18407309260091564,0.20104494113789528,0.20059557346920878,0.19950659620478978,0.210830734702807,0.18802215448529924,
2025-05-30,rolling_hedge_traditional_120,120,96,0.18311186883717767,0.20148864382395448,0.20066485904904374,0.19933554757560315,0.2112865424782663,0.18722440707313226,
2025-06-03,rolling_hedge_traditional_120,120,97,0.18216554793459533,0.2012927589814257,0.20047174771850781,0.19862343848530828,0.2112992452434859,0.18831280957127242,
2025-06-04,rolling_hedge_traditional_120,120,98,0.18123374873993137,0.20091593985949627,0.2009717961110297,0.1995587817051026,0.20960775321963607,0.18894572910473537,
2025-06-05,rolling_hedge_traditional_120,120,99,0.1803161036094417,0.20063934011009205,0.20097455957602484,0.1997309185560002,0.20895703160831608,0.1896981501495669,
2025-06-06,rolling_hedge_traditional_120,120,100,0.17941225779941014,0.20044578420802905,0.20090196855950906,0.19966569011411325,0.21000633263259302,0.18898022448575558,
2025-06-09,rolling_hedge_traditional_120,120,101,0.17852186888995528,0.20073255165851348,0.20058255685820203,0.19857596924586016,0.20987734586473816,0.19023157637268617,
2025-06-10,rolling_hedge_traditional_120,120,102,0.17764460623998363,0.20038367012504968,0.1998907846576301,0.19896633230279828,0.21033611192308882,0.1904231009914332,
2025-06-11,rolling_hedge_traditional_120,120,103,0.17678015047131887,0.19990247488047452,0.1994973435894271,0.1996771162430581,0.20950988702197992,0.1914131782650604,
2025-06-12,rolling_hedge_traditional_120,120,104,0.17592819298017914,0.19985378233798748,0.19908997308979068,0.20036549827269207,0.20951285279758936,0.19117789350194045,
2025-06-13,rolling_hedge_traditional_120,120,105,0.1750884354743054,0.19908510440637997,0.1984271103585526,0.20069273796539336,0.20944124214766846,0.19235380512200556,
2025-06-16,rolling_hedge_traditional_120,120,106,0.17426058953416387,0.19875755960698543,0.19847219334206004,0.20024610797552675,0.20961580652962933,0.19290833254579856,
2025-06-17,rolling_hedge_traditional_120,120,107,0.17344437619675723,0.19938919027011492,0.19849221050305169,0.19970879017024354,0.21001351630384738,0.19239629275274256,
2025-06-18,rolling_hedge_traditional_120,120,108,0.17263952556067996,0.19971206063556135,0.1989435420847257,0.19862801626445772,0.21047000941730584,0.1922463715979495,
2025-06-19,rolling_hedge_traditional_120,120,109,0.17184577641114857,0.200127917837541,0.19970872555327132,0.19653910634590757,0.21024006935090178,0.19338418091237825,
2025-06-20,rolling_hedge_traditional_120,120,110,0.17106287586382332,0.20032368216644292,0.19913432622757857,0.19739689371159877,0.2093544225346252,0.19379067535975453,
2025-06-23,rolling_hedge_traditional_120,120,111,0.17029057902631878,0.200509049741192,0.19857687177722882,0.198590466606889,0.2091599820755252,0.19316362979916496,
2025-06-24,rolling_hedge_traditional_120,120,112,0.16952864867637418,0.20081007094143458,0.19902028671981564,0.19890706388823426,0.20888436133228763,0.19237821711822797,
2025-06-25,rolling_hedge_traditional_120,120,113,0.16877685495572292,0.20070218984465937,0.1989468495897441,0.1994278184616651,0.2083734386518265,0.19254970345210495,
2025-06-26,rolling_hedge_traditional_120,120,114,0.16803497507876464,0.20093944479588705,0.198535359074639,0.2001088387819095,0.20856520388064204,0.19185115346692244,
2025-06-27,rolling_hedge_traditional_120,120,115,0.16730279305520068,0.2001729499591192,0.19905187945038955,0.20057003761265135,0.20800553338901562,0.19219959958882424,
2025-06-30,rolling_hedge_traditional_120,120,116,0.1665800994258494,0.1998464921237829,0.2002279897722451,0.19885213681331512,0.20804903277877557,0.19302434851188124,
2025-07-01,rolling_hedge_traditional_120,120,117,0.165866691010907,0.2000791696838612,0.20000525577009862,0.19813210865927297,0.20793109369885002,0.19385237218791726,
2025-07-02,rolling_hedge_traditional_120,120,118,0.16516237066996747,0.19987049041136648,0.19952019477110908,0.19858429951027348,0.20749155210153394,0.19453346320571707,
2025-07-03,rolling_hedge_traditional_120,120,119,0.16446694707315726,0.20025488356231716,0.2007979077802863,0.19763655335029176,0.20736139531367415,0.1939492599934306,
2025-07-04,rolling_hedge_traditional_120,120,120,0.16378023448278184,0.2003102434084503,0.20192398279367296,0.19779435539676887,0.20648757273250773,0.19348384566860014,
2025-07-07,rolling_hedge_traditional_120,120,120,0.16378023448278184,0.1994943832437144,0.203350844879199,0.1971816614848092,0.2055104877723169,0.19446262261996047,
2025-07-08,rolling_hedge_traditional_120,120,120,0.16378023448278184,0.1983385663034514,0.2051506935417826,0.19773649348918299,0.2056191171250448,0.19315512954053826,
2025-07-09,rolling_hedge_traditional_120,120,120,0.16378023448278184,0.19830541852538258,0.2055576261656269,0.19768197427031267,0.20661443603024213,0.19184054500843578,
2025-07-10,rolling_hedge_traditional_120,120,120,0.16378023448278184,0.19814251248413361,0.20477201194824812,0.1976405712514451,0.20795241538702655,0.1914924889291466,
2025-07-11,rolling_hedge_traditional_120,120,120,0.16378023448278184,0.1974625697446368,0.20595227092441903,0.19555953150829125,0.20704797090522592,0.19397765691742705,
2025-07-14,rolling_hedge_traditional_120,120,120,0.16378023448278184,0.1975041235967674,0.20561477270890663,0.19557599257019995,0.20824597070562426,0.19305914041850175,
2025-07-15,rolling_hedge_traditional_120,120,120,0.16378023448278184,0.19753197057882277,0.20539848382012837,0.19514580570655052,0.20799431311140765,0.19392942678309055,
2025-07-16,rolling_hedge_traditional_120,120,120,0.16378023448278184,0.19848924062839587,0.20450971737560136,0.19575392168237457,0.2076488936691138,0.19359822664451448,
2025-07-17,rolling_hedge_traditional_120,120,120,0.16378023448278184,0.1980349851128834,0.2039979236882063,0.19703676341362936,0.20725370654616238,0.19367662123911847,
2025-07-18,rolling_hedge_traditional_120,120,120,0.16378023448278184,0.19777045121983264,0.2047348533798625,0.1980542564686641,0.20583775378028027,0.19360268515136042,
2025-07-21,rolling_hedge_traditional_120,120,120,0.16378023448278184,0.19748933723549744,0.2075424785579797,0.19632029522535052,0.20534961360322745,0.193298275377945,
2025-07-22,rolling_hedge_traditional_120,120,120,0.16378023448278184,0.19714335695380505,0.20960573955882256,0.196003633685392,0.20509841881846358,0.19214885098351686,
2025-07-23,rolling_hedge_traditional_120,120,120,0.16378023448278184,0.19629608683107164,0.2107749398213274,0.19633152139906546,0.20395453409118772,0.19264291785734783,
2025-07-24,rolling_hedge_traditional_120,120,120,0.16378023448278184,0.19626919375292745,0.2112159254886734,0.19720195254974096,0.20321082323011527,0.19210210497854294,
2025-07-25,rolling_hedge_traditional_120,120,120,0.16378023448278184,0.19606057648887534,0.21161853301068437,0.1974460634567097,0.20210540352420608,0.19276942351952456,
2025-07-28,rolling_hedge_traditional_120,120,120,0.16378023448278184,0.19633860726149482,0.2109178719410434,0.19723447917699216,0.20198590389212023,0.1935231377283492,
2025-07-29,rolling_hedge_traditional_120,120,120,0.16378023448278184,0.19640484217515178,0.21264658877675235,0.19665237407418534,0.2011057119184884,0.19319048305542216,
2025-07-30,rolling_hedge_traditional_120,120,120,0.16378023448278184,0.1965007798840243,0.21224096729275735,0.19661234209658746,0.2014435275771591,0.19320238314947177,
2025-07-31,rolling_hedge_traditional_120,120,120,0.16378023448278184,0.19672167867750545,0.2128024517529649,0.19669806710499357,0.20083594951012315,0.19294185295441282,
2025-08-01,rolling_hedge_traditional_120,120,120,0.16378023448278184,0.1971299152077346,0.21219121582922462,0.19729304983081258,0.2012722933557291,0.19211352577649907,
2025-08-04,rolling_hedge_traditional_120,120,120,0.16378023448278184,0.19847924316380205,0.21152826367230693,0.19679321194886096,0.20133628110987717,0.19186300010515286,
2025-08-05,rolling_hedge_traditional_120,120,120,0.16378023448278184,0.1987802489520673,0.21298835400898158,0.19721605495672084,0.19989066104186587,0.1911246810403645,
2025-08-06,rolling_hedge_traditional_120,120,120,0.16378023448278184,0.1988117685187923,0.2142724638395654,0.19674654116604362,0.19958544174327317,0.19058378473232548,
2025-08-07,rolling_hedge_traditional_120,120,120,0.16378023448278184,0.1982759150873496,0.21490051477313418,0.19773984477307657,0.1993412463343494,0.18974247903209013,
2025-08-08,rolling_hedge_traditional_120,120,120,0.16378023448278184,0.19828070732302266,0.21655390784330283,0.19671058836987373,0.20036959794300607,0.18808519852079472,
2025-08-11,rolling_hedge_traditional_120,120,120,0.16378023448278184,0.19787819951516702,0.21692193023782952,0.1969540358401282,0.2003316978275146,0.18791413657936057,
2025-08-12,rolling_hedge_traditional_120,120,120,0.16378023448278184,0.19765477311385005,0.2165545095962526,0.19774592966342083,0.19963972683614545,0.18840506079033112,
2025-08-13,rolling_hedge_traditional_120,120,120,0.16378023448278184,0.19687259107436483,0.21572636938040682,0.19783503430579769,0.2005086562910157,0.18905734894841494,
2025-08-14,rolling_hedge_traditional_120,120,120,0.16378023448278184,0.19688659665451969,0.2147592963565879,0.19833038614455797,0.20139010521540007,0.18863361562893438,
2025-08-15,rolling_hedge_traditional_120,120,120,0.16378023448278184,0.19657773521875774,0.21485434296655218,0.19829943655821317,0.20181605410104309,0.18845243115543384,
2025-08-18,rolling_hedge_traditional_120,120,120,0.16378023448278184,0.19677948622422062,0.214060431718706,0.19779864266710587,0.20149800885789163,0.18986343053207583,
2025-08-19,rolling_hedge_traditional_120,120,120,0.16378023448278184,0.19664547339522806,0.213187176750996,0.19846684881628604,0.2020664764072217,0.1896340246302682,
2025-08-20,rolling_hedge_traditional_120,120,120,0.16378023448278184,0.19639526440996202,0.21177167986904555,0.19903754078951466,0.2025505176530523,0.1902449972784255,
2025-08-21,rolling_hedge_traditional_120,120,120,0.16378023448278184,0.19615912601579594,0.21291537316518835,0.19937233210744654,0.20307989560258927,0.18847327310898002,
2025-08-22,rolling_hedge_traditional_120,120,120,0.16378023448278184,0.19566283050948136,0.21379301706309337,0.19950946475120854,0.2018366565734216,0.18919803110279507,
2025-08-25,rolling_hedge_traditional_120,120,120,0.16378023448278184,0.1953346204266251,0.21347216132417565,0.19979816790783878,0.2015008014556585,0.18989424888570197,
2025-08-26,rolling_hedge_traditional_120,120,120,0.16378023448278184,0.1951147274767604,0.21413104901612676,0.20005724766440966,0.19999359884140672,0.19070337700129647,
2025-08-27,rolling_hedge_traditional_120,120,120,0.16378023448278184,0.1955338092070498,0.21471547194286977,0.1990431872744364,0.19934806968499202,0.19135946189065203,
2025-08-28,rolling_hedge_traditional_120,120,120,0.16378023448278184,0.19531459340804433,0.21322076982729932,0.19949236773560047,0.20044528423056251,0.19152698479849334,
2025-08-29,rolling_hedge_traditional_120,120,120,0.16378023448278184,0.1948333759116256,0.21162819105750183,0.2003206429085112,0.2001214156353061,0.19309637448705513,
2025-09-01,rolling_hedge_traditional_120,120,120,0.16378023448278184,0.19494496970170888,0.21127124165825392,0.20010206583429668,0.1993504268202146,0.19433129598552576,
2025-09-02,rolling_hedge_traditional_120,120,120,0.16378023448278184,0.19446413037615726,0.21169018346036944,0.19896252839706033,0.20026699855756513,0.1946161592088478,
2025-09-03,rolling_hedge_traditional_120,120,120,0.16378023448278184,0.19470959600912555,0.21077399732130822,0.19973300623923734,0.20081138150487113,0.1939720189254578,
2025-09-04,rolling_hedge_traditional_120,120,120,0.16378023448278184,0.19554452618070403,0.21022128954604338,0.1998215013969956,0.20064790571986704,0.19376477715638993,
2025-09-05,rolling_hedge_traditional_120,120,120,0.16378023448278184,0.1954771606614303,0.2092168313688572,0.19973165542118718,0.19974615104016485,0.1958282015083604,
2025-09-08,rolling_hedge_traditional_120,120,120,0.16378023448278184,0.19478280089752617,0.2104998454088092,0.20048514440470858,0.19903794194607605,0.19519426734287998,
2025-09-09,rolling_hedge_traditional_120,120,120,0.16378023448278184,0.19501541286958876,0.2099787390810549,0.19867422375897795,0.19917497977775908,0.19715664451261936,
2025-09-10,rolling_hedge_traditional_120,120,120,0.16378023448278184,0.19442656517822854,0.2099161637445347,0.19909659608199456,0.19902852418328254,0.19753215081195966,
2025-09-11,rolling_hedge_traditional_120,120,120,0.16378023448278184,0.19405972141362918,0.20993035790215592,0.19962836215694507,0.19859174592530032,0.19778981260196957,
2025-09-12,rolling_hedge_traditional_120,120,120,0.16378023448278184,0.19417356966965632,0.20896466496123875,0.20009536753730253,0.19912952629020145,0.19763687154160106,
2025-09-15,rolling_hedge_traditional_120,120,120,0.16378023448278184,0.193493642544823,0.21123467190522818,0.19859115626837096,0.19984819251056254,0.19683233677101536,
2025-09-16,rolling_hedge_traditional_120,120,120,0.16378023448278184,0.19360852918118598,0.21107652390605836,0.19866145818060363,0.19909254816691688,0.19756094056523515,
2025-09-17,rolling_hedge_traditional_120,120,120,0.16378023448278184,0.19437133140338508,0.21061130768949815,0.19842489637963925,0.19857672699966086,0.1980157375278167,
2025-09-18,rolling_hedge_traditional_120,120,120,0.16378023448278184,0.19498196877402077,0.2107906528622683,0.19891512245434037,0.19801008322250674,0.1973021726868638,
2025-09-19,rolling_hedge_traditional_120,120,120,0.16378023448278184,0.19441110467478723,0.21062721747022667,0.2016476860602947,0.1976326342449579,0.19568135754973356,
2025-09-22,rolling_hedge_traditional_120,120,120,0.16378023448278184,0.19523103486378973,0.21246545722391802,0.19957285169190955,0.1978087778728987,0.194921878347484,
2025-09-23,rolling_hedge_traditional_120,120,120,0.16378023448278184,0.19515301308726085,0.21266001318117442,0.1989490493888475,0.19869460623135357,0.19454331811136366,
2025-09-24,rolling_hedge_traditional_120,120,120,0.16378023448278184,0.19515920871002818,0.21163735528209568,0.20016351411809694,0.19781064165549572,0.19522928023428357,
2025-09-25,rolling_hedge_traditional_120,120,120,0.16378023448278184,0.195314589503723,0.20911062360553817,0.2007717450609377,0.19771174463197358,0.19709129719782767,
2025-09-26,rolling_hedge_traditional_120,120,120,0.16378023448278184,0.19501859982864375,0.21172968539650214,0.19932770139236944,0.19868445901299756,0.19523955436948714,
2025-09-29,rolling_hedge_traditional_120,120,120,0.16378023448278184,0.19470872774668163,0.2117137071964825,0.19780040195350143,0.20084510221261165,0.1949320608907228,
2025-09-30,rolling_hedge_traditional_120,120,120,0.16378023448278184,0.19510607959443563,0.2110952863796634,0.19729122060905102,0.2008360346141282,0.1956713788027218,
2025-10-09,rolling_hedge_traditional_120,120,120,0.16378023448278184,0.19444098110405886,0.21057068360628847,0.19833163676941545,0.20143780215507348,0.19521889636516368,
2025-10-10,rolling_hedge_traditional_120,120,120,0.16378023448278184,0.19461302265445865,0.21278272129381615,0.19865270809778302,0.20095426862774887,0.19299727932619334,
2025-10-13,rolling_hedge_traditional_120,120,120,0.16378023448278184,0.19478274403582452,0.21205431351493956,0.19819571577197953,0.2019420606565178,0.1930251660207386,
2025-10-14,rolling_hedge_traditional_120,120,120,0.16378023448278184,0.19503162511381575,0.21232064872869696,0.1975480905557289,0.20126913143891856,0.19383050416283984,
2025-10-15,rolling_hedge_traditional_120,120,120,0.16378023448278184,0.19441748430915068,0.2129428193037206,0.19636531482889039,0.20176234039167662,0.19451204116656173,
2025-10-16,rolling_hedge_traditional_120,120,120,0.16378023448278184,0.19501375506932325,0.21289693620036662,0.19795361224615407,0.20189666652605248,0.19223902995810346,
2025-10-17,rolling_hedge_traditional_120,120,120,0.16378023448278184,0.19459954361504897,0.21267470490755042,0.1988420292840461,0.2022919038479207,0.19159181834543385,
2025-10-20,rolling_hedge_traditional_120,120,120,0.16378023448278184,0.19412475882059554,0.21193029825230733,0.19868936173038115,0.20383336994091503,0.19142221125580092,
2025-10-21,rolling_hedge_traditional_120,120,120,0.16378023448278184,0.19369953517598426,0.21363927001133914,0.19837765780352667,0.2029039306266719,0.19137960638247795,
2025-10-22,rolling_hedge_traditional_120,120,120,0.16378023448278184,0.19355755309806633,0.21557207325390781,0.1972721010536327,0.20279107049112835,0.19080720210326482,
2025-10-23,rolling_hedge_traditional_120,120,120,0.16378023448278184,0.19418668015330018,0.21407914330012434,0.19833081356692392,0.20269220821013173,0.19071115476951983,
2025-10-24,rolling_hedge_traditional_120,120,120,0.16378023448278184,0.19407741736088918,0.21681927413694294,0.19730682935385913,0.2013436389605821,0.19045284018772668,
2025-10-27,rolling_hedge_traditional_120,120,120,0.16378023448278184,0.19441427635358569,0.21612526875980978,0.19789257294047913,0.20081127210307312,0.1907566098430523,
2025-10-28,rolling_hedge_traditional_120,120,120,0.16378023448278184,0.19487721340213213,0.21444158723390322,0.19852017927984092,0.20033739063768774,0.191823629446436,
2025-10-29,rolling_hedge_traditional_120,120,120,0.16378023448278184,0.19488627989381682,0.21304489779624414,0.1986041054469745,0.2005234058187982,0.19294131104416623,
2025-10-30,rolling_hedge_traditional_120,120,120,0.16378023448278184,0.1951824451316809,0.2121384743982677,0.19939333718599012,0.20096082464233078,0.19232491864173054,
2025-10-31,rolling_hedge_traditional_120,120,120,0.16378023448278184,0.19571642177278045,0.2129617124572258,0.19920429765613076,0.20062671665088336,0.19149085146297967,
2025-11-03,rolling_hedge_traditional_120,120,120,0.16378023448278184,0.19563067034088497,0.21183647620369894,0.19996211156556962,0.20073515763739969,0.19183558425244682,
2025-11-04,rolling_hedge_traditional_120,120,120,0.16378023448278184,0.195522243847896,0.2111770353722412,0.20105023813289316,0.20069451595885487,0.19155596668811467,
2025-11-05,rolling_hedge_traditional_120,120,120,0.16378023448278184,0.19590149105104876,0.2099444403839329,0.20067861975446663,0.2010920470550809,0.19238340175547075,
2025-11-06,rolling_hedge_traditional_120,120,120,0.16378023448278184,0.19598109085612578,0.21162498712809472,0.19984592704033943,0.2011916794487064,0.19135631552673366,
2025-11-07,rolling_hedge_traditional_120,120,120,0.16378023448278184,0.1957562821480136,0.21346369637641832,0.1984900015880604,0.20119346638036603,0.19109655350714175,
2025-11-10,rolling_hedge_traditional_120,120,120,0.16378023448278184,0.19589464328512154,0.21290216524073283,0.1988411338556173,0.2013440347313683,0.1910180228871601,
2025-11-11,rolling_hedge_traditional_120,120,120,0.16378023448278184,0.1958723064572423,0.21136371116539054,0.19899737302888418,0.20021253158498423,0.1935540777634987,
2025-11-12,rolling_hedge_traditional_120,120,120,0.16378023448278184,0.19594648181732252,0.21220803975048336,0.19779620023058148,0.20025099197116147,0.19379828623045114,
2025-11-13,rolling_hedge_traditional_120,120,120,0.16378023448278184,0.19546002681928817,0.21346094797299564,0.19727829473117522,0.19823211983630892,0.19556861064023195,
2025-11-14,rolling_hedge_traditional_120,120,120,0.16378023448278184,0.19628263794410353,0.21168750136213085,0.19747736282300082,0.19968964954744223,0.19486284832332265,
2025-11-17,rolling_hedge_traditional_120,120,120,0.16378023448278184,0.19667117583503152,0.2122068198722704,0.19803681891136424,0.19875854546680888,0.19432663991452503,
2025-11-18,rolling_hedge_traditional_120,120,120,0.16378023448278184,0.19636451339858668,0.21300551095352468,0.1987803575639845,0.19910185972212657,0.19274775836177743,
2025-11-19,rolling_hedge_traditional_120,120,120,0.16378023448278184,0.19611425130598023,0.21388819351574953,0.19945596204260435,0.19827629943732242,0.19226529369834341,
2025-11-20,rolling_hedge_traditional_120,120,120,0.16378023448278184,0.19632770798052623,0.2139211338759418,0.20088215495966089,0.19807271416019123,0.19079628902367984,
2025-11-21,rolling_hedge_traditional_120,120,120,0.16378023448278184,0.19649493008722937,0.21411056156946573,0.20036107836696193,0.1978407364108688,0.1911926935654741,
2025-11-24,rolling_hedge_traditional_120,120,120,0.16378023448278184,0.1974065188618506,0.21505842171439227,0.19896591824419152,0.19808349061061759,0.190485650568948,
2025-11-25,rolling_hedge_traditional_120,120,120,0.16378023448278184,0.19708184933764225,0.21482355495695324,0.19918665841710315,0.19806242862927276,0.19084550865902855,
2025-11-26,rolling_hedge_traditional_120,120,120,0.16378023448278184,0.19699511857481516,0.21398657004370694,0.19939113286942675,0.19908507337565196,0.19054210513639913,
2025-11-27,rolling_hedge_traditional_120,120,120,0.16378023448278184,0.19714661845771603,0.21415396993393562,0.19759227521656406,0.20091146725104742,0.19019566914073688,
2025-11-28,rolling_hedge_traditional_120,120,120,0.16378023448278184,0.19773338500279122,0.21331490079536145,0.19720858442592687,0.20187808982568572,0.18986503995023477,
2025-12-01,rolling_hedge_traditional_120,120,120,0.16378023448278184,0.19773674037461783,0.2125138257280712,0.19756431330631746,0.20134816079953138,0.19083695979146206,
2025-12-02,rolling_hedge_traditional_120,120,120,0.16378023448278184,0.1971357800828505,0.21169496412426234,0.19956901501245575,0.20058076022953997,0.19101948055089155,
2025-12-03,rolling_hedge_traditional_120,120,120,0.16378023448278184,0.19743299732575245,0.2133284291146256,0.19867050757153445,0.19888425616721173,0.19168380982087577,
2025-12-04,rolling_hedge_traditional_120,120,120,0.16378023448278184,0.19787891243683167,0.21479514454531004,0.19795025513102688,0.19907189339727704,0.19030379448955428,
2025-12-05,rolling_hedge_traditional_120,120,120,0.16378023448278184,0.19783017867323785,0.2147442284782899,0.1971792556840104,0.19914370165163126,0.19110263551283063,
2025-12-08,rolling_hedge_traditional_120,120,120,0.16378023448278184,0.19868387110055566,0.21554385403823806,0.19674645790159206,0.20006990305620365,0.18895591390341063,
2025-12-09,rolling_hedge_traditional_120,120,120,0.16378023448278184,0.19943940532163795,0.21487790991237596,0.19716988539870706,0.19983850842555873,0.1886742909417203,
2025-12-10,rolling_hedge_traditional_120,120,120,0.16378023448278184,0.19882791431972097,0.21552561417109053,0.19785757808225674,0.19936353971475926,0.18842535371217253,
2025-12-11,rolling_hedge_traditional_120,120,120,0.16378023448278184,0.19800798281502735,0.2156141906400485,0.1989408780560495,0.19840853982353066,0.18902840866534407,
2025-12-12,rolling_hedge_traditional_120,120,120,0.16378023448278184,0.19707009026659353,0.21601328081115992,0.19963736209222266,0.19889362329132287,0.18838564353870105,
2025-12-15,rolling_hedge_traditional_120,120,120,0.16378023448278184,0.19730648590536937,0.2154147734349098,0.20056790828668847,0.19931464890975023,0.18739618346328216,
2025-12-16,rolling_hedge_traditional_120,120,120,0.16378023448278184,0.19651147200026667,0.21706557613475433,0.19858633187673622,0.20106334385003244,0.1867732761382105,
2025-12-17,rolling_hedge_traditional_120,120,120,0.16378023448278184,0.19638950624569967,0.21808278813462714,0.19832637293289082,0.20049338683224208,0.18670794585454026,
2025-12-18,rolling_hedge_traditional_120,120,120,0.16378023448278184,0.19660696539215575,0.21690967031757827,0.19762058590111112,0.2013285370252313,0.18753424136392355,
2025-12-19,rolling_hedge_traditional_120,120,120,0.16378023448278184,0.19663228252830123,0.21732690614635924,0.19686344066663458,0.20126582129668413,0.1879115493620208,
2025-12-22,rolling_hedge_traditional_120,120,120,0.16378023448278184,0.19713666595281026,0.21600145414711008,0.19609310495696672,0.20250465792763664,0.18826411701547627,
2025-12-23,rolling_hedge_traditional_120,120,120,0.16378023448278184,0.19709275550887942,0.2145999263950502,0.19830480877545875,0.20202168630391307,0.18798082301669844,
2025-12-24,rolling_hedge_traditional_120,120,120,0.16378023448278184,0.19752873456119743,0.21520507059301364,0.19762308374461002,0.20228318522078587,0.18735992588039302,
2025-12-25,rolling_hedge_traditional_120,120,120,0.16378023448278184,0.19746627946445405,0.21489412769630675,0.19727094791375854,0.20301801522074844,0.1873506297047322,
2025-12-26,rolling_hedge_traditional_120,120,120,0.16378023448278184,0.19693380991926202,0.21331673293237824,0.19813374155649285,0.20418356294436726,0.1874321526474997,
2025-12-29,rolling_hedge_traditional_120,120,120,0.16378023448278184,0.19717718789105393,0.21138851830709693,0.19837306194151932,0.2048724180239211,0.18818881383640873,
2025-12-30,rolling_hedge_traditional_120,120,120,0.16378023448278184,0.19735953968522954,0.21083457762335678,0.19803700889073508,0.20644618204694398,0.18732269175373464,
2025-12-31,rolling_hedge_traditional_120,120,120,0.16378023448278184,0.19877697841990066,0.2096735762282871,0.19716245358943113,0.20808397838986598,0.18630301337251504,
2026-01-05,rolling_hedge_traditional_120,120,120,0.16378023448278184,0.19861174835129392,0.2083280119609882,0.1986048025261143,0.20788148640420445,0.18657395075739924,
2026-01-06,rolling_hedge_traditional_120,120,120,0.16378023448278184,0.19814606543855634,0.21130597673918822,0.19836508623460247,0.20574840679563558,0.18643446479201736,
2026-01-07,rolling_hedge_traditional_120,120,120,0.16378023448278184,0.19906610104570444,0.21058458781595843,0.19916545374198324,0.20571432864598108,0.18546952875037276,
2026-01-08,rolling_hedge_traditional_120,120,120,0.16378023448278184,0.19904998223290699,0.20946917398068743,0.19949502673737163,0.20526031170463432,0.1867255053443996,
2026-01-09,rolling_hedge_traditional_120,120,120,0.16378023448278184,0.19847642838513008,0.20875943956631374,0.19990088093095637,0.20471245064265586,0.18815080047494387,
2026-01-12,rolling_hedge_traditional_120,120,120,0.16378023448278184,0.19834659484490186,0.2082540974547699,0.2003043361868267,0.2054919201318786,0.18760305138162295,
2026-01-13,rolling_hedge_traditional_120,120,120,0.16378023448278184,0.1984812257443977,0.20907676989698265,0.1978369706103386,0.205721447189887,0.1888835865583941,
2026-01-14,rolling_hedge_traditional_120,120,120,0.16378023448278184,0.19921373055667635,0.20677108796448582,0.1972009942951388,0.20776480391507157,0.18904938326862755,
2026-01-15,rolling_hedge_traditional_120,120,120,0.16378023448278184,0.1993054097130625,0.20648659360815302,0.1998497864644388,0.20692166517689675,0.18743654503744894,
2026-01-16,rolling_hedge_traditional_120,120,120,0.16378023448278184,0.19949073643122026,0.2045448667009586,0.20071334181026407,0.20765863263174275,0.18759242242581436,
2026-01-19,rolling_hedge_traditional_120,120,120,0.16378023448278184,0.19963351749196923,0.20295138646091435,0.20140530177185068,0.20795661967781393,0.1880531745974519,
2026-01-20,rolling_hedge_traditional_120,120,120,0.16378023448278184,0.19964807495856057,0.20240704856833436,0.2006811965600336,0.20887911493649927,0.18838456497657213,
2026-01-21,rolling_hedge_traditional_120,120,120,0.16378023448278184,0.20014095470253676,0.20135132945869302,0.2019691143052475,0.20935382377815434,0.1871847777553683,
2026-01-22,rolling_hedge_traditional_120,120,120,0.16378023448278184,0.20012706953780013,0.20293723976166136,0.20163744204195336,0.2095942276151286,0.1857040210434566,
2026-01-23,rolling_hedge_traditional_120,120,120,0.16378023448278184,0.19982819275572128,0.2025968676171603,0.20080258179621321,0.2107070145881427,0.18606534324276255,
2026-01-26,rolling_hedge_traditional_120,120,120,0.16378023448278184,0.20019183503896593,0.20253138531153805,0.20092528054540476,0.210698098863414,0.18565340024067728,
2026-01-27,rolling_hedge_traditional_120,120,120,0.16378023448278184,0.19992472231770728,0.20243298967964962,0.20223085444934605,0.20922949521435522,0.18618193833894173,
2026-01-28,rolling_hedge_traditional_120,120,120,0.16378023448278184,0.19963290821549268,0.20329205797723454,0.20200826235256752,0.20840072939731458,0.18666604205739068,
2026-01-29,rolling_hedge_traditional_120,120,120,0.16378023448278184,0.1982697470092277,0.20390593523283396,0.20069336661554638,0.20922922734109758,0.1879017238012944,
2026-01-30,rolling_hedge_traditional_120,120,120,0.16378023448278184,0.19845910056025298,0.20305717928168318,0.2004958250271461,0.21039913351653736,0.18758876161438046,
2026-02-02,rolling_hedge_traditional_120,120,120,0.16378023448278184,0.19835350693534842,0.20254423110976943,0.2019555231045176,0.2102874242246893,0.18685931462567518,
2026-02-03,rolling_hedge_traditional_120,120,120,0.16378023448278184,0.1993326344374961,0.20179977518243947,0.20092326972167462,0.21105698417601362,0.18688733648237615,
2026-02-04,rolling_hedge_traditional_120,120,120,0.16378023448278184,0.19938031411878918,0.20027600440265853,0.20111067127108814,0.21053178390784008,0.18870122629962405,
2026-02-05,rolling_hedge_traditional_120,120,120,0.16378023448278184,0.19944215643796268,0.200021450199967,0.20248291353603598,0.2097577195326812,0.1882957602933531,
2026-02-06,rolling_hedge_traditional_120,120,120,0.16378023448278184,0.20041076080807785,0.19953757869434713,0.20216831754439651,0.2098434100161161,0.18803993293706242,
2026-02-09,rolling_hedge_traditional_120,120,120,0.16378023448278184,0.20058115213461986,0.19928089599241117,0.2010059444864404,0.20925704895143604,0.18987495843509256,
2026-02-10,rolling_hedge_traditional_120,120,120,0.16378023448278184,0.20027482300657354,0.1997504381229271,0.19984296443259536,0.2092245712617062,0.19090720317619783,
2026-02-11,rolling_hedge_traditional_120,120,120,0.16378023448278184,0.20019431763581633,0.19946012043733286,0.20026647173478393,0.20832490220952354,0.1917541879825433,
2026-02-12,rolling_hedge_traditional_120,120,120,0.16378023448278184,0.2002170637646864,0.1997830164399731,0.19981366368385486,0.2084513562483803,0.19173489986310543,
2026-02-13,rolling_hedge_traditional_120,120,120,0.16378023448278184,0.1995706743442151,0.19970952627722566,0.19918765495059315,0.2086397868186435,0.19289235760932255,
2026-02-24,rolling_hedge_traditional_120,120,120,0.16378023448278184,0.20068152365487837,0.2010839015305978,0.19777898071392297,0.2085820644714579,0.191873529629143,
2026-02-25,rolling_hedge_traditional_120,120,120,0.16378023448278184,0.2005955262451566,0.19953258187318842,0.1984977902846351,0.20841571938297912,0.19295838221404074,
2026-02-26,rolling_hedge_traditional_120,120,120,0.16378023448278184,0.20102648340146795,0.19909853559431018,0.1978228638422774,0.20843102968962302,0.19362108747232143,
2026-02-27,rolling_hedge_traditional_120,120,120,0.16378023448278184,0.20132101092653487,0.19890522094097463,0.19714823832281356,0.20988545978430564,0.19274007002537122,
2026-03-02,rolling_hedge_traditional_120,120,120,0.16378023448278184,0.2008914471820668,0.19836522898460726,0.19750374825991668,0.2102968756309676,0.19294269994244156,
2026-03-03,rolling_hedge_traditional_120,120,120,0.16378023448278184,0.2001382657596025,0.1979237414532241,0.19781946484544005,0.21037098849948485,0.19374753944224857,
2026-03-04,rolling_hedge_traditional_120,120,120,0.16378023448278184,0.19997595745297858,0.1972332958252803,0.1978067721797107,0.21032759060608286,0.19465638393594756,
2026-03-05,rolling_hedge_traditional_120,120,120,0.16378023448278184,0.20079408568793425,0.1975348387442634,0.19797714365949384,0.2091726071484513,0.1945213247598573,
2026-03-06,rolling_hedge_traditional_120,120,120,0.16378023448278184,0.20036226380618694,0.19826009860110236,0.19964964918677555,0.20794994554265941,0.1937780428632757,
2026-03-09,rolling_hedge_traditional_120,120,120,0.16378023448278184,0.20091954438283693,0.19779965962153984,0.2011290328852246,0.20681642344449327,0.19333533966590535,
2026-03-10,rolling_hedge_traditional_120,120,120,0.16378023448278184,0.20033888677600595,0.19865635080292088,0.2014011889986061,0.20601541112064117,0.19358816230182593,
2026-03-11,rolling_hedge_traditional_120,120,120,0.16378023448278184,0.19982240250801142,0.1978622491411465,0.20127214902864476,0.2069319754310377,0.1941112238911596,
2026-03-12,rolling_hedge_traditional_120,120,120,0.16378023448278184,0.20030605988266562,0.19821053220348994,0.20158630049192391,0.207219734779264,0.19267737264265644,
2026-03-13,rolling_hedge_traditional_120,120,120,0.16378023448278184,0.2007138751142294,0.19839353871424184,0.2000562258379684,0.2064980920636595,0.194338268269901,
2026-03-16,rolling_hedge_traditional_120,120,120,0.16378023448278184,0.2002910321191744,0.19982173328835276,0.2012259703941048,0.20573025169870876,0.19293101249965924,
2026-03-17,rolling_hedge_traditional_120,120,120,0.16378023448278184,0.20144529516907467,0.19980741388260517,0.20131351251515528,0.20495111549390765,0.1924826629392573,
2026-03-18,rolling_hedge_traditional_120,120,120,0.16378023448278184,0.200935594996217,0.1997516304527315,0.19953699715434203,0.2055669349716443,0.1942088424250651,
2026-03-19,rolling_hedge_traditional_120,120,120,0.16378023448278184,0.20095804893181082,0.2017560441929242,0.19883369558062977,0.20573029404254897,0.19272191725208615,
2026-03-20,rolling_hedge_traditional_120,120,120,0.16378023448278184,0.20168459226201804,0.20013171475896765,0.20027950917037,0.2044348852999383,0.1934692985087059,
2026-03-23,rolling_hedge_traditional_120,120,120,0.16378023448278184,0.20198631837012054,0.19946563075378196,0.20088923942146417,0.2046660050361203,0.1929928064185131,
2026-03-24,rolling_hedge_traditional_120,120,120,0.16378023448278184,0.20126701228323457,0.19920209561569718,0.20020147281891973,0.20488539267379208,0.19444402660835639,
2026-03-25,rolling_hedge_traditional_120,120,120,0.16378023448278184,0.20089361501713227,0.20003565209987542,0.19971537804514258,0.20512460534151478,0.1942307494963349,
2026-03-26,rolling_hedge_traditional_120,120,120,0.16378023448278184,0.2012450230457288,0.19938308374688105,0.19959306218939743,0.2046801385365426,0.1950986924814502,
2026-03-27,rolling_hedge_traditional_120,120,120,0.16378023448278184,0.20160848544741297,0.19950051568004057,0.19948832511215506,0.20382891558524363,0.19557375817514783,
2026-03-30,rolling_hedge_traditional_120,120,120,0.16378023448278184,0.20083343139092166,0.19903360889831942,0.19917726771828015,0.20443284251940486,0.19652284947307394,
2026-03-31,rolling_hedge_traditional_120,120,120,0.16378023448278184,0.20092705777359451,0.19923934233572707,0.1989097821665442,0.20463537249905484,0.1962884452250795,
2026-04-01,rolling_hedge_traditional_120,120,120,0.16378023448278184,0.20119421059933537,0.20005417475298629,0.19894045876902366,0.20479656341503263,0.19501459246362202,
2026-04-02,rolling_hedge_traditional_120,120,120,0.16378023448278184,0.20066769678654092,0.2002627040285018,0.20005755358505364,0.20427974176720165,0.19473230383270196,
2026-04-03,rolling_hedge_traditional_120,120,120,0.16378023448278184,0.20130759242317128,0.19888800713286095,0.20007256595680456,0.20334685291260934,0.1963849815745538,
2026-04-07,rolling_hedge_traditional_120,120,120,0.16378023448278184,0.201901226260675,0.19848991711114414,0.20012616877995712,0.2038580530020054,0.1956246348462183,
2026-04-08,rolling_hedge_traditional_120,120,120,0.16378023448278184,0.20185375730320038,0.19957877128740487,0.19998999109435547,0.20351318785366465,0.19506429246137463,
2026-04-09,rolling_hedge_traditional_120,120,120,0.16378023448278184,0.20145140840383383,0.19921315850388374,0.1999114044687938,0.2028300630169225,0.19659396560656608,
2026-04-10,rolling_hedge_traditional_120,120,120,0.16378023448278184,0.20098174228863488,0.20017374567867474,0.19981119577344775,0.20178794625856517,0.19724537000067757,
2026-04-13,rolling_hedge_traditional_120,120,120,0.16378023448278184,0.20100102079462637,0.19959349994058645,0.20153741863935987,0.20102114817119704,0.1968469124542302,
2026-04-14,rolling_hedge_traditional_120,120,120,0.16378023448278184,0.20086496456656414,0.1987173350819627,0.2030468618883258,0.20194479198534937,0.19542604647779796,
2026-04-15,rolling_hedge_traditional_120,120,120,0.16378023448278184,0.20014081155621455,0.1977040635769306,0.2027072836992173,0.2029156325227972,0.19653220864484025,
2026-04-16,rolling_hedge_traditional_120,120,120,0.16378023448278184,0.20028238727568518,0.1978226536811469,0.2038725656504597,0.20125962290842128,0.19676277048428692,
2026-04-17,rolling_hedge_traditional_120,120,120,0.16378023448278184,0.20051033455160125,0.19853059817615043,0.20420982060706563,0.2006810747412093,0.19606817192397347,
2026-04-20,rolling_hedge_traditional_120,120,120,0.16378023448278184,0.20141205138015272,0.19739171357729854,0.20392978086299765,0.20090575212205886,0.19636070205749226,
2026-04-21,rolling_hedge_traditional_120,120,120,0.16378023448278184,0.2013632774694846,0.19674087295031456,0.2047963388479742,0.20210983012793066,0.19498968060429603,
2026-04-22,rolling_hedge_traditional_120,120,120,0.16378023448278184,0.20104178709883738,0.1969337201583725,0.20658405093776142,0.20127803100662822,0.19416241079840058,
2026-04-23,rolling_hedge_traditional_120,120,120,0.16378023448278184,0.20195427039028438,0.19532750857598102,0.2063989309372379,0.20167613022419115,0.19464315987230557,
2026-04-24,rolling_hedge_traditional_120,120,120,0.16378023448278184,0.20223055543777557,0.1966969636833781,0.20514237970088614,0.20248877600437085,0.19344132517358928,
2026-04-27,rolling_hedge_traditional_120,120,120,0.16378023448278184,0.202231046694703,0.19878979388643928,0.20432086774748254,0.20278979022087784,0.19186850145049733,
2026-04-28,rolling_hedge_traditional_120,120,120,0.16378023448278184,0.20273496694157442,0.19827784548292038,0.20402131274991805,0.2034506841555072,0.19151519067007994,
2026-04-29,rolling_hedge_traditional_120,120,120,0.16378023448278184,0.20304248112746712,0.1995027168237712,0.20325397284866753,0.20340239537409197,0.19079843382600215,
2026-04-30,rolling_hedge_traditional_120,120,120,0.16378023448278184,0.20294748087393422,0.1992328243991459,0.20446297578681707,0.20250157039589028,0.19085514854421254,
2026-05-06,rolling_hedge_traditional_120,120,120,0.16378023448278184,0.20294197780543935,0.2001614195466179,0.2055848535285154,0.20174984786222477,0.1895619012572025,
2026-05-07,rolling_hedge_traditional_120,120,120,0.16378023448278184,0.20321328693049892,0.20147639582257354,0.20363986471908105,0.20060713333576266,0.19106331919208375,
2026-05-08,rolling_hedge_traditional_120,120,120,0.16378023448278184,0.20278474031380597,0.20379397386210057,0.2022989206624288,0.20054877893669076,0.1905735862249739,
2026-05-11,rolling_hedge_traditional_120,120,120,0.16378023448278184,0.20276018319350997,0.2016013494498777,0.2034280481207861,0.19970096025949668,0.19250945897632957,
2026-05-12,rolling_hedge_traditional_120,120,120,0.16378023448278184,0.20305803829737806,0.20006291690947,0.20356793670974554,0.19942924616818694,0.19388186191521933,
2026-05-13,rolling_hedge_traditional_120,120,120,0.16378023448278184,0.20303815592447463,0.20053124026479513,0.20386837682519993,0.1990909730958725,0.19347125388965777,
2026-05-14,rolling_hedge_traditional_120,120,120,0.16378023448278184,0.20265337051170082,0.20261527221582284,0.20314164059867632,0.19999007829753257,0.1915996383762675,
2026-05-15,rolling_hedge_traditional_120,120,120,0.16378023448278184,0.2031279561519437,0.20058021131392179,0.2050220147511758,0.1992027733530444,0.19206704442991435,
2026-05-18,rolling_hedge_traditional_120,120,120,0.16378023448278184,0.20351115846412518,0.19711045819034775,0.2060051939778792,0.20088133256841675,0.19249185679923111,
2026-05-19,rolling_hedge_traditional_120,120,120,0.16378023448278184,0.20318159490615711,0.19596647019336025,0.20623603447383246,0.2002795844995847,0.1943363159270655,
2026-05-20,rolling_hedge_traditional_120,120,120,0.16378023448278184,0.20324217791520244,0.19716711843722684,0.20595530585357846,0.19998948634672256,0.19364591144726967,
2026-05-21,rolling_hedge_traditional_120,120,120,0.16378023448278184,0.2037743801277348,0.19500515321485432,0.20610719419534174,0.19879751147857308,0.19631576098349604,
2026-05-22,rolling_hedge_traditional_120,120,120,0.16378023448278184,0.20376980991396446,0.19292496964441258,0.20665359674671258,0.19953975642929914,0.19711186726561128,
2026-05-25,rolling_hedge_traditional_120,120,120,0.16378023448278184,0.20402964477975707,0.19426776259587195,0.20472241134177885,0.19859845887142674,0.19838172241116547,
2026-05-26,rolling_hedge_traditional_120,120,120,0.16378023448278184,0.20383149707343037,0.1946891600035204,0.2040612466725902,0.19783180461082153,0.19958629163963754,
2026-05-27,rolling_hedge_traditional_120,120,120,0.16378023448278184,0.20273636509740367,0.1928487563921109,0.20642717499933277,0.1982225822215636,0.19976512128958906,
2026-05-28,rolling_hedge_traditional_120,120,120,0.16378023448278184,0.20286857060631225,0.19217309416272665,0.20731056964865716,0.19822433461820768,0.1994234309640963,
2026-05-29,rolling_hedge_traditional_120,120,120,0.16378023448278184,0.20311144712798487,0.19416884872390533,0.2071879781060866,0.19715666118307848,0.19837506485894485,
2026-06-01,rolling_hedge_traditional_120,120,120,0.16378023448278184,0.203309878186869,0.192213727932763,0.20837887030276897,0.1979041932780745,0.19819333029952446,
2026-06-02,rolling_hedge_traditional_120,120,120,0.16378023448278184,0.2026909403628792,0.192280569184141,0.20993928913327092,0.19722275818342175,0.19786644313628712,
2026-06-03,rolling_hedge_traditional_120,120,120,0.16378023448278184,0.2023981709479115,0.19423612024101236,0.20879186786060078,0.1957681714732646,0.19880566947721065,
2026-06-04,rolling_hedge_traditional_120,120,120,0.16378023448278184,0.20247982699391873,0.19639113937854155,0.2075471213796286,0.19723633365333396,0.19634557859457707,
2026-06-05,rolling_hedge_traditional_120,120,120,0.16378023448278184,0.20267745465845508,0.19447767252891318,0.20856132419502996,0.19911707216548655,0.1951664764521153,
2026-06-08,rolling_hedge_traditional_120,120,120,0.16378023448278184,0.2023821943529902,0.19097681751001838,0.21027794836861807,0.2002178615400612,0.19614517822831223,
2026-06-09,rolling_hedge_traditional_120,120,120,0.16378023448278184,0.2024046022186246,0.19114429605540073,0.2110991853982708,0.2005449411460965,0.19480697518160722,
2026-06-10,rolling_hedge_traditional_120,120,120,0.16378023448278184,0.20229918711308714,0.190881120506962,0.2124133050020157,0.19865549421286613,0.19575089316506902,
2026-06-11,rolling_hedge_traditional_120,120,120,0.16378023448278184,0.20220057074826675,0.19199488396649647,0.21153315408341086,0.1990679752621138,0.19520341593971208,
2026-06-12,rolling_hedge_traditional_120,120,120,0.16378023448278184,0.20179546103183738,0.19177059186749526,0.21113253655508035,0.19890529035986032,0.1963961201857266,
2026-06-15,rolling_hedge_traditional_120,120,120,0.16378023448278184,0.20259119881650497,0.1910693586036193,0.21174084732622728,0.19951981431170457,0.19507878094194395,
2026-06-16,rolling_hedge_traditional_120,120,120,0.16378023448278184,0.2034935652728242,0.19022597333822128,0.2124485121453282,0.19977610230652085,0.19405584693710545,
2026-06-17,rolling_hedge_traditional_120,120,120,0.16378023448278184,0.20306468000285752,0.19107099295514804,0.20954535192226711,0.2004973882842517,0.19582158683547565,
2026-06-18,rolling_hedge_traditional_120,120,120,0.16378023448278184,0.20358872124179847,0.19004029605457112,0.21078626403572456,0.19971947244704696,0.19586524622085882,
2026-06-22,rolling_hedge_traditional_120,120,120,0.16378023448278184,0.20333310948538866,0.18794953291533945,0.21163818988152927,0.2006629227406444,0.19641624497709806,
2026-06-23,rolling_hedge_traditional_120,120,120,0.16378023448278184,0.20323513781618704,0.18828191588542126,0.2122331622727564,0.19993561801917903,0.19631416600645618,
2026-06-24,rolling_hedge_traditional_120,120,120,0.16378023448278184,0.20291965787875155,0.18875292087200848,0.21202997350472563,0.19914222723264624,0.19715522051186804,
2026-06-25,rolling_hedge_traditional_120,120,120,0.16378023448278184,0.20314250661459612,0.18861419583800615,0.21346407034113693,0.19744805339192073,0.19733117381434018,
2026-06-26,rolling_hedge_traditional_120,120,120,0.16378023448278184,0.20371027623550744,0.18857366683508933,0.213386746442951,0.19766697118724758,0.19666233929920462,
2026-06-29,rolling_hedge_traditional_120,120,120,0.16378023448278184,0.2030238488632909,0.1887069811891498,0.21417845166405222,0.19761439000266973,0.19647632828083747,
2026-06-30,rolling_hedge_traditional_120,120,120,0.16378023448278184,0.20328753982095363,0.18907195453648026,0.21515760032107564,0.19692544889567393,0.19555745642581654,
2026-07-01,rolling_hedge_traditional_120,120,120,0.16378023448278184,0.20312881656357354,0.18856818855513321,0.21593505936075202,0.19496448405049885,0.19740345147004237,
2026-07-02,rolling_hedge_traditional_120,120,120,0.16378023448278184,0.20334045077362545,0.18843828170091978,0.21587961239447917,0.1956234220831028,0.19671823304787275,
2026-07-03,rolling_hedge_traditional_120,120,120,0.16378023448278184,0.20347809471150233,0.18916965524392054,0.2153645047797931,0.19542853902549018,0.19655920623929368,
2026-07-06,rolling_hedge_traditional_120,120,120,0.16378023448278184,0.2030658099915086,0.18930872735733495,0.2161717399369385,0.19393793624029,0.1975157864739279,
2026-07-07,rolling_hedge_traditional_120,120,120,0.16378023448278184,0.2034841755902635,0.18930350889541475,0.21522075103716798,0.193909720588799,0.19808184388835479,
2026-07-08,rolling_hedge_traditional_120,120,120,0.16378023448278184,0.20372511837737026,0.18857642819447096,0.2145422743641716,0.19522523474584894,0.1979309443181383,
2026-07-09,rolling_hedge_traditional_120,120,120,0.16378023448278184,0.20325366972319212,0.18861689149037064,0.21496275677965854,0.1962090100459213,0.1969576719608575,
2026-07-10,rolling_hedge_traditional_120,120,120,0.16378023448278184,0.2036476349684243,0.18917677344827602,0.21545116469985767,0.19613771594750717,0.19558671093593483,
2026-07-13,rolling_hedge_traditional_120,120,120,0.16378023448278184,0.20429760078436923,0.18993202342645749,0.2138257334458747,0.1955929197140902,0.19635172262920844,
2026-07-14,rolling_hedge_traditional_120,120,120,0.16378023448278184,0.20411029086534796,0.1912897402783281,0.21307328177946552,0.19499054226406637,0.19653614481279197,
2026-07-15,rolling_hedge_traditional_120,120,120,0.16378023448278184,0.20374297908085137,0.1917709118562822,0.2147054098374197,0.19512786099446172,0.19465283823098498,
2026-07-16,rolling_hedge_traditional_120,120,120,0.16378023448278184,0.20365838924510604,0.19213878004244525,0.21361692681473335,0.19423530478349157,0.1963505991142239,
2026-07-17,rolling_hedge_traditional_120,120,120,0.16378023448278184,0.20383422947647017,0.19149451740048615,0.21237043401585903,0.19488607669486255,0.19741474241232204,
2026-07-20,rolling_hedge_traditional_120,120,120,0.16378023448278184,0.20388892781807844,0.1914380030265065,0.21171062885354636,0.19497912247887084,0.19798331782299788,
2026-07-21,rolling_hedge_traditional_120,120,120,0.16378023448278184,0.20382339659616924,0.19207288690292,0.21095945494475996,0.19500568225534817,0.1981385793008027,
2026-07-22,rolling_hedge_traditional_120,120,120,0.16378023448278184,0.2039920755853846,0.19274822134436792,0.21093498936273114,0.19541593150182818,0.1969087822056883,
2026-07-23,rolling_hedge_traditional_120,120,120,0.16378023448278184,0.20321212461954088,0.19321492007297514,0.20995990458808353,0.19542749261073944,0.19818555810866098,
2026-07-24,rolling_hedge_traditional_120,120,120,0.16378023448278184,0.20356582491037636,0.19273001458692016,0.21170496975748546,0.1933525828879932,0.19864660785722477,
2026-07-27,rolling_hedge_traditional_120,120,120,0.16378023448278184,0.20356718990432549,0.19273888892473623,0.21293560799147365,0.19300387467264646,0.19775443850681815,
2026-07-28,rolling_hedge_traditional_120,120,120,0.16378023448278184,0.20345936304039794,0.19218234609063223,0.2132969567055944,0.19342371789670956,0.1976376162666659,
2026-07-29,rolling_hedge_traditional_120,120,120,0.16378023448278184,0.20402978861658577,0.1925676179719969,0.2128439451349559,0.19562159668784598,0.19493705158861555,
2026-07-30,rolling_hedge_traditional_120,120,120,0.16378023448278184,0.20412001754766343,0.19169919600866378,0.21367899471410876,0.19618930469449886,0.1943124870350651,
2026-07-31,rolling_hedge_traditional_120,120,120,0.16378023448278184,0.2045457058430715,0.1928539214392895,0.2137605752751407,0.1961021346764126,0.1927376627660857,
2026-08-03,rolling_hedge_traditional_120,120,120,0.16378023448278184,0.20495635059811587,0.19207086140312837,0.21399215360069668,0.19577639695459517,0.19320423744346388,
2026-08-04,rolling_hedge_traditional_120,120,120,0.16378023448278184,0.20494965390501244,0.19231430355229462,0.21297695194054353,0.19661528994600871,0.19314380065614065,
2026-08-05,rolling_hedge_traditional_120,120,120,0.16378023448278184,0.20450145400105277,0.19255726397605952,0.21350221120855828,0.19645143844408094,0.19298763237024846,
2026-08-06,rolling_hedge_traditional_120,120,120,0.16378023448278184,0.20403486401159487,0.19268328721135575,0.2141546717097853,0.19629282550993457,0.19283435155732945,
2026-08-07,rolling_hedge_traditional_120,120,120,0.16378023448278184,0.2043335543674929,0.19345774484046846,0.2134251843883527,0.19644786248404206,0.19233565391964388,
2026-08-10,rolling_hedge_traditional_120,120,120,0.16378023448278184,0.20424188028136891,0.19462865481602437,0.2136099132937016,0.19560427281554496,0.19191527879336012,
2026-08-11,rolling_hedge_traditional_120,120,120,0.16378023448278184,0.2041499867620108,0.19518133910189014,0.2142071838038073,0.19518053009812125,0.19128096023417052,
2026-08-12,rolling_hedge_traditional_120,120,120,0.16378023448278184,0.20454391393349428,0.1954314635082682,0.21413439978419016,0.19510185164915947,0.19078837112488792,
2026-08-13,rolling_hedge_traditional_120,120,120,0.16378023448278184,0.20435777406210126,0.19451137161781742,0.21401036695042103,0.19605801656343136,0.19106247080622898,
2026-08-14,rolling_hedge_traditional_120,120,120,0.16378023448278184,0.20395297629482392,0.19456745671093087,0.21371627537307292,0.1967602511581885,0.1910030404629838,
2026-08-17,rolling_hedge_traditional_120,120,120,0.16378023448278184,0.20440460490210735,0.19443352205737324,0.21332605175200683,0.19705055911601352,0.190785262172499,
